<interviewee>Al Drotow</interviewee><gender>unisex</gender>
<person>Mary Rothschild</person><person>Abraham Abe Drotovnic</person><person>Fania Klas</person><person>Tuwa Drotovnic</person><person>Bracha Koenig</person><person>BARBARA DOTROW</person><person>BARBARA DOTROW</person><person>Barbara Drotow</person><interviewee>Al Drotow</interviewee><gender>unisex</gender>
<person>BARBARA DOTROW</person><otherspeaker>UNIDENTIFIED SPEAKER: It's so meaningful, you know. Let me know when you are not working on a Friday at 11:30. OK? </otherspeaker><otherspeaker>UNIDENTIFIED SPEAKER: Yeah. </otherspeaker><otherspeaker>UNIDENTIFIED SPEAKER: Then I'll make this. If you're not working on a Friday at 11:30. Anytime that you don't work, give me a call. </otherspeaker><otherspeaker>CREW: October the 10, October the 29, '94 Drotow, Al, Rothschild, <person>Mary</person>, <enamex wordUID="WRD1529084896932f0FjckzzL9ryAu" long="-118.3705292" lat="34.09069061" type="location" gazref="GAZ15287622545880ycb" name="West Hollywood" conf="100.0">West Hollywood</enamex>, <enamex wordUID="WRD1529084899066r0dBCPchzdHXW1" long="-118.2453232" lat="34.05348969" type="location" gazref="GAZ15287622545880ycb" name="LA" conf="100.0">LA</enamex>, English. And <person>Peter</person> on the camera on the first take. </otherspeaker><question>INT: This is October 29, 1994. I'm interviewing <person>Al Drotow</person>. My name is <person>Mary Rothschild</person> for the Survivors of Shoah Foundation. Please tell us your name before the war, the date of your birth, the place of your birth, and a little bit about your family life before the war. </question><answer>AD: My name before the war was <person>Abraham Abe Drotovnic</person>. I had two sisters. And I was born in <enamex wordUID="WRD1529084908876x32PVg9ByLySCk" long="9.56629" lat="52.04389" type="location" gazref="GAZ1521655633923bLtI" name="Lithuania" conf="16.666666666666668">Lithuania</enamex>, the city of <enamex wordUID="WRD1529084917836h3hTiZtyfVoOgI" long="23.9" lat="54.9" type="location" gazref="GAZ1521672762038fpcL" name="Kaunas" conf="100.0">Kaunas</enamex> or <enamex wordUID="WRD1529084926217gqphxDrgUSiTEG" long="12.48287" lat="53.16118" type="location" gazref="GAZ15287622545880ycb" name="Kovno" conf="9.999999999999998">Kovno</enamex>. And-- </answer><question>INT: When were you born? </question><answer>AD: My mother had four brothers, four sisters. None of them survived. My father had a brother in <enamex wordUID="WRD1529084935111RFRttO20q9EGEG" long="12.48287" lat="53.16118" type="location" gazref="GAZ15287622545880ycb" name="Kovno" conf="9.999999999999998">Kovno</enamex>. And did not survive either. OK, now what else? </answer><question>INT: When was your birthday? </question><answer>AD: My birthday is December 16, 1925. </answer><question>INT: How was your family life before the war? </question><answer>AD: Average. We weren't rich. We weren't poor. My father was a chemist. Made more or less a decent living. And my mother was always a housewife. Both my sisters were in school. My older sister was in gymnasium. What else can I tell you? </answer><question>INT: Were you a close-knit family? </question><answer>AD: Yes. Yes. </answer><question>INT: How did you become aware that there was something wrong? </question><answer>AD: You're talking about the war? </answer><question>INT: Yes. </question><answer>AD: Well, 1941, when they-- we know about it before that something was going on. But 1941, when they attacked <enamex wordUID="WRD1529084942817lKilQLulFUVqEw" long="98.0" lat="60.0" type="location" gazref="GAZ15287622545880ycb" name="Russia" conf="100.0">Russia</enamex>, <enamex wordUID="WRD1529084949860EengHArqMZnyxI" long="9.56629" lat="52.04389" type="location" gazref="GAZ1521655633923bLtI" name="Lithuania" conf="16.666666666666668">Lithuania</enamex> got attacked first. We were occupied by the Russians since 1940. And in 1941, on June 22, we were attacked by, by the Nazis. And the ghetto was created in 1941 in around, it was June, July, in August, I believe. And I was about 15 years old. It was-- after a while it was almost starvation. There was no food of any kind. And I used to go out to the fence to bring some food to the house. I was shot several times on it. I was arrested twice. I was beaten almost to death. And I still survived, and I came back. The Gestapo was looking for me because I hit a German when I survived the second time. And I was hiding out. And until I went through three different roundups. Now, the first one, my father disappeared, my younger uncle with two children. The second one was in 1942, I believe, someplace around November or October, when there were about 15,000 people shot on the <enamex wordUID="WRD1529084959443Oexxbq7xWWv0EZ" long="0.0" lat="0.0" type="location" gazref="GAZ15287622545880ycb" name="Ninth Fort" conf="100.0">Ninth Fort</enamex>, what they call. And we survived that one. Later on, we were shipped out to <enamex wordUID="WRD1529084965878fbpZuR1LdngkhL" long="24.1" lat="56.95" type="location" gazref="GAZ1521672762038fpcL" name="Riga" conf="100.0">Riga</enamex>. That was in 1942, someplace in October or November, the end of year. We were three night-- four nights and three days in the, in the train. That wasn't a train for people. It was a train for cattle, cattle train. </answer><question>INT: Who was with you, Al? </question><answer>AD: My mother, my two sisters and some other people that they caught for work. Now, I have to make it clear that I was-- only the last camp, <enamex wordUID="WRD1529084976489n4xwxHAI2LWEPv" long="11.43402" lat="48.26" type="location" gazref="GAZ1521655633923bLtI" name="Dachau" conf="100.0">Dachau</enamex> was a concentration camp. The rest of the camps I worked was what they call in German Arbeitslager. Means working camps. <enamex wordUID="WRD1529084984651XJwKWNNynHuA22" long="24.1" lat="56.95" type="location" gazref="GAZ1521672762038fpcL" name="Riga" conf="100.0">Riga</enamex> was also a working camp. They fed us not too bad. We had enough potatoes and some beans. And you worked. And we were fed so we would survive. [INAUDIBLE] <person>Lagerfuhrer</person> said in those places, if you has people, they have to work, you have to feed them. Otherwise, a dead Jew is no good to anybody. And [SIGHS] and then we went to-- back to <enamex wordUID="WRD1529084992914m3TIvw6MhGmiRs" long="9.56629" lat="52.04389" type="location" gazref="GAZ1521655633923bLtI" name="Lithuania" conf="16.666666666666668">Lithuania</enamex>. We went to <enamex wordUID="WRD1529085000601KDVokJgdYddBj9" long="19.1691" lat="54.3268" type="location" gazref="GAZ1521672760295WsHt" name="Stutthof" conf="100.0">Stutthof</enamex>. We were there a couple weeks. From <enamex wordUID="WRD15290850102104qLub6xFLoPlcl" long="19.1691" lat="54.3268" type="location" gazref="GAZ1521672760295WsHt" name="Stutthof" conf="100.0">Stutthof</enamex>, to Panevezys, from Panevezys went to <enamex wordUID="WRD1529085020319HSUSWisdsGSUK2" long="11.43402" lat="48.26" type="location" gazref="GAZ1521655633923bLtI" name="Dachau" conf="100.0">Dachau</enamex>. And that was the worst. I almost did not survive. </answer><question>INT: How long were you in <enamex wordUID="WRD1529085029957xz4q7FrUHcexu3" long="11.43402" lat="48.26" type="location" gazref="GAZ1521655633923bLtI" name="Dachau" conf="100.0">Dachau</enamex>? </question><answer>AD: Let's see, 1944 and 1945, about a year. </answer><question>INT: Did you arrive there with any members of your family? </question><answer>AD: We got separated in <enamex wordUID="WRD1529085041684iCAVZ2DeCqV9xo" long="19.1691" lat="54.3268" type="location" gazref="GAZ1521672760295WsHt" name="Stutthof" conf="100.0">Stutthof</enamex>. </answer><question>INT: What happened to the rest of your family? </question><answer>AD: What happened to who? </answer><question>INT: To the rest of your family. </question><answer>AD: OK, what happened is my-- my mommy and my two sisters were in a camp in <enamex wordUID="WRD1529085051943jDlVbyIfwrMgRn" long="8.70134" lat="54.67661" type="location" gazref="GAZ1521655633923bLtI" name="Poland" conf="41.66666666666667">Poland</enamex>. I think it was also Arbeitslager, working camp. And they survived the war. And I didn't see them. I was liberated in 1945. Now when would [INAUDIBLE] in April or May-- April, 28. And I didn't know about them till about 1946, possible seven, eight months later, after the liberation. And somebody came from-- somebody that I knew saw my sisters and my mother in <enamex wordUID="WRD1529085061300Qjx6hNhUNgmYEV" long="10.44987" lat="54.03573" type="location" gazref="GAZ1521655633923bLtI" name="Berlin" conf="100.0">Berlin</enamex>. [BACKGROUND NOISE] And then they went to <enamex wordUID="WRD1529085068886VYNBiNwpMt1JP3" long="10.53333" lat="49.68333" type="location" gazref="GAZ1521655633923bLtI" name="Frankfurt" conf="100.0">Frankfurt</enamex> am Main, and I joined them later on. And we  stayed until 1948. And the went to <enamex wordUID="WRD1529085079889grGZl9yoU5mO7K" long="0.0" lat="0.0" type="location" gazref="GAZ1521672762038fpcL" name="Israel" conf="0.0">Israel</enamex> in 1948. And I decided to stay a little longer in <enamex wordUID="WRD15290850906050myR1Sep2JWFKy" long="0.0" lat="0.0" type="location" gazref="GAZ1521672762038fpcL" name="Germany" conf="50.0">Germany</enamex>. And then the papers were made out to go to <enamex wordUID="WRD15290850980997j06gTtkNaJkJO" long="0.0" lat="0.0" type="location" gazref="GAZ1521672762038fpcL" name="America" conf="0.0">America</enamex>. I decided to give it a try. It was 1949. </answer><question>INT: Can you describe your arrival in <enamex wordUID="WRD1529085108765JGppQx6gPatBuu" long="11.43402" lat="48.26" type="location" gazref="GAZ1521655633923bLtI" name="Dachau" conf="100.0">Dachau</enamex> and your life in <enamex wordUID="WRD1529085118455f4yMXjy2BIDFQu" long="11.43402" lat="48.26" type="location" gazref="GAZ1521655633923bLtI" name="Dachau" conf="100.0">Dachau</enamex>, please? </question><answer>AD: <enamex wordUID="WRD15290851266448ecBi1vD1Gozic" long="11.43402" lat="48.26" type="location" gazref="GAZ1521655633923bLtI" name="Dachau" conf="100.0">Dachau</enamex> was terrible. <enamex wordUID="WRD1529085134382QvIJnRB0fmDogA" long="11.43402" lat="48.26" type="location" gazref="GAZ1521655633923bLtI" name="Dachau" conf="100.0">Dachau</enamex> was starvation camps. They worked you. And they didn't give you to eat. And I went down to a weight that I almost couldn't work. I was saved by a-- by a man that-- what was his name? He was a-- he was a kapo. Somebody told him it's not, not important, that there is a <enamex wordUID="WRD1529085142602Dm4X82fX3YLRxs" long="12.48287" lat="53.16118" type="location" gazref="GAZ15287622545880ycb" name="Kovno" conf="9.999999999999998">Kovno</enamex> [YIDDISH]. What they say in Yiddish, a-- a young man from <enamex wordUID="WRD1529085150500hYXxEQMG0BY6Kp" long="12.48287" lat="53.16118" type="location" gazref="GAZ15287622545880ycb" name="Kovno" conf="9.999999999999998">Kovno</enamex> that is almost finished. And would he can do something. So he did. He transferred me to the [GERMAN]. If you know what it is, this is where they do mechanical work. Since I was an old pupil, and I knew how to operate machines, they put me at night. And that put me back on my feet so I could start walking again. But still things were worse later on in the end of 1945. I was down on the march. I was down to almost-- I was finished. Now the interesting story that I have to tell you, that I was saved by an old German. We were laying in the woods, and it was just about April 26, or 25, or whatever, just a couple of days before we were liberated. A motorcycle with a beiwagen-- you know what a beiwagen is? The one that has a thing on it. Two Germans had a machine gun on it. And he asked the old man, was about 80 years old, the old German was guarding us. And he asked him in German, [GERMAN]. You understand German? What has-- what kind of-- what kind of-- what do have-- what are you going to do with the people? And the old German said, I have [GERMAN]. It means, I have to bring him to Roll, which was the upper, I think, of <enamex wordUID="WRD1529085160575ME95ME6WHdpWwg" long="11.5" lat="49.0" type="location" gazref="GAZ1521655633923bLtI" name="Bavaria" conf="100.0">Bavaria</enamex>. And the two young Germans, SS people, said, no, [GERMAN]. You cannot do it any more. It's too [GERMAN]. It's too late. So the, the young German said, [GERMAN]. Give me-- get out of the way. I'll shoot them all. So the old German, 80-year-old, had an automatic. He said, [GERMAN]. What it means, I shoot first. So they went away. So we were saved by an old German. I was-- he would have shot everybody. There was about 300 people laying there. Most of them could hardly move. And this was about, I would say, 35 kilometers before <person>Wolfrathausen</person>. This is a little city in <enamex wordUID="WRD15290851683788O3PsKDorpYVyx" long="11.5" lat="49.0" type="location" gazref="GAZ1521655633923bLtI" name="Bavaria" conf="100.0">Bavaria</enamex>. OK, we were liberated. And I was in, in <enamex wordUID="WRD15290851768228zYJUCdzhkBWkT" long="13.03061" lat="49.09635" type="location" gazref="GAZ1521655633923bLtI" name="Wolfrathausen" conf="26.923076923076923">Wolfrathausen</enamex>. </answer><question>INT: Al, I'm going to stop you there. </question><answer>AD: Yeah. </answer><question>INT: You were in <enamex wordUID="WRD1529085184279DFv4x8aK3IyBB2" long="11.43402" lat="48.26" type="location" gazref="GAZ1521655633923bLtI" name="Dachau" conf="100.0">Dachau</enamex> for a year. Right? </question><answer>AD: Yeah. </answer><question>INT: Do you remember any specific incidents? Can you talk about miracles, times when you were saved? </question><answer>AD: They were-- they were hanging people for bringing in a few potatoes that they caught on them. They were beating people to death. Then there was the quarantine. There was a time where everybody had typhus, quarantine they call  it, I believe. Everybody had typhus. And there were 12,000 people at the camp. There was 150 that were able to-- to-- healthy, like I was. I never had no typhus. Never had no sicknesses. And they were beating people every day. And everybody that got sick, they put them in some kind of a wagon and they pulled them away. And was lager five. That went there, number five. They pulled them over there and they had a crematorium in there. And they burned them in there. Or they took them to <enamex wordUID="WRD1529085196133RedTgjeyasc4Gc" long="11.43402" lat="48.26" type="location" gazref="GAZ1521655633923bLtI" name="Dachau" conf="100.0">Dachau</enamex>. I don't know exactly. I wasn't sure. But lager five was-- [GERMAN] what they call it-- a lager that they had sick people in. They never survived in there. I survived a lot of things that weren't-- we were working, we were walking to work, starting about 5:00 in the morning and bringing us back 10:00, 11:00 at night. And there was a ditch. And there was water in it. And people were pushing. And I fell in that thing. It was in the winter time, in 1945. It was cold. It probably was 10 below zero or something like that. It was froze all up. And they took me back to the barrack. And I was all-- and in the morning I went to work, never got sick. Well, the end is that I survived, and then I went to this country. And I was <enamex wordUID="WRD15290852049327O81PtIonvqn4U" long="10.16602" lat="52.5013" type="location" gazref="GAZ1521655633923bLtI" name="New Jersey" conf="20.0">New Jersey</enamex>. I was in <enamex wordUID="WRD1529085212824zwZvmKVDf3rHZh" long="-0.15" lat="53.083333" type="location" gazref="GAZ1521655590814GtTt" name="New York" conf="100.0">New York</enamex>. And then I want to see my-- in 1940-- in 1954-- '55, I went to <enamex wordUID="WRD1529085218710nzEVRb5x6dqmVX" long="0.0" lat="0.0" type="location" gazref="GAZ1521672762038fpcL" name="Israel" conf="0.0">Israel</enamex>. </answer><question>INT: What happened after you came out of <enamex wordUID="WRD1529085227088xaVqfLD9ijP5Ce" long="11.43402" lat="48.26" type="location" gazref="GAZ1521655633923bLtI" name="Dachau" conf="100.0">Dachau</enamex>? </question><answer>AD: I was very sick, very sick. I was three months in the hospital. </answer><question>INT: Where? </question><answer>AD: In <enamex wordUID="WRD1529085236927iGaaqs1UklqodV" long="13.03061" lat="49.09635" type="location" gazref="GAZ1521655633923bLtI" name="Wolfrathausen" conf="26.923076923076923">Wolfrathausen</enamex>. </answer><question>INT: In <enamex wordUID="WRD1529085245834NBwLeYpJw8KaIM" long="0.0" lat="0.0" type="location" gazref="GAZ1521672762038fpcL" name="Germany" conf="50.0">Germany</enamex>. </question><answer>AD: I had diarrhea. And I could hardly walk. But I survived. Three months later I got-- first I got heavy. And then I went down to what I'm-- approximately what I am now. And I was very, very sick, stomach, and you name it. But-- but-- so, wife, do you want any more questions? I don't know. </answer><question>INT: What happened after you got out of the hospital? </question><answer>AD: I went to work for the Americans in the kitchen. And, like I said, I got-- I was eating a lot. I got very heavy and then went down to normal. And then, I find out about my-- my mother and my sister. They were in-- in <enamex wordUID="WRD1529085257504v7UbhtF0tzGp31" long="10.53333" lat="49.68333" type="location" gazref="GAZ1521655633923bLtI" name="Frankfurt" conf="100.0">Frankfurt</enamex> am Main. They were in a camp called Hoechst. And I went over there. And I remember traveling on the top of the roof on the trains because there was no room inside. I traveled all night. It was about 300 kilometers. And I stayed in <enamex wordUID="WRD1529085262672nfRRa6Igpnzyaf" long="10.53333" lat="49.68333" type="location" gazref="GAZ1521655633923bLtI" name="Frankfurt" conf="100.0">Frankfurt</enamex> am Main in Hoechst until 1949. My family left before me, 1948. 1949, I came over here. Came first to <enamex wordUID="WRD1529085270057rowxW6G65lumqa" long="-83.00274658" lat="39.96199036" type="location" gazref="GAZ15287622545880ycb" name="Columbus" conf="100.0">Columbus</enamex>, <enamex wordUID="WRD1529085278181e8o3wn9KvvQa6d" long="13.2066" lat="48.78471" type="location" gazref="GAZ1521655633923bLtI" name="Ohio" conf="25.0">Ohio</enamex>. I had a friend in <enamex wordUID="WRD1529085288359EBcBpULmsmIybO" long="-74.7333333" lat="40.2166666" type="location" gazref="GAZ15287622545880ycb" name="Trenton" conf="100.0">Trenton</enamex>, <enamex wordUID="WRD1529085294661K3R2Mt5ntCAepN" long="10.16602" lat="52.5013" type="location" gazref="GAZ1521655633923bLtI" name="New Jersey" conf="20.0">New Jersey</enamex>. And then, of course, I came over-- over here to <enamex wordUID="WRD1529085305211xUkn4e1Dk6ORSY" long="-118.24368" lat="34.05223" type="location" gazref="GAZ15287622545880ycb" name="Los Angeles" conf="100.0">Los Angeles</enamex>. That was 1952. Stayed here until 1955. And then I went to <enamex wordUID="WRD1529085315646dbVHYqn655LNki" long="0.0" lat="0.0" type="location" gazref="GAZ1521672762038fpcL" name="Israel" conf="0.0">Israel</enamex> to visit my, my mother and my-- my sisters. And this is how I met Bracha. This is her Hebrew name. We got married and that's it. And we came back here. </answer><question>INT: Do you have children? </question><answer>AD: Yeah, we have two sons, <person>Harry</person> and <person>Bobby</person>. </answer><question>INT: How-- what would you like your children to learn from you experiences in concentration camps? </question><answer>AD: Well, my son, he knows a lot more than I in many ways. And he knows from me a little bit, what I told him. We always told our children what happened to us and how we survived and all that. Some people don't ever tell anything to their children, but we did. And he knows almost everything. I told him how, and where, and how we survived. [SIGHS] What else can I tell you? </answer><question>INT: What would you like the world to know from your experiences? What have you learned? </question><answer>AD: That we should forgive but not forget, never forget. Never forget what happened. Like I was telling that young lady there before, there was a German across the street. He was 30 years old. He asked me if I hate him. I said no. How can I hate you for it? You weren't even there. You weren't born yet. How can you be responsible for people before you that you weren't even alive? You weren't-- you weren't there, so you couldn't have done no harm. So we should, we should forgive, but not forget, never forget what happened. We see what happening right now. There are some people that they never change, the same way. Like the Ukrainians, they never changed. That's what <person>Wiesenthal</person> said. [BACKGROUND NOISE] </answer><otherspeaker>CREW: It's still take one. Second take. </otherspeaker><answer>AD: OK, let's go back to 1941. </answer><question>INT: [INAUDIBLE] </question><answer>AD: --in <enamex wordUID="WRD15290853266116fakyO5PXLOgFG" long="23.9" lat="54.9" type="location" gazref="GAZ1521672762038fpcL" name="Kaunas" conf="100.0">Kaunas</enamex> ghetto. I came out to the fence to get some food. Came back at night with a package. And the guard was [INAUDIBLE]. He was shouting halt! Halt! Halt! And I didn't halt. Finally, I fell in a well. The hole down in there, I was hanging on for a long time. I don't know for how long. I couldn't get out because the bullets were coming all over. I guess it was, it was around midnight. And by the time it's quieted down and I could crawl out, it was morning. So that was quite an experience and it was very, very cold. OK, the second thing I'll tell you is not-- I didn't beat a German. I, I, I hit a German once when I, I told you that before, that when survived from the Gestapo. They were looking for me. But what happened was in <enamex wordUID="WRD1529085338679ty7xkhZ4lJqP7P" long="24.1" lat="56.95" type="location" gazref="GAZ1521672762038fpcL" name="Riga" conf="100.0">Riga</enamex>. And It was around 1943. There was a guy and he was Jewish. He was an actor. He was also a barber. He was privileged because he was cutting the hair of the Nazis, the Germans. And he was privileged. They kept him in the camp. And he had better, better things than other people, better food, better clothes. And my mother was coming up. The men were separated from the women. You were in a separate block what they call. And my mother was coming up. She was-- she wouldn't eat herself, leaving a little bit more for the children, because she says she doesn't have to eat so much. And we were young. So this guy was always bothering her. He was a man in his thirties, a young man. And I was about 16 or something. And once that got to me. And I beat him up real bad. And he was all swollen, his eyes and everything. </answer><question>INT: Why did you beat him up? </question><answer>AD: He bothered my mother. And the irony is that I thought they were going to beat me, or shoot me, or whatever. And the German called me in, and his name was Sumaher. He was a German. He was from the Wehrmacht, was a surgeon. He called me in. And he says, <person>Drotovnic</person>, what happened? Why did you beat, <person>Charles</person> was his name? [INAUDIBLE]. So I told him. Told him the true story. I said, this guy was beating my-- was bothering my mother. And he looked at me, and he said, for your mother, you should do everything. We're  German. Heil <person>Hitler</person>. So that's-- that's the whole story. I forgot about it. </answer><question>INT: OK, can we go forward in time to <enamex wordUID="WRD15290853464714BU3puemrqyP6Y" long="11.43402" lat="48.26" type="location" gazref="GAZ1521655633923bLtI" name="Dachau" conf="100.0">Dachau</enamex>? And can you describe if any day stands up in your mind? </question><answer>AD: [SIGHS] Well, I tell you, the hunger was so bad that people ate everything. And some people ate some stuff that weren't edible. And they got crazy from it. There were little things, they looked like blueberries. But they were red. And they ate that, and they got crazy from it. Some people-- you know, the fence was energized with power. Some people were so crazy, they went to the fence, and they got electrocuted. Like I told you before, some people got shot because they had a few potatoes in their pockets. I saw all kind of things. In the barracks, we were-- was made, there was a hole in the ground. And there was a little roof over the top that looked like-- oh, how can-- this way. So they make the kind of roof that the water will run off good. And we were, about, maybe 50 people in one of them things. And it was bad. It was very bad. People had lice. And then [INAUDIBLE] come. And they had people beaten to death right over there. And they couldn't, they couldn't go fast enough, run out fast enough. [SIGHS] Well, and I was trying to forget all this, you know. But I cannot. </answer><question>INT: Are there any incidents that stand up in your mind from the-- </question><answer>AD: Well, every day was just-- you know, they, they shoot people all the time. People trying to escape, people not-- people hiding out from the work, people not-- not getting up in time. Life had no meaning for the Nazis. No, just, absolutely none. </answer><question>INT: Were there any times when you could have died and a miracle saved you when you were in-- </question><answer>AD: I told you about the miracle. That was it. If that old German would be a bastard, he would-- he would have said, hey, go ahead and do it. But apparently they weren't all that bad. Among 80 million Germans, there must have been some people that didn't believe in <person>Hitler</person>'s theory. So he was one of them. And he was my-- our angel, my angel. And see why I'm, why I'm here today. [PAUSES FOR 7 SECONDS] </answer><otherspeaker>CREW: Take three. </otherspeaker><answer>AD: OK. Well, I've told you before, what one other thing. I already knew in 1942, that the war is lost for the Germans. I worked with Germans on the [GERMAN] was what they call. And there-- and they weren't all bastards. Some of them were-- they were civilians. They were not, not military people. And one German, <person>Albert</person>, told me-- he showed me the paper. They didn't tell everything in the paper. But he read between the lines. And <person>Stalingrad</person> was gone, and he was talking about <person>Paulus</person>, General <person>Paulus</person>. That the war, they cannot win any more. But it will take a long time. OK, the thing I'm did forget to say is I wanted to live to see the end, the end. I didn't care if after that I die. But the end, I wanted to see the end. And it happens, I saw the end. And I saw the Germans, that they were so-- they, they were so down after the war. They were suffering. They didn't have no food. And they were coming-- Germans were working for people that were Jews to clean up their houses to get a piece  of bread or to eat something. So that made me feel better, that I saw the end. That's it. </answer><question>INT: Al, was there any time when you were in <enamex wordUID="WRD1529085355598QGRFbCti78eJ8c" long="11.43402" lat="48.26" type="location" gazref="GAZ1521655633923bLtI" name="Dachau" conf="100.0">Dachau</enamex> when things were-- horrible things were happening to you? When you told yourself, I wish I could live so I can tell the story? </question><answer>AD: I saw the horrible things, and I said to myself, <person>Abe</person>, you have to live through it. You have to see the end. I saw things that-- where people were beaten to death, killed to death, hung, hung for three potatoes. And I said, I'm going to stay away from these things and I'm going to live through it. And I did. I wanted to see the end. That was my main goal, is to see the end and what's going to happen. [SIGHS] Well, I don't think I have anything more, I don't, to tell you. </answer><question>INT: Go. </question><answer>AD: OK, this is my grandfather, my father's father. I don't know where this picture was taken. I don't know when. We found it in <enamex wordUID="WRD1529085362982eCV35vkUZUpadc" long="-0.15" lat="53.083333" type="location" gazref="GAZ1521655590814GtTt" name="New York" conf="100.0">New York</enamex>. My-- my uncle had it, my-- my father's brother. </answer><question>INT: What was his name? </question><answer>AD: His name was Drotovnic. And his first name-- first name, what was his first name? I don't-- I don't know. I don't remember. I couldn't tell you. I don't remember. Yes, this is my mother. And her name before she was married was <person>Fania Klas</person>. And she died a few years ago in the <enamex wordUID="WRD1529085371410H999fyqCnI6EWT" long="0.0" lat="0.0" type="location" gazref="GAZ1521672762038fpcL" name="United States" conf="11.538461538461537">United States</enamex>. </answer><question>INT: When was the picture taken? </question><answer>AD: This picture could have been taken in the <enamex wordUID="WRD1529085378002QWhZSIfpGilDqh" long="0.0" lat="0.0" type="location" gazref="GAZ1521672762038fpcL" name="United States" conf="11.538461538461537">United States</enamex>-- </answer><question>INT: Approximately. </question><answer>AD: Maybe in the 1970s or something like that, yeah. That's my father, I don't know when that picture was taken. I couldn't tell you. I don't know. </answer><question>INT: What is his name? </question><answer>AD: His name was <person>Tuwa Drotovnic</person>. </answer><question>INT: Where was the picture taken? </question><answer>AD: I have no idea. </answer><question>INT: <enamex wordUID="WRD1529085387661F1kgC6FJiWI4Cc" long="8.70134" lat="54.67661" type="location" gazref="GAZ1521655633923bLtI" name="Poland" conf="41.66666666666667">Poland</enamex>? <enamex wordUID="WRD1529085396250IjlaCLtWFeacaQ" long="9.56629" lat="52.04389" type="location" gazref="GAZ1521655633923bLtI" name="Lithuania" conf="16.666666666666668">Lithuania</enamex>? </question><answer>AD: Could have been taken in <enamex wordUID="WRD1529085402618rtjipEnSXh6M2a" long="8.70134" lat="54.67661" type="location" gazref="GAZ1521655633923bLtI" name="Poland" conf="41.66666666666667">Poland</enamex>. No, not <enamex wordUID="WRD1529085407849qn88CSo7Q30gNC" long="8.70134" lat="54.67661" type="location" gazref="GAZ1521655633923bLtI" name="Poland" conf="41.66666666666667">Poland</enamex>. <enamex wordUID="WRD1529085412968NwjAH3stmVE3yU" long="9.56629" lat="52.04389" type="location" gazref="GAZ1521655633923bLtI" name="Lithuania" conf="16.666666666666668">Lithuania</enamex>, yeah, <enamex wordUID="WRD1529085425477U9bKbGVLcXqZUB" long="9.56629" lat="52.04389" type="location" gazref="GAZ1521655633923bLtI" name="Lithuania" conf="16.666666666666668">Lithuania</enamex>, most likely, yeah, most likely <enamex wordUID="WRD15290854302591To56GXetOfmFW" long="9.56629" lat="52.04389" type="location" gazref="GAZ1521655633923bLtI" name="Lithuania" conf="16.666666666666668">Lithuania</enamex>. Yes, this is my sister and myself. This was probably taken in 1926. I probably here one year old or she must be three years old here. This was also found-- my Uncle <person>Max</person> had it in <enamex wordUID="WRD152908543621212SU76PvU3ZcIf" long="-0.15" lat="53.083333" type="location" gazref="GAZ1521655590814GtTt" name="New York" conf="100.0">New York</enamex>. </answer><question>INT: What was your sister's name? </question><answer>AD: Pardon me? </answer><question>INT: What was your sister's name? </question><answer>AD: Haia. </answer><question>INT: Where is she in the picture? </question><answer>AD: Pardon me? </answer><question>INT: Where is she in the picture? </question><answer>AD: She is on, on the left. And I'm on my right. Yes, this was taken in-- this is a picture of the whole family. It was taken in <enamex wordUID="WRD15290854489131I8Km3dWgZGRFB" long="10.53333" lat="49.68333" type="location" gazref="GAZ1521655633923bLtI" name="Frankfurt" conf="100.0">Frankfurt</enamex> am Main, Hoechst. This is my brother-in-law and my younger sister. </answer><question>INT: Where are they? </question><answer>AD: My younger sister is to the left. My brother-in-law to the right. </answer><question>INT: What are their names? </question><answer>AD: This <person>Simon</person> and <person>Ida</person>. And my sister <person>Haia</person> is to the left. My mother is in the center, and myself to the right. It was taken around 1950. It was taken 1947 probably. Yeah, around 1947, yeah. Yes, this is our wedding picture. Was taken in 1955. My former girlfriend to the left, and I am to the right. </answer><question>INT: What is her name? </question><answer>AD: <person>Bracha Koenig</person> was her name. </answer><question>INT: Where was the picture taken? </question><answer>AD: In the <enamex wordUID="WRD1529085458749fDt1Lpe8eGNoP1" long="0.0" lat="0.0" type="location" gazref="GAZ1521672762038fpcL" name="Israel" conf="0.0">Israel</enamex>, in Tiv'on. Tiv'on, <enamex wordUID="WRD1529085468804JZXz28qsiGx9Sf" long="0.0" lat="0.0" type="location" gazref="GAZ1521672762038fpcL" name="Israel" conf="0.0">Israel</enamex>, yeah, that's right. Yeah, this is a picture of my wife, my son, and myself. Was taken in 1950-- '68, <person>Barbara</person>, right? </question><answer><person>BARBARA DOTROW</person> (WIFE): '58. </question><answer>AD: '58, yeah? 1958? Yeah, OK. </answer><question>INT: Where was it taken? </question><answer>AD: It was taken right here in <enamex wordUID="WRD1529085475530GLbrVoOumFunDS" long="-118.24368" lat="34.05223" type="location" gazref="GAZ15287622545880ycb" name="Los Angeles" conf="100.0">Los Angeles</enamex>, no? </question><answer><person>BARBARA DOTROW</person> (WIFE): No, in <enamex wordUID="WRD15290854828022Y6Uer6qFD2p9v" long="-0.15" lat="53.083333" type="location" gazref="GAZ1521655590814GtTt" name="New York" conf="100.0">New York</enamex>. </question><answer>AD: In <enamex wordUID="WRD1529085490681NFF3Pj0jaiY4X1" long="-0.15" lat="53.083333" type="location" gazref="GAZ1521655590814GtTt" name="New York" conf="100.0">New York</enamex>, I'm sorry. OK, this is a picture of my wife, <person>Barbara Drotow</person>; myself, <person>Al Drotow</person>; and my two sons. My oldest son <person>Harry</person> is to the right. And my youngest son <person>Bobby</person>, to the left. </answer><question>INT: Where was the picture taken? </question><answer>AD: That was taken, <enamex wordUID="WRD1529085497189BbENN91Vo4QLS9" long="-118.24368" lat="34.05223" type="location" gazref="GAZ15287622545880ycb" name="Los Angeles" conf="100.0">Los Angeles</enamex>, and the year-- do you know the year, <person>Barbara</person>? </question><answer><person>BARBARA DOTROW</person> (WIFE): 1964. </question><answer>AD: 1950-- '64, yeah. </answer>
<interviewee>Al Drotow</interviewee><gender>unisex</gender>
<person>Mary Rothschild</person><person>Abraham Abe Drotovnic</person><person>Fania Klas</person><person>Tuwa Drotovnic</person><person>Bracha Koenig</person><person>BARBARA DOTROW</person><person>BARBARA DOTROW</person><person>Barbara Drotow</person><interviewee>Al Drotow</interviewee><gender>unisex</gender>
<person>BARBARA DOTROW</person><otherspeaker>UNIDENTIFIED SPEAKER: It's so meaningful, you know. Let me know when you are not working on a Friday at 11:30. OK? </otherspeaker><otherspeaker>UNIDENTIFIED SPEAKER: Yeah. </otherspeaker><otherspeaker>UNIDENTIFIED SPEAKER: Then I'll make this. If you're not working on a Friday at 11:30. Anytime that you don't work, give me a call. </otherspeaker><otherspeaker>CREW: October the 10, October the 29, '94 Drotow, Al, Rothschild, <person>Mary</person>, <enamex wordUID="WRD1529084896932f0FjckzzL9ryAu" long="-118.3705292" lat="34.09069061" type="location" gazref="GAZ15287622545880ycb" name="West Hollywood" conf="100.0">West Hollywood</enamex>, <enamex wordUID="WRD1529084899066r0dBCPchzdHXW1" long="-118.2453232" lat="34.05348969" type="location" gazref="GAZ15287622545880ycb" name="LA" conf="100.0">LA</enamex>, English. And <person>Peter</person> on the camera on the first take. </otherspeaker><question>INT: This is October 29, 1994. I'm interviewing <person>Al Drotow</person>. My name is <person>Mary Rothschild</person> for the Survivors of Shoah Foundation. Please tell us your name before the war, the date of your birth, the place of your birth, and a little bit about your family life before the war. </question><answer>AD: My name before the war was <person>Abraham Abe Drotovnic</person>. I had two sisters. And I was born in <enamex wordUID="WRD1529084908876x32PVg9ByLySCk" long="9.56629" lat="52.04389" type="location" gazref="GAZ1521655633923bLtI" name="Lithuania" conf="16.666666666666668">Lithuania</enamex>, the city of <enamex wordUID="WRD1529084917836h3hTiZtyfVoOgI" long="23.9" lat="54.9" type="location" gazref="GAZ1521672762038fpcL" name="Kaunas" conf="100.0">Kaunas</enamex> or <enamex wordUID="WRD1529084926217gqphxDrgUSiTEG" long="12.48287" lat="53.16118" type="location" gazref="GAZ15287622545880ycb" name="Kovno" conf="9.999999999999998">Kovno</enamex>. And-- </answer><question>INT: When were you born? </question><answer>AD: My mother had four brothers, four sisters. None of them survived. My father had a brother in <enamex wordUID="WRD1529084935111RFRttO20q9EGEG" long="12.48287" lat="53.16118" type="location" gazref="GAZ15287622545880ycb" name="Kovno" conf="9.999999999999998">Kovno</enamex>. And did not survive either. OK, now what else? </answer><question>INT: When was your birthday? </question><answer>AD: My birthday is December 16, 1925. </answer><question>INT: How was your family life before the war? </question><answer>AD: Average. We weren't rich. We weren't poor. My father was a chemist. Made more or less a decent living. And my mother was always a housewife. Both my sisters were in school. My older sister was in gymnasium. What else can I tell you? </answer><question>INT: Were you a close-knit family? </question><answer>AD: Yes. Yes. </answer><question>INT: How did you become aware that there was something wrong? </question><answer>AD: You're talking about the war? </answer><question>INT: Yes. </question><answer>AD: Well, 1941, when they-- we know about it before that something was going on. But 1941, when they attacked <enamex wordUID="WRD1529084942817lKilQLulFUVqEw" long="98.0" lat="60.0" type="location" gazref="GAZ15287622545880ycb" name="Russia" conf="100.0">Russia</enamex>, <enamex wordUID="WRD1529084949860EengHArqMZnyxI" long="9.56629" lat="52.04389" type="location" gazref="GAZ1521655633923bLtI" name="Lithuania" conf="16.666666666666668">Lithuania</enamex> got attacked first. We were occupied by the Russians since 1940. And in 1941, on June 22, we were attacked by, by the Nazis. And the ghetto was created in 1941 in around, it was June, July, in August, I believe. And I was about 15 years old. It was-- after a while it was almost starvation. There was no food of any kind. And I used to go out to the fence to bring some food to the house. I was shot several times on it. I was arrested twice. I was beaten almost to death. And I still survived, and I came back. The Gestapo was looking for me because I hit a German when I survived the second time. And I was hiding out. And until I went through three different roundups. Now, the first one, my father disappeared, my younger uncle with two children. The second one was in 1942, I believe, someplace around November or October, when there were about 15,000 people shot on the <enamex wordUID="WRD1529084959443Oexxbq7xWWv0EZ" long="0.0" lat="0.0" type="location" gazref="GAZ15287622545880ycb" name="Ninth Fort" conf="100.0">Ninth Fort</enamex>, what they call. And we survived that one. Later on, we were shipped out to <enamex wordUID="WRD1529084965878fbpZuR1LdngkhL" long="24.1" lat="56.95" type="location" gazref="GAZ1521672762038fpcL" name="Riga" conf="100.0">Riga</enamex>. That was in 1942, someplace in October or November, the end of year. We were three night-- four nights and three days in the, in the train. That wasn't a train for people. It was a train for cattle, cattle train. </answer><question>INT: Who was with you, Al? </question><answer>AD: My mother, my two sisters and some other people that they caught for work. Now, I have to make it clear that I was-- only the last camp, <enamex wordUID="WRD1529084976489n4xwxHAI2LWEPv" long="11.43402" lat="48.26" type="location" gazref="GAZ1521655633923bLtI" name="Dachau" conf="100.0">Dachau</enamex> was a concentration camp. The rest of the camps I worked was what they call in German Arbeitslager. Means working camps. <enamex wordUID="WRD1529084984651XJwKWNNynHuA22" long="24.1" lat="56.95" type="location" gazref="GAZ1521672762038fpcL" name="Riga" conf="100.0">Riga</enamex> was also a working camp. They fed us not too bad. We had enough potatoes and some beans. And you worked. And we were fed so we would survive. [INAUDIBLE] <person>Lagerfuhrer</person> said in those places, if you has people, they have to work, you have to feed them. Otherwise, a dead Jew is no good to anybody. And [SIGHS] and then we went to-- back to <enamex wordUID="WRD1529084992914m3TIvw6MhGmiRs" long="9.56629" lat="52.04389" type="location" gazref="GAZ1521655633923bLtI" name="Lithuania" conf="16.666666666666668">Lithuania</enamex>. We went to <enamex wordUID="WRD1529085000601KDVokJgdYddBj9" long="19.1691" lat="54.3268" type="location" gazref="GAZ1521672760295WsHt" name="Stutthof" conf="100.0">Stutthof</enamex>. We were there a couple weeks. From <enamex wordUID="WRD15290850102104qLub6xFLoPlcl" long="19.1691" lat="54.3268" type="location" gazref="GAZ1521672760295WsHt" name="Stutthof" conf="100.0">Stutthof</enamex>, to Panevezys, from Panevezys went to <enamex wordUID="WRD1529085020319HSUSWisdsGSUK2" long="11.43402" lat="48.26" type="location" gazref="GAZ1521655633923bLtI" name="Dachau" conf="100.0">Dachau</enamex>. And that was the worst. I almost did not survive. </answer><question>INT: How long were you in <enamex wordUID="WRD1529085029957xz4q7FrUHcexu3" long="11.43402" lat="48.26" type="location" gazref="GAZ1521655633923bLtI" name="Dachau" conf="100.0">Dachau</enamex>? </question><answer>AD: Let's see, 1944 and 1945, about a year. </answer><question>INT: Did you arrive there with any members of your family? </question><answer>AD: We got separated in <enamex wordUID="WRD1529085041684iCAVZ2DeCqV9xo" long="19.1691" lat="54.3268" type="location" gazref="GAZ1521672760295WsHt" name="Stutthof" conf="100.0">Stutthof</enamex>. </answer><question>INT: What happened to the rest of your family? </question><answer>AD: What happened to who? </answer><question>INT: To the rest of your family. </question><answer>AD: OK, what happened is my-- my mommy and my two sisters were in a camp in <enamex wordUID="WRD1529085051943jDlVbyIfwrMgRn" long="8.70134" lat="54.67661" type="location" gazref="GAZ1521655633923bLtI" name="Poland" conf="41.66666666666667">Poland</enamex>. I think it was also Arbeitslager, working camp. And they survived the war. And I didn't see them. I was liberated in 1945. Now when would [INAUDIBLE] in April or May-- April, 28. And I didn't know about them till about 1946, possible seven, eight months later, after the liberation. And somebody came from-- somebody that I knew saw my sisters and my mother in <enamex wordUID="WRD1529085061300Qjx6hNhUNgmYEV" long="10.44987" lat="54.03573" type="location" gazref="GAZ1521655633923bLtI" name="Berlin" conf="100.0">Berlin</enamex>. [BACKGROUND NOISE] And then they went to <enamex wordUID="WRD1529085068886VYNBiNwpMt1JP3" long="10.53333" lat="49.68333" type="location" gazref="GAZ1521655633923bLtI" name="Frankfurt" conf="100.0">Frankfurt</enamex> am Main, and I joined them later on. And we  stayed until 1948. And the went to <enamex wordUID="WRD1529085079889grGZl9yoU5mO7K" long="0.0" lat="0.0" type="location" gazref="GAZ1521672762038fpcL" name="Israel" conf="0.0">Israel</enamex> in 1948. And I decided to stay a little longer in <enamex wordUID="WRD15290850906050myR1Sep2JWFKy" long="0.0" lat="0.0" type="location" gazref="GAZ1521672762038fpcL" name="Germany" conf="50.0">Germany</enamex>. And then the papers were made out to go to <enamex wordUID="WRD15290850980997j06gTtkNaJkJO" long="0.0" lat="0.0" type="location" gazref="GAZ1521672762038fpcL" name="America" conf="0.0">America</enamex>. I decided to give it a try. It was 1949. </answer><question>INT: Can you describe your arrival in <enamex wordUID="WRD1529085108765JGppQx6gPatBuu" long="11.43402" lat="48.26" type="location" gazref="GAZ1521655633923bLtI" name="Dachau" conf="100.0">Dachau</enamex> and your life in <enamex wordUID="WRD1529085118455f4yMXjy2BIDFQu" long="11.43402" lat="48.26" type="location" gazref="GAZ1521655633923bLtI" name="Dachau" conf="100.0">Dachau</enamex>, please? </question><answer>AD: <enamex wordUID="WRD15290851266448ecBi1vD1Gozic" long="11.43402" lat="48.26" type="location" gazref="GAZ1521655633923bLtI" name="Dachau" conf="100.0">Dachau</enamex> was terrible. <enamex wordUID="WRD1529085134382QvIJnRB0fmDogA" long="11.43402" lat="48.26" type="location" gazref="GAZ1521655633923bLtI" name="Dachau" conf="100.0">Dachau</enamex> was starvation camps. They worked you. And they didn't give you to eat. And I went down to a weight that I almost couldn't work. I was saved by a-- by a man that-- what was his name? He was a-- he was a kapo. Somebody told him it's not, not important, that there is a <enamex wordUID="WRD1529085142602Dm4X82fX3YLRxs" long="12.48287" lat="53.16118" type="location" gazref="GAZ15287622545880ycb" name="Kovno" conf="9.999999999999998">Kovno</enamex> [YIDDISH]. What they say in Yiddish, a-- a young man from <enamex wordUID="WRD1529085150500hYXxEQMG0BY6Kp" long="12.48287" lat="53.16118" type="location" gazref="GAZ15287622545880ycb" name="Kovno" conf="9.999999999999998">Kovno</enamex> that is almost finished. And would he can do something. So he did. He transferred me to the [GERMAN]. If you know what it is, this is where they do mechanical work. Since I was an old pupil, and I knew how to operate machines, they put me at night. And that put me back on my feet so I could start walking again. But still things were worse later on in the end of 1945. I was down on the march. I was down to almost-- I was finished. Now the interesting story that I have to tell you, that I was saved by an old German. We were laying in the woods, and it was just about April 26, or 25, or whatever, just a couple of days before we were liberated. A motorcycle with a beiwagen-- you know what a beiwagen is? The one that has a thing on it. Two Germans had a machine gun on it. And he asked the old man, was about 80 years old, the old German was guarding us. And he asked him in German, [GERMAN]. You understand German? What has-- what kind of-- what kind of-- what do have-- what are you going to do with the people? And the old German said, I have [GERMAN]. It means, I have to bring him to Roll, which was the upper, I think, of <enamex wordUID="WRD1529085160575ME95ME6WHdpWwg" long="11.5" lat="49.0" type="location" gazref="GAZ1521655633923bLtI" name="Bavaria" conf="100.0">Bavaria</enamex>. And the two young Germans, SS people, said, no, [GERMAN]. You cannot do it any more. It's too [GERMAN]. It's too late. So the, the young German said, [GERMAN]. Give me-- get out of the way. I'll shoot them all. So the old German, 80-year-old, had an automatic. He said, [GERMAN]. What it means, I shoot first. So they went away. So we were saved by an old German. I was-- he would have shot everybody. There was about 300 people laying there. Most of them could hardly move. And this was about, I would say, 35 kilometers before <person>Wolfrathausen</person>. This is a little city in <enamex wordUID="WRD15290851683788O3PsKDorpYVyx" long="11.5" lat="49.0" type="location" gazref="GAZ1521655633923bLtI" name="Bavaria" conf="100.0">Bavaria</enamex>. OK, we were liberated. And I was in, in <enamex wordUID="WRD15290851768228zYJUCdzhkBWkT" long="13.03061" lat="49.09635" type="location" gazref="GAZ1521655633923bLtI" name="Wolfrathausen" conf="26.923076923076923">Wolfrathausen</enamex>. </answer><question>INT: Al, I'm going to stop you there. </question><answer>AD: Yeah. </answer><question>INT: You were in <enamex wordUID="WRD1529085184279DFv4x8aK3IyBB2" long="11.43402" lat="48.26" type="location" gazref="GAZ1521655633923bLtI" name="Dachau" conf="100.0">Dachau</enamex> for a year. Right? </question><answer>AD: Yeah. </answer><question>INT: Do you remember any specific incidents? Can you talk about miracles, times when you were saved? </question><answer>AD: They were-- they were hanging people for bringing in a few potatoes that they caught on them. They were beating people to death. Then there was the quarantine. There was a time where everybody had typhus, quarantine they call  it, I believe. Everybody had typhus. And there were 12,000 people at the camp. There was 150 that were able to-- to-- healthy, like I was. I never had no typhus. Never had no sicknesses. And they were beating people every day. And everybody that got sick, they put them in some kind of a wagon and they pulled them away. And was lager five. That went there, number five. They pulled them over there and they had a crematorium in there. And they burned them in there. Or they took them to <enamex wordUID="WRD1529085196133RedTgjeyasc4Gc" long="11.43402" lat="48.26" type="location" gazref="GAZ1521655633923bLtI" name="Dachau" conf="100.0">Dachau</enamex>. I don't know exactly. I wasn't sure. But lager five was-- [GERMAN] what they call it-- a lager that they had sick people in. They never survived in there. I survived a lot of things that weren't-- we were working, we were walking to work, starting about 5:00 in the morning and bringing us back 10:00, 11:00 at night. And there was a ditch. And there was water in it. And people were pushing. And I fell in that thing. It was in the winter time, in 1945. It was cold. It probably was 10 below zero or something like that. It was froze all up. And they took me back to the barrack. And I was all-- and in the morning I went to work, never got sick. Well, the end is that I survived, and then I went to this country. And I was <enamex wordUID="WRD15290852049327O81PtIonvqn4U" long="10.16602" lat="52.5013" type="location" gazref="GAZ1521655633923bLtI" name="New Jersey" conf="20.0">New Jersey</enamex>. I was in <enamex wordUID="WRD1529085212824zwZvmKVDf3rHZh" long="-0.15" lat="53.083333" type="location" gazref="GAZ1521655590814GtTt" name="New York" conf="100.0">New York</enamex>. And then I want to see my-- in 1940-- in 1954-- '55, I went to <enamex wordUID="WRD1529085218710nzEVRb5x6dqmVX" long="0.0" lat="0.0" type="location" gazref="GAZ1521672762038fpcL" name="Israel" conf="0.0">Israel</enamex>. </answer><question>INT: What happened after you came out of <enamex wordUID="WRD1529085227088xaVqfLD9ijP5Ce" long="11.43402" lat="48.26" type="location" gazref="GAZ1521655633923bLtI" name="Dachau" conf="100.0">Dachau</enamex>? </question><answer>AD: I was very sick, very sick. I was three months in the hospital. </answer><question>INT: Where? </question><answer>AD: In <enamex wordUID="WRD1529085236927iGaaqs1UklqodV" long="13.03061" lat="49.09635" type="location" gazref="GAZ1521655633923bLtI" name="Wolfrathausen" conf="26.923076923076923">Wolfrathausen</enamex>. </answer><question>INT: In <enamex wordUID="WRD1529085245834NBwLeYpJw8KaIM" long="0.0" lat="0.0" type="location" gazref="GAZ1521672762038fpcL" name="Germany" conf="50.0">Germany</enamex>. </question><answer>AD: I had diarrhea. And I could hardly walk. But I survived. Three months later I got-- first I got heavy. And then I went down to what I'm-- approximately what I am now. And I was very, very sick, stomach, and you name it. But-- but-- so, wife, do you want any more questions? I don't know. </answer><question>INT: What happened after you got out of the hospital? </question><answer>AD: I went to work for the Americans in the kitchen. And, like I said, I got-- I was eating a lot. I got very heavy and then went down to normal. And then, I find out about my-- my mother and my sister. They were in-- in <enamex wordUID="WRD1529085257504v7UbhtF0tzGp31" long="10.53333" lat="49.68333" type="location" gazref="GAZ1521655633923bLtI" name="Frankfurt" conf="100.0">Frankfurt</enamex> am Main. They were in a camp called Hoechst. And I went over there. And I remember traveling on the top of the roof on the trains because there was no room inside. I traveled all night. It was about 300 kilometers. And I stayed in <enamex wordUID="WRD1529085262672nfRRa6Igpnzyaf" long="10.53333" lat="49.68333" type="location" gazref="GAZ1521655633923bLtI" name="Frankfurt" conf="100.0">Frankfurt</enamex> am Main in Hoechst until 1949. My family left before me, 1948. 1949, I came over here. Came first to <enamex wordUID="WRD1529085270057rowxW6G65lumqa" long="-83.00274658" lat="39.96199036" type="location" gazref="GAZ15287622545880ycb" name="Columbus" conf="100.0">Columbus</enamex>, <enamex wordUID="WRD1529085278181e8o3wn9KvvQa6d" long="13.2066" lat="48.78471" type="location" gazref="GAZ1521655633923bLtI" name="Ohio" conf="25.0">Ohio</enamex>. I had a friend in <enamex wordUID="WRD1529085288359EBcBpULmsmIybO" long="-74.7333333" lat="40.2166666" type="location" gazref="GAZ15287622545880ycb" name="Trenton" conf="100.0">Trenton</enamex>, <enamex wordUID="WRD1529085294661K3R2Mt5ntCAepN" long="10.16602" lat="52.5013" type="location" gazref="GAZ1521655633923bLtI" name="New Jersey" conf="20.0">New Jersey</enamex>. And then, of course, I came over-- over here to <enamex wordUID="WRD1529085305211xUkn4e1Dk6ORSY" long="-118.24368" lat="34.05223" type="location" gazref="GAZ15287622545880ycb" name="Los Angeles" conf="100.0">Los Angeles</enamex>. That was 1952. Stayed here until 1955. And then I went to <enamex wordUID="WRD1529085315646dbVHYqn655LNki" long="0.0" lat="0.0" type="location" gazref="GAZ1521672762038fpcL" name="Israel" conf="0.0">Israel</enamex> to visit my, my mother and my-- my sisters. And this is how I met Bracha. This is her Hebrew name. We got married and that's it. And we came back here. </answer><question>INT: Do you have children? </question><answer>AD: Yeah, we have two sons, <person>Harry</person> and <person>Bobby</person>. </answer><question>INT: How-- what would you like your children to learn from you experiences in concentration camps? </question><answer>AD: Well, my son, he knows a lot more than I in many ways. And he knows from me a little bit, what I told him. We always told our children what happened to us and how we survived and all that. Some people don't ever tell anything to their children, but we did. And he knows almost everything. I told him how, and where, and how we survived. [SIGHS] What else can I tell you? </answer><question>INT: What would you like the world to know from your experiences? What have you learned? </question><answer>AD: That we should forgive but not forget, never forget. Never forget what happened. Like I was telling that young lady there before, there was a German across the street. He was 30 years old. He asked me if I hate him. I said no. How can I hate you for it? You weren't even there. You weren't born yet. How can you be responsible for people before you that you weren't even alive? You weren't-- you weren't there, so you couldn't have done no harm. So we should, we should forgive, but not forget, never forget what happened. We see what happening right now. There are some people that they never change, the same way. Like the Ukrainians, they never changed. That's what <person>Wiesenthal</person> said. [BACKGROUND NOISE] </answer><otherspeaker>CREW: It's still take one. Second take. </otherspeaker><answer>AD: OK, let's go back to 1941. </answer><question>INT: [INAUDIBLE] </question><answer>AD: --in <enamex wordUID="WRD15290853266116fakyO5PXLOgFG" long="23.9" lat="54.9" type="location" gazref="GAZ1521672762038fpcL" name="Kaunas" conf="100.0">Kaunas</enamex> ghetto. I came out to the fence to get some food. Came back at night with a package. And the guard was [INAUDIBLE]. He was shouting halt! Halt! Halt! And I didn't halt. Finally, I fell in a well. The hole down in there, I was hanging on for a long time. I don't know for how long. I couldn't get out because the bullets were coming all over. I guess it was, it was around midnight. And by the time it's quieted down and I could crawl out, it was morning. So that was quite an experience and it was very, very cold. OK, the second thing I'll tell you is not-- I didn't beat a German. I, I, I hit a German once when I, I told you that before, that when survived from the Gestapo. They were looking for me. But what happened was in <enamex wordUID="WRD1529085338679ty7xkhZ4lJqP7P" long="24.1" lat="56.95" type="location" gazref="GAZ1521672762038fpcL" name="Riga" conf="100.0">Riga</enamex>. And It was around 1943. There was a guy and he was Jewish. He was an actor. He was also a barber. He was privileged because he was cutting the hair of the Nazis, the Germans. And he was privileged. They kept him in the camp. And he had better, better things than other people, better food, better clothes. And my mother was coming up. The men were separated from the women. You were in a separate block what they call. And my mother was coming up. She was-- she wouldn't eat herself, leaving a little bit more for the children, because she says she doesn't have to eat so much. And we were young. So this guy was always bothering her. He was a man in his thirties, a young man. And I was about 16 or something. And once that got to me. And I beat him up real bad. And he was all swollen, his eyes and everything. </answer><question>INT: Why did you beat him up? </question><answer>AD: He bothered my mother. And the irony is that I thought they were going to beat me, or shoot me, or whatever. And the German called me in, and his name was Sumaher. He was a German. He was from the Wehrmacht, was a surgeon. He called me in. And he says, <person>Drotovnic</person>, what happened? Why did you beat, <person>Charles</person> was his name? [INAUDIBLE]. So I told him. Told him the true story. I said, this guy was beating my-- was bothering my mother. And he looked at me, and he said, for your mother, you should do everything. We're  German. Heil <person>Hitler</person>. So that's-- that's the whole story. I forgot about it. </answer><question>INT: OK, can we go forward in time to <enamex wordUID="WRD15290853464714BU3puemrqyP6Y" long="11.43402" lat="48.26" type="location" gazref="GAZ1521655633923bLtI" name="Dachau" conf="100.0">Dachau</enamex>? And can you describe if any day stands up in your mind? </question><answer>AD: [SIGHS] Well, I tell you, the hunger was so bad that people ate everything. And some people ate some stuff that weren't edible. And they got crazy from it. There were little things, they looked like blueberries. But they were red. And they ate that, and they got crazy from it. Some people-- you know, the fence was energized with power. Some people were so crazy, they went to the fence, and they got electrocuted. Like I told you before, some people got shot because they had a few potatoes in their pockets. I saw all kind of things. In the barracks, we were-- was made, there was a hole in the ground. And there was a little roof over the top that looked like-- oh, how can-- this way. So they make the kind of roof that the water will run off good. And we were, about, maybe 50 people in one of them things. And it was bad. It was very bad. People had lice. And then [INAUDIBLE] come. And they had people beaten to death right over there. And they couldn't, they couldn't go fast enough, run out fast enough. [SIGHS] Well, and I was trying to forget all this, you know. But I cannot. </answer><question>INT: Are there any incidents that stand up in your mind from the-- </question><answer>AD: Well, every day was just-- you know, they, they shoot people all the time. People trying to escape, people not-- people hiding out from the work, people not-- not getting up in time. Life had no meaning for the Nazis. No, just, absolutely none. </answer><question>INT: Were there any times when you could have died and a miracle saved you when you were in-- </question><answer>AD: I told you about the miracle. That was it. If that old German would be a bastard, he would-- he would have said, hey, go ahead and do it. But apparently they weren't all that bad. Among 80 million Germans, there must have been some people that didn't believe in <person>Hitler</person>'s theory. So he was one of them. And he was my-- our angel, my angel. And see why I'm, why I'm here today. [PAUSES FOR 7 SECONDS] </answer><otherspeaker>CREW: Take three. </otherspeaker><answer>AD: OK. Well, I've told you before, what one other thing. I already knew in 1942, that the war is lost for the Germans. I worked with Germans on the [GERMAN] was what they call. And there-- and they weren't all bastards. Some of them were-- they were civilians. They were not, not military people. And one German, <person>Albert</person>, told me-- he showed me the paper. They didn't tell everything in the paper. But he read between the lines. And <person>Stalingrad</person> was gone, and he was talking about <person>Paulus</person>, General <person>Paulus</person>. That the war, they cannot win any more. But it will take a long time. OK, the thing I'm did forget to say is I wanted to live to see the end, the end. I didn't care if after that I die. But the end, I wanted to see the end. And it happens, I saw the end. And I saw the Germans, that they were so-- they, they were so down after the war. They were suffering. They didn't have no food. And they were coming-- Germans were working for people that were Jews to clean up their houses to get a piece  of bread or to eat something. So that made me feel better, that I saw the end. That's it. </answer><question>INT: Al, was there any time when you were in <enamex wordUID="WRD1529085355598QGRFbCti78eJ8c" long="11.43402" lat="48.26" type="location" gazref="GAZ1521655633923bLtI" name="Dachau" conf="100.0">Dachau</enamex> when things were-- horrible things were happening to you? When you told yourself, I wish I could live so I can tell the story? </question><answer>AD: I saw the horrible things, and I said to myself, <person>Abe</person>, you have to live through it. You have to see the end. I saw things that-- where people were beaten to death, killed to death, hung, hung for three potatoes. And I said, I'm going to stay away from these things and I'm going to live through it. And I did. I wanted to see the end. That was my main goal, is to see the end and what's going to happen. [SIGHS] Well, I don't think I have anything more, I don't, to tell you. </answer><question>INT: Go. </question><answer>AD: OK, this is my grandfather, my father's father. I don't know where this picture was taken. I don't know when. We found it in <enamex wordUID="WRD1529085362982eCV35vkUZUpadc" long="-0.15" lat="53.083333" type="location" gazref="GAZ1521655590814GtTt" name="New York" conf="100.0">New York</enamex>. My-- my uncle had it, my-- my father's brother. </answer><question>INT: What was his name? </question><answer>AD: His name was Drotovnic. And his first name-- first name, what was his first name? I don't-- I don't know. I don't remember. I couldn't tell you. I don't remember. Yes, this is my mother. And her name before she was married was <person>Fania Klas</person>. And she died a few years ago in the <enamex wordUID="WRD1529085371410H999fyqCnI6EWT" long="0.0" lat="0.0" type="location" gazref="GAZ1521672762038fpcL" name="United States" conf="11.538461538461537">United States</enamex>. </answer><question>INT: When was the picture taken? </question><answer>AD: This picture could have been taken in the <enamex wordUID="WRD1529085378002QWhZSIfpGilDqh" long="0.0" lat="0.0" type="location" gazref="GAZ1521672762038fpcL" name="United States" conf="11.538461538461537">United States</enamex>-- </answer><question>INT: Approximately. </question><answer>AD: Maybe in the 1970s or something like that, yeah. That's my father, I don't know when that picture was taken. I couldn't tell you. I don't know. </answer><question>INT: What is his name? </question><answer>AD: His name was <person>Tuwa Drotovnic</person>. </answer><question>INT: Where was the picture taken? </question><answer>AD: I have no idea. </answer><question>INT: <enamex wordUID="WRD1529085387661F1kgC6FJiWI4Cc" long="8.70134" lat="54.67661" type="location" gazref="GAZ1521655633923bLtI" name="Poland" conf="41.66666666666667">Poland</enamex>? <enamex wordUID="WRD1529085396250IjlaCLtWFeacaQ" long="9.56629" lat="52.04389" type="location" gazref="GAZ1521655633923bLtI" name="Lithuania" conf="16.666666666666668">Lithuania</enamex>? </question><answer>AD: Could have been taken in <enamex wordUID="WRD1529085402618rtjipEnSXh6M2a" long="8.70134" lat="54.67661" type="location" gazref="GAZ1521655633923bLtI" name="Poland" conf="41.66666666666667">Poland</enamex>. No, not <enamex wordUID="WRD1529085407849qn88CSo7Q30gNC" long="8.70134" lat="54.67661" type="location" gazref="GAZ1521655633923bLtI" name="Poland" conf="41.66666666666667">Poland</enamex>. <enamex wordUID="WRD1529085412968NwjAH3stmVE3yU" long="9.56629" lat="52.04389" type="location" gazref="GAZ1521655633923bLtI" name="Lithuania" conf="16.666666666666668">Lithuania</enamex>, yeah, <enamex wordUID="WRD1529085425477U9bKbGVLcXqZUB" long="9.56629" lat="52.04389" type="location" gazref="GAZ1521655633923bLtI" name="Lithuania" conf="16.666666666666668">Lithuania</enamex>, most likely, yeah, most likely <enamex wordUID="WRD15290854302591To56GXetOfmFW" long="9.56629" lat="52.04389" type="location" gazref="GAZ1521655633923bLtI" name="Lithuania" conf="16.666666666666668">Lithuania</enamex>. Yes, this is my sister and myself. This was probably taken in 1926. I probably here one year old or she must be three years old here. This was also found-- my Uncle <person>Max</person> had it in <enamex wordUID="WRD152908543621212SU76PvU3ZcIf" long="-0.15" lat="53.083333" type="location" gazref="GAZ1521655590814GtTt" name="New York" conf="100.0">New York</enamex>. </answer><question>INT: What was your sister's name? </question><answer>AD: Pardon me? </answer><question>INT: What was your sister's name? </question><answer>AD: Haia. </answer><question>INT: Where is she in the picture? </question><answer>AD: Pardon me? </answer><question>INT: Where is she in the picture? </question><answer>AD: She is on, on the left. And I'm on my right. Yes, this was taken in-- this is a picture of the whole family. It was taken in <enamex wordUID="WRD15290854489131I8Km3dWgZGRFB" long="10.53333" lat="49.68333" type="location" gazref="GAZ1521655633923bLtI" name="Frankfurt" conf="100.0">Frankfurt</enamex> am Main, Hoechst. This is my brother-in-law and my younger sister. </answer><question>INT: Where are they? </question><answer>AD: My younger sister is to the left. My brother-in-law to the right. </answer><question>INT: What are their names? </question><answer>AD: This <person>Simon</person> and <person>Ida</person>. And my sister <person>Haia</person> is to the left. My mother is in the center, and myself to the right. It was taken around 1950. It was taken 1947 probably. Yeah, around 1947, yeah. Yes, this is our wedding picture. Was taken in 1955. My former girlfriend to the left, and I am to the right. </answer><question>INT: What is her name? </question><answer>AD: <person>Bracha Koenig</person> was her name. </answer><question>INT: Where was the picture taken? </question><answer>AD: In the <enamex wordUID="WRD1529085458749fDt1Lpe8eGNoP1" long="0.0" lat="0.0" type="location" gazref="GAZ1521672762038fpcL" name="Israel" conf="0.0">Israel</enamex>, in Tiv'on. Tiv'on, <enamex wordUID="WRD1529085468804JZXz28qsiGx9Sf" long="0.0" lat="0.0" type="location" gazref="GAZ1521672762038fpcL" name="Israel" conf="0.0">Israel</enamex>, yeah, that's right. Yeah, this is a picture of my wife, my son, and myself. Was taken in 1950-- '68, <person>Barbara</person>, right? </question><answer><person>BARBARA DOTROW</person> (WIFE): '58. </question><answer>AD: '58, yeah? 1958? Yeah, OK. </answer><question>INT: Where was it taken? </question><answer>AD: It was taken right here in <enamex wordUID="WRD1529085475530GLbrVoOumFunDS" long="-118.24368" lat="34.05223" type="location" gazref="GAZ15287622545880ycb" name="Los Angeles" conf="100.0">Los Angeles</enamex>, no? </question><answer><person>BARBARA DOTROW</person> (WIFE): No, in <enamex wordUID="WRD15290854828022Y6Uer6qFD2p9v" long="-0.15" lat="53.083333" type="location" gazref="GAZ1521655590814GtTt" name="New York" conf="100.0">New York</enamex>. </question><answer>AD: In <enamex wordUID="WRD1529085490681NFF3Pj0jaiY4X1" long="-0.15" lat="53.083333" type="location" gazref="GAZ1521655590814GtTt" name="New York" conf="100.0">New York</enamex>, I'm sorry. OK, this is a picture of my wife, <person>Barbara Drotow</person>; myself, <person>Al Drotow</person>; and my two sons. My oldest son <person>Harry</person> is to the right. And my youngest son <person>Bobby</person>, to the left. </answer><question>INT: Where was the picture taken? </question><answer>AD: That was taken, <enamex wordUID="WRD1529085497189BbENN91Vo4QLS9" long="-118.24368" lat="34.05223" type="location" gazref="GAZ15287622545880ycb" name="Los Angeles" conf="100.0">Los Angeles</enamex>, and the year-- do you know the year, <person>Barbara</person>? </question><answer><person>BARBARA DOTROW</person> (WIFE): 1964. </question><answer>AD: 1950-- '64, yeah. </answer>
