<interviewee>Ann Eichner</interviewee><gender>unisex</gender>
<person>Sheryl Basso</person><person>Sheryl Basso</person><interviewee>Ann Eichner</interviewee><gender>unisex</gender>
<person>Hannah Wolhendler</person><person>Estella Hannah</person><person>Pinchas Wolhendler</person><person>Karola Wolhendler</person><person>Karola Szczupak</person><person>Adolf Hitler</person><person>Irma Grese</person><person>Irma Grese</person><question>INT: Today is September 27, 1996. We are interviewing the survivor <person>Ann Eichner</person>, E-I-C-H-N-E-R, maiden name, <person>Wolhendler</person>, W-O-L-H-E-N-D-L-E-R. Interviewer's name, <person>Sheryl Basso</person>, B-A-S-S-O. Coconut Creek, <enamex wordUID="WRD1529081739210u2EQmHN2DfQJQk" long="-58.49552155" lat="-34.52967834" type="location" gazref="GAZ15287622545880ycb" name="Florida" conf="100.0">Florida</enamex>, <enamex wordUID="WRD1529081745924kxuPULQsET1g7M" long="0.0" lat="0.0" type="location" gazref="GAZ1521672762038fpcL" name="United States of America" conf="6.25">United States of America</enamex>. The language is English. Today is September 27, 1996. We are in <enamex wordUID="WRD1529081754769IiKPU29GEUe3wX" long="-80.1876297" lat="26.25963974" type="location" gazref="GAZ15287622545880ycb" name="Coconut Creek" conf="100.0">Coconut Creek</enamex>, <enamex wordUID="WRD1529081762830giebeaIKlioPjm" long="-58.49552155" lat="-34.52967834" type="location" gazref="GAZ15287622545880ycb" name="Florida" conf="100.0">Florida</enamex>, <enamex wordUID="WRD1529081765327wurCLf3gPyXKKh" long="0.0" lat="0.0" type="location" gazref="GAZ1521672762038fpcL" name="United States of America" conf="6.25">United States of America</enamex>. The interview will be done in the English language. My name is <person>Sheryl Basso</person>, B-A-S-S-O, and I'd like to introduce <person>Ann Eichner</person>, E-I-C-H-N-E-R. </question><answer>AE: Actually-- excuse me. OK? I didn't-- I didn't tell you that I was <person>Hannah Wolhendler</person>, but I was <person>Estella Hannah</person>. So you didn't marked it, but I-- I should say it. </answer><question>INT: We'll change it. We'll change it. Mrs. <person>Eichner</person>, [PAUSES FOR 6 SECONDS] what day were you born, Mrs. <person>Eichner</person>? </question><answer>AE: I was born December 25, 1926. </answer><question>INT: In what country? </question><answer>AE: In <enamex wordUID="WRD1529081776059z1lqYdRgMxX1U8" long="8.70134" lat="54.67661" type="location" gazref="GAZ1521655633923bLtI" name="Poland" conf="41.66666666666667">Poland</enamex>. Lodz, <enamex wordUID="WRD1529081780147jNt7NMBMUQDeCU" long="8.70134" lat="54.67661" type="location" gazref="GAZ1521655633923bLtI" name="Poland" conf="41.66666666666667">Poland</enamex>. </answer><question>INT: And your father's name was? </question><answer>AE: My father's name was <person>Pinchas Wolhendler</person>, W-O-L-H-E-N-D-L-E-R. </answer><question>INT: And your mother's name? </question><answer>AE: My mother's, <person>Karola Wolhendler</person>. </answer><question>INT: And her maiden name was? </question><answer>AE: Her maiden name was <person>Karola Szczupak</person>, C-Z-- C-- C-Z-- S-Z-C-Z-U-P-A-K. </answer><question>INT: And what was her father's occupation? </question><answer>AE: My father was like collecting money from the-- from the-- for the firm over-- all over <enamex wordUID="WRD1529081791424IeDc4AMTIIBOui" long="8.70134" lat="54.67661" type="location" gazref="GAZ1521655633923bLtI" name="Poland" conf="41.66666666666667">Poland</enamex>. He was sent all over <enamex wordUID="WRD1529081797726nuv7gcImWupXru" long="8.70134" lat="54.67661" type="location" gazref="GAZ1521655633923bLtI" name="Poland" conf="41.66666666666667">Poland</enamex> to collect money for the firm he worked for. </answer><question>INT: And your mother's occupation? </question><answer>AE: She was a housewife. </answer><question>INT: And did you have any sisters or brothers? </question><answer>AE: I had a brother three years older than me. His name was <person>Moishe</person> [? <person>Wolf</person> ?] and Wolhendler. </answer><question>INT: And did you have grandparents and other extended family? </question><answer>AE: My only grandmother was alive when I was-- when I remember. Her name was <person>Minka</person>, M-I-N-K-A, Hammer, H-A-M-M-E-R. The rest, I don't know. I never met them. They were not-- they were deceased. </answer><question>INT: So what was your childhood like, a typical day in your childhood in Lodz? </question><answer>AE: I was born in a-- in a middle class family in a nice, nice section of the town in <enamex wordUID="WRD1529081809101TJPRC4YwrDcS1z" long="19.47487068" lat="51.77230835" type="location" gazref="GAZ15287622545880ycb" name="Lodz" conf="100.0">Lodz</enamex>. And I was very protected by my mother as a child. I had a happy childhood. My father was a very delicate man and a very loving man. And as, as I could remember, it always was fights with the siblings, siblings. My brother and me always fought, but that was in fun. It was not in tragic. And we went every year to, to the country for the summer, for vacation. We came back. Food was plenty. We even had a maid. [? <person>Vladia</person>, ?] her name was. She was a country girl, and she lived with us. I went to school. My mother was so protective of me that she sent her to take me to school and to pick me up from school. [PAUSES FOR 4 SECONDS] That's all I can remember from my childhood. I was 13 when one day, we heard on the radio about, about <person>Adolf Hitler</person> with his speeches. I remember everybody was concentrated by the radio to listen to it. And they used to say, we have to pray because I think we're going to-- we're going to go. He's going to be after Jews. I couldn't understand. I was just 13. To me, it looked like holiday. My father didn't go to work. I didn't have school. My brother didn't go to school. Little did I know what a holiday I had because a few-- a few weeks later, <enamex wordUID="WRD15290818178623xLAIM5PObttki" long="8.70134" lat="54.67661" type="location" gazref="GAZ1521655633923bLtI" name="Poland" conf="41.66666666666667">Poland</enamex> was occupied. And when they came to Lodz with the soldiers, they started to make raids on the Jewish people. [PAUSES FOR 3 SECONDS] They called people to the-- to the-- how to-- how called-- not on the street, but in the-- in the court from the houses, and they selected mostly first of all young people. They selected this one, that one, just with the finger. The soldiers looked ferocious. I remember my mother hid me in a attic. The worst part of it was that our own neighbors, <person>Polacks</person>, they put a finger on us so we couldn't hide. But somehow I was hidden, and a lot of people were selected to go with the soldiers. They never-- we never saw them again. There were incidents which I remember we have-- we had-- what do you call it-- a gate, a gate, a wooden gate in our-- in the courtyard. And when they took-- when they-- when they called some people, they had little kids on their arm, little babies. It's very hard to talk about it to me, but I saw they grabbed the children and threw it over the gate. Because I was hidden in a attic, it was a little like, like a little light there, and I looked down. Every day, we were afraid we're going-- we're going to be taken. Finally, it took, I suppose-- I, I understood people were dying. They did-- they took the, the Jewish people was-- which had beards, they were religious people. They cut them off in the street. They, they, they [? hit ?] them. It was-- it was very, very bad. Then it came a big announcement that we all have to go to the ghetto. I didn't know what the ghetto was, but it was outskirts of town, mostly Jewish populated and poor people. [PAUSES FOR 3 SECONDS] And one by one, the buildings were marked to go. How did we go? Me and my brother, we had a little like carriage. We put-- whatever we could, we put in there because we couldn't take much with us. Leave everything and go to ghetto, to those quarters. As I remember, on the way, a lot of people were, were dying on the way. Me and my brother, we were still young. My mother, my father, we all-- we all started to go to those quarters. A lot of people, young people, they ran away. They were on foot. They ran away to other par-- excuse me-- outer parts of the city. And they were-- they were trying to get to another country just away from, from <enamex wordUID="WRD15290818265330S8aVqvggOKg2s" long="8.70134" lat="54.67661" type="location" gazref="GAZ1521655633923bLtI" name="Poland" conf="41.66666666666667">Poland</enamex>. My father was in between them because they told him, you better go or you're going to get deported and shot anyway. But it took a day or two. He came back. He came back. He couldn't leave his family. [PAUSES FOR 3 SECONDS] In the ghetto, we, we were given a little room with another family-- very poor family-- to sleep and to eat with them together. And by the way, before I went to the ghetto, they had like rations, which I forget from one time to another. We had rations. We got pieces of bread, special-- Jews got very little to eat. [PAUSES FOR 3 SECONDS] And over there, we, we tried to be with that family, which was a very bad situation. We were not used to it. Matter of fact, that's the first time in my life I got period over there. And I get so scared, I thought I'm dying until my mother calmed me down and said that's the age. And we were there in the ghetto. Then they put this in another part of the city, was an apartment for ourselves. They took-- my father worked in a place where they distributed food for people. My mother worked in a-- in a kitchen, in a-- how do call it-- in a collective kitchen. That's what they called it. They took me out of schools. I was a very good student before the war. I had-- I had scholarship. I should have gone to what they call the gymnasium, but it was like, I suppose, junior high-- private. But it was-- everything was cut off. And they took me to a factory where they made hats for the soldiers, knitting hats. I learned how to knit. I was-- suppose I was very good at it. They kept me there. They gave us a soup every day. That was our life. When I came home, my mother came tired and brought a little from potato skins-- the potato skins, really, so she could make something for us to eat. My father was still working. And my brother was hungry, and the piece of bread, what we got for the ration-- many times, he ate it, not left-- not leaving anything for me. But there were-- they were kids. I, I probably was angry, but I don't remember too much about it. Then one day we were-- we were there for four and a half years in the ghetto. Somehow, it was cold. We had to blow on the stove to, to, to warm up a little food. [PAUSES FOR 4 SECONDS] We had the rations. And then we heard that our, our elders, who was-- who the German took for him to manage the ghetto, he had an order to bring around, I don't know, 50 or more little children so they can send them out. [PAUSES FOR 4 SECONDS] The whole population in the ghetto was so-- was so tragic, sad. Children, they took it away from their mothers, and they send them out. Nobody know where. They never saw them again. [PAUSES FOR 5 SECONDS] It was-- it was really tragic. Every day, a lot of people died from hunger. They couldn't manage. They couldn't stay alive. [PAUSES FOR 6 SECONDS] It was-- was 19-- I think it was 1943 or something. They said that we all have to leave the ghetto. We asked plenty, where we going to go? Nobody knew. Nobody knew. Nobody came back to tell us where they went. One by one, they selected streets. They selected people, and they took them away. My brother were taken away from home with other young men. It was called like a-- not like a prison, but like a hall where they-- where they took all those young people. [NON-ENGLISH], it was called. We all ran, that I remember, my mother, me, to see him, to see, see if-- what they did to them. We didn't know. They just got-- the soldiers got them-- I remember my brother's-- my brother's eyes when he looked at me. And he said, I'm going, but you're staying, like, like he would be jealous. And this stayed with me all of my life. [PAUSES FOR 3 SECONDS] I don't know why he said it. He was-- not he was jealous, but, of course, he didn't know where he was going. And I was staying with my parents. They took him away. We never knew about him-- where he disappeared, where he went, nothing. Nothing. [PAUSES FOR 3 SECONDS] We went-- they took us on, on a wooden horse and buggies. They took us to, to a place where they had-- to the train station. We didn't know where they take us. My father, mother, and me, we were put in the train like those cattle trains with no windows. It just was like a big [PAUSES FOR 4 SECONDS] wooden, wooden walls. And it was little light coming through. That's all we saw. And then they took us to a place. We found out that it was <enamex wordUID="WRD1529081835008etxS5ISBY7YhtK" long="19.2666666" lat="50.0333333" type="location" gazref="GAZ15287622545880ycb" name="Auschwitz" conf="100.0">Auschwitz</enamex>. A lot of people-- some people died on those trains. They-- there was no facilities to-- the bathrooms. Was no food. And we lay on the floor or on the bench. And they took us to a big hall in <enamex wordUID="WRD1529081844485wDw654atqNMkIo" long="19.2666666" lat="50.0333333" type="location" gazref="GAZ15287622545880ycb" name="Auschwitz" conf="100.0">Auschwitz</enamex> to select us. In that hall, there were a lot of people. But before they took us out of that hall, they made a selection like-- I remember like today. My father came down from the train, my mother. They could hardly walk from hunger and from exhaustion. Anyway, the-- they, they, they put a finger on my father to go one way. Me and my mother, they put on the other side. I never saw my father again. He was looking out and the last words he said before we went from the train, he said, stay close to your mother. [PAUSES FOR 4 SECONDS] And they took him away. They took him away with other people. Me and my mother came to a big, big hall. They asked us to take everything off, just to be naked, and put it on the floor. [PAUSES FOR 3 SECONDS] That time, somebody told us-- I don't remember, a woman or a man. They took women on one side, men on the other, that I shouldn't say that I am my mother's daughter because they will push-- put me someplace else. They would-- they would never let me stay with my mother. So my mother took her maiden name, but we still were together. From there, they took us to another room. They shaved our heads bare. Matter of fact, I didn't recognize my own mother. [PAUSES FOR 3 SECONDS] They took us again to <enamex wordUID="WRD1529081852494t59wKZVtjkZh9H" long="19.2666666" lat="50.0333333" type="location" gazref="GAZ15287622545880ycb" name="Auschwitz" conf="100.0">Auschwitz</enamex>. I mean, that-- we were in <enamex wordUID="WRD1529081859155W9iR5l53N1clWd" long="19.2666666" lat="50.0333333" type="location" gazref="GAZ15287622545880ycb" name="Auschwitz" conf="100.0">Auschwitz</enamex>, but the outskirts-- in, in the camp, there was a camp. [PAUSES FOR 5 SECONDS] They segregated us. Some of them were younger. Some of them were older. They put us on the-- on the floor, a lot of people in one room. When we had to go to the bathroom, there were bathrooms outside, like outhouses. We had to go through the people, every one of us. And we were there in <enamex wordUID="WRD1529081871143unTE5Arhso4UeN" long="19.2666666" lat="50.0333333" type="location" gazref="GAZ15287622545880ycb" name="Auschwitz" conf="100.0">Auschwitz</enamex>, then, then they, they-- we couldn't wash. There was a collective washroom. And we had-- they called it appels. Every morning, they took us outside, and they counted us. [PAUSES FOR 4 SECONDS] And after this, we went back. We got a soup, every one of us. The soup con-- it consisted of kohlrabi. I don't know how to call it in English, like a vegetable with water and one slice of bread. My mother was very weak. Me, I don't know. I was young, I suppose. Didn't bother me that much. We were there a few weeks like that. I saw from afar-- [PAUSES FOR 4 SECONDS] I saw the crematorium. A lot of people were taken there. And I even saw the, the-- what do you call it? I can't even talk about it. [DRINKS] A lot of girls wanted to go-- to run away. They got caught and killed. [PAUSES FOR 3 SECONDS] And we were there for a few weeks. From <enamex wordUID="WRD1529081880159BAOaYKUqZ0XYjt" long="19.2666666" lat="50.0333333" type="location" gazref="GAZ15287622545880ycb" name="Auschwitz" conf="100.0">Auschwitz</enamex>-- I don't know how long, if two weeks, or a month we were there, not working, just being, just existing. They took us again to a train. This time they selected people. This here. This there. I don't remember how many they selected. But luckily, my mother was selected to go where I was. And they took us to <enamex wordUID="WRD1529081886777HTzoLJWHZ3ZjI5" long="9.907099" lat="52.758899" type="location" gazref="GAZ1521672760295WsHt" name="Bergen-Belsen" conf="100.0">Bergen-Belsen</enamex>. <enamex wordUID="WRD1529081895006HsMgPCPPQSlEdc" long="9.907099" lat="52.758899" type="location" gazref="GAZ1521672760295WsHt" name="Bergen-Belsen" conf="100.0">Bergen-Belsen</enamex> was just made a camp. It was not even finished with the barracks. So we-- when we arrived on the outskirts of <enamex wordUID="WRD1529081904505CzfRjFhbLah0BF" long="9.907099" lat="52.758899" type="location" gazref="GAZ1521672760295WsHt" name="Bergen-Belsen" conf="100.0">Bergen-Belsen</enamex>, we had to walk like a few miles to the camp. I was very weak on the way to <enamex wordUID="WRD1529081913315Lvnk8zBMQfOAZH" long="9.907099" lat="52.758899" type="location" gazref="GAZ1521672760295WsHt" name="Bergen-Belsen" conf="100.0">Bergen-Belsen</enamex>. I was sick, and I had typhus-- diarrhea and fever. But I walked. If I would stop, I would be killed. Finally, we arrived-- a few miles, and we arrived in <enamex wordUID="WRD15290819194037TpwbxwTfYc0gf" long="9.907099" lat="52.758899" type="location" gazref="GAZ1521672760295WsHt" name="Bergen-Belsen" conf="100.0">Bergen-Belsen</enamex>. Me, they put in a makeshift hospital. They put me on straw. I remember like today. My mother, poor mother, was crying that I'm dying. Well, somehow, I came out of it. Then they were-- the barracks were ready. They put us in barracks on, on-- what do you call those beds, one on top of the other. Got to help me remember those names. </answer><question>INT: Bunk, bunk beds. </question><answer>AE: Bunk-beds, right, on straw. And we were there, like, I don't know how many women. The bathroom facilities was a big, big can-like in the back. We all had to use it. I was very sick. I even were delirious. I, I told everybody-- how do I know about it is one of the girls survived, and I saw her afterwards, after the war. She told me I gave everybody food. I didn't know what I was saying, but I rationed everybody food because I was delirious. I had so much fever. And they took me to a hospital. That time, there was a-- there was a, a barrack, like they called it, and they called it the hospital. They, they had a nurse of our people, a girl who was a nurse. And then it was a German doctor. And I was there in barrack for a nice few months in <enamex wordUID="WRD15290819296374aGazvl34bdB1T" long="9.907099" lat="52.758899" type="location" gazref="GAZ1521672760295WsHt" name="Bergen-Belsen" conf="100.0">Bergen-Belsen</enamex>. My mother was in <enamex wordUID="WRD1529081936842USmj1fFCPoRsAv" long="9.907099" lat="52.758899" type="location" gazref="GAZ1521672760295WsHt" name="Bergen-Belsen" conf="100.0">Bergen-Belsen</enamex> too, and they did, every day, selections. They took-- they took people to work. She hid in the bathroom because she didn't want to leave me alone. They didn't catch her but she finally got sick and tub-- tuberculosis because there was no food. And she came to the same hospital as I was. I got well, well enough that they saw that I am well. I had to help with the-- with the chores. I had to take out the big can-- what we made, you know, what we relieved ourselves-- out. Then they took me to help out to take the dead bodies with another girl outside in a big ditch. I never forget that. There were I don't know how many people laying there already. They took-- everybody who died, they took to another room there where we used to-- the washroom, and they put them on the floor. And then they took us girls, one by the legs and one by the arms, to take them to that ditch. There was a quite a while until my mother got so sick that she died. I didn't take her out, but I can imagine. And I was running around everybody to say, my mother is going-- is, is going to die. My mother is going to die. One doctor that was a woman, our people-- she didn't have a choice, I suppose-- she said, where's she going? I was-- I was there when she died. They probably took her out in the same place. Now I was in <enamex wordUID="WRD1529081944594wW5nRFgsVSmnyN" long="9.907099" lat="52.758899" type="location" gazref="GAZ1521672760295WsHt" name="Bergen-Belsen" conf="100.0">Bergen-Belsen</enamex> for quite a while. Up till 1944-- I don't remember the date. I don't. [PAUSES FOR 5 SECONDS] All of a sudden, I couldn't walk because I was so weak from those typhuses. But all the girls and everybody went out to see the English peo-- soldiers to come to free us. They called them the Tommys. I went out holding-- I remember holding to the wall. I was very skinny, and I couldn't walk. And we were so happy to see them. They, they did what they could. They saw what happened. They wanted to give us food, so they gave us whatever rations they had in the-- in the trucks. There was cans. They meant well, but a lot of our people died. They were not used to digest it. All of a sudden, well, we were very happy that we, we heard the Germans are in the woods. They are running away. They are going. And a lot of-- a lot of girls went out running, and, and, and I couldn't run. We just saw one incident which I was really happy to see. It was a, a truck with German SS girls. They hi left and right everybody. And <person>Irma Grese</person> was on it. <person>Irma Grese</person> is very-- is very known even after the war. In [? <enamex wordUID="WRD1529081952496L5O6iSDzLaVUiu" long="8.56216" lat="53.51033" type="location" gazref="GAZ1521655633923bLtI" name="Luneburg" conf="25.0">Luneburg</enamex>, ?] they had her. And she was ugly as a-- as night. And she had a bleeding hole in her head. I remember one English soldier ask, please is there somebody, a nurse here? [PAUSES FOR 8 SECONDS] And one of the girls who was in that hospital who was a nurse. I am a nurse. So he says, could you-- could you bandage her? She says, yeah, but I have to cut her hair off. She had long blond hair. And the soldier said, I wish I could, but I have orders to bring her in one piece. That was the only thing I saw when the Englishmen came in. </answer>
<interviewee>Ann Eichner</interviewee><gender>unisex</gender>
<person>King Gustaf</person><person>Fred Eichner</person><person>Sydney Krantz</person><question>INT: Today is September 27th, 1996. We are interviewing <person>Ann Eichner</person>, E-I-C-H-N-E-R in <enamex wordUID="WRD1529081721899T7fx4vgHQErh6f" long="-80.1876297" lat="26.25963974" type="location" gazref="GAZ15287622545880ycb" name="Coconut Creek" conf="100.0">Coconut Creek</enamex>, <enamex wordUID="WRD1529081726875PT3HMCKx4NgS5n" long="-58.49552155" lat="-34.52967834" type="location" gazref="GAZ15287622545880ycb" name="Florida" conf="100.0">Florida</enamex>, and this is Tape 2. </question><answer>AE: Is what? </answer><question>INT: Mrs. <person>Eichner</person>, we ended with them taking away the SS girls. </question><answer>AE: Yeah. All right. We all were relieved that we were going to be saved. Not that it was such a happy occasion, because we didn't have anybody left. My mother died. I didn't know when my father died-- where, how. My brother, nothing. But then I was so weak I couldn't even walk. A few days later came an announcement that a Swedish man-- a, a Swedish man from the Red Cross-- is going to take a lot of people to <enamex wordUID="WRD1529081733737PTxATi3BNRDsmo" long="-3.9" lat="52.8" type="location" gazref="GAZ1521655590814GtTt" name="Sweden" conf="33.333333333333336">Sweden</enamex>. Before that, they took us, mostly sick people, to a rundhaus, they call it, in German. There were officers quarters which were empty already. The officers flew. They ran. And they took us on stretchers to the outskirts of <enamex wordUID="WRD1529081740175ZG3vDQTJMPXcoz" long="9.907099" lat="52.758899" type="location" gazref="GAZ1521672760295WsHt" name="Bergen-Belsen" conf="100.0">Bergen-Belsen</enamex>. In other words, <enamex wordUID="WRD1529081749847Wvmv2602PDnXqk" long="9.907099" lat="52.758899" type="location" gazref="GAZ1521672760295WsHt" name="Bergen-Belsen" conf="100.0">Bergen-Belsen</enamex> was the outskirts, but <enamex wordUID="WRD1529081757958i6rcav5F4G75PB" long="7.25283" lat="51.51412" type="location" gazref="GAZ1521655633923bLtI" name="Bergen" conf="100.0">Bergen</enamex> was the town. I was among them. They fed us. We finally got some food in us, and they made sure that we would be a little bit more healthy. Then the order came that the Swedish king, he said-- he agreed he's going to send people to take us to <enamex wordUID="WRD1529081764632sUQlU2UO6TDfaX" long="-3.9" lat="52.8" type="location" gazref="GAZ1521655590814GtTt" name="Sweden" conf="33.333333333333336">Sweden</enamex> for convalescent so they can heal us. I don't know what happened with the other people, a lot of them. The more healthier people. They were going each way, each other way. I don't know if they found somebody or not. They were running, because the war was over. So from there, his name was [? <person>Bernardat</person>, ?] a Swedish man. He came from the direction of the king, <person>King Gustaf</person> in <enamex wordUID="WRD1529081774914uo0QUm0bO5UWBj" long="-3.9" lat="52.8" type="location" gazref="GAZ1521655590814GtTt" name="Sweden" conf="33.333333333333336">Sweden</enamex>, and made arrangements for us to go with a boat to <enamex wordUID="WRD1529081783745aBjNhBc0EWTKkg" long="-3.9" lat="52.8" type="location" gazref="GAZ1521655590814GtTt" name="Sweden" conf="33.333333333333336">Sweden</enamex>. We were taken on stretchers to the boat. I remember like today. And we wound up in <enamex wordUID="WRD1529081788684BAUPs0TExElNPq" long="11.9424" lat="58.34784" type="location" gazref="GAZ15287622545880ycb" name="Uddevalla" conf="100.0">Uddevalla</enamex>, it was called-- a town. <enamex wordUID="WRD1529081799958vUFgOFVWwvPDmG" long="11.9424" lat="58.34784" type="location" gazref="GAZ15287622545880ycb" name="Uddevalla" conf="100.0">Uddevalla</enamex> in <enamex wordUID="WRD15290818050818Y9aWdabyMpHuE" long="-3.9" lat="52.8" type="location" gazref="GAZ1521655590814GtTt" name="Sweden" conf="33.333333333333336">Sweden</enamex>. They took us to an empty school house, and they had doctors there. And little by little, they fed us. The worst part of it was, on the street it in <enamex wordUID="WRD15290818127079lwFF9LFAz53qG" long="-3.9" lat="52.8" type="location" gazref="GAZ1521655590814GtTt" name="Sweden" conf="33.333333333333336">Sweden</enamex>, in <enamex wordUID="WRD1529081821943frqfQeW0bD2HWg" long="11.9424" lat="58.34784" type="location" gazref="GAZ15287622545880ycb" name="Uddevalla" conf="100.0">Uddevalla</enamex>, there were a lot of people, Swedish people, looking up. We should come to the window. They wanted to see the victims. We all were without hair. And a lot of girls didn't want-- boys, too, they didn't want to go to the window. But they were very kind. The king sent us presents and sent us food. And the doctors were there. And that was-- they made sure we had hot showers so we don't bring the disease to <enamex wordUID="WRD15290818312859Hk6vgeARi4VB9" long="-3.9" lat="52.8" type="location" gazref="GAZ1521655590814GtTt" name="Sweden" conf="33.333333333333336">Sweden</enamex>. Hot and cold. From hot to cold. They were very nice to us, the Swedish people. Eventually, we got well. And in the hospital-- I happened to have an appendix operation. I had pain in my appendix. And the last minute, the doctor came in and he said-- I didn't understand Swedish, but I understand. He told me, operation. Operation? I knew I had to have an operation. And they didn't listen to me. I didn't want to go. They took me, and they operated on me. And when I got well, they sent us to a camp for healthy people so we could adjust to the country and take care of ourselves. We were there in that camp quite awhile, until we got well enough. And they selected people to go all different places. Me they took with other girls to a school. I was young yet. And they took me to a school-- the religious school, it happened to be. And that's where I got the pictures from. </answer><question>INT: How old were you? </question><answer>AE: I could have been like 15? I don't really remember. It has to be-- I was 13 when the war broke out. That was 1944 when they took us. From '39, how old could I have been? </answer><question>INT: What year were you born in? </question><answer>AE: Beg your pardon? </answer><question>INT: What year were you born? </question><answer>AE: 26. </answer><question>INT: 26. It was 1944. So you were 18. </question><answer>AE: I must have been 18. Because we were-- right. I must have been 18. So they took us. They taught us a little-- you know, how to be a people again. Because we were scared. We saw some-- or whatever. We couldn't adjust so well, and also health-wise. Then they selected people to go-- to learn how to support ourselves. To learn so we could function. Me with other girls they sent to-- from that school, they sent a lot of girls who were volunteering to go to <enamex wordUID="WRD1529081843384knMKyz6VDqPqVF" long="0.0" lat="0.0" type="location" gazref="GAZ1521672762038fpcL" name="Israel" conf="0.0">Israel</enamex>. They send them to <enamex wordUID="WRD1529081847770bi2yTlLlvKp7lg" long="0.0" lat="0.0" type="location" gazref="GAZ1521672762038fpcL" name="Israel" conf="0.0">Israel</enamex>. I was a few girls who couldn't go, because there wasn't enough place. I was among them. They took me to <enamex wordUID="WRD1529081857306XyFmj6ND6BL16m" long="12.38777" lat="54.23353" type="location" gazref="GAZ1521655633923bLtI" name="Goteborg" conf="25.0">Goteborg</enamex>. Get That's the second biggest town in <enamex wordUID="WRD1529081867837NHtDxIJIW3tnUC" long="-3.9" lat="52.8" type="location" gazref="GAZ1521655590814GtTt" name="Sweden" conf="33.333333333333336">Sweden</enamex>. They took me to <enamex wordUID="WRD1529081874669yb53dta258k6Yf" long="12.38777" lat="54.23353" type="location" gazref="GAZ1521655633923bLtI" name="Goteborg" conf="25.0">Goteborg</enamex>, and they taught me how to sew on a machine. And I was there until I don't know how long. Then I could work. They send me to <person>Axvall</person>. <person>Axvall</person> was a-- I'm talking German already. There was a place for tuberculosis. How do you call the-- </answer><question>INT: A sanatorium? </question><answer>AE: A sanatorium, right. To work there as a help, a nurse's help. I was there a few weeks, and they realized I'm too young. I could catch tuberculosis. So they sent me back to <enamex wordUID="WRD1529081879348w1yLo2zJci8Qxw" long="12.38777" lat="54.23353" type="location" gazref="GAZ1521655633923bLtI" name="Goteborg" conf="25.0">Goteborg</enamex>. In <enamex wordUID="WRD1529081885794HQppHUDfvLFLaa" long="12.38777" lat="54.23353" type="location" gazref="GAZ1521655633923bLtI" name="Goteborg" conf="25.0">Goteborg</enamex>, I worked-- called a [NON-ENGLISH]. In a school where they had invalid kids, I mean, sick kids. Not sick physically, but mentally. It was like a school to, to-- a rehabilitation school. I was there awhile, and I was already well. Well enough to walk around, to go places. I had girlfriends. I made boyfriends. I worked awhile there. And from there, I met another Holocaust survivor, a guy. And we got friendly. We started being together. From the same town as I was born. He had the same experiences. So we got close with each other. And eventually, we married. We married in 1951, I think. I had it here. [PAUSES FOR 5 SECONDS] We married, and we both worked in the same factory, sewing factory. [PAUSES FOR 3 SECONDS] Anyway, we tried to make our life back. But all the memories in our families, we could never find anybody. He couldn't find anybody. I couldn't find anybody. Not my brother. I don't know where he disappeared. There were papers, English papers, all around the world papers. They asked us to write to them, and they going to look for-- for our siblings, for parents. I wrote, and I wrote. Didn't get no answer. [PAUSES FOR 6 SECONDS] [INAUDIBLE]. [PAUSES FOR 7 SECONDS] Was it 1951? I, I was writing to my aunt here in <enamex wordUID="WRD1529081895851Xf8jGeqgOEOdMO" long="0.0" lat="0.0" type="location" gazref="GAZ1521672762038fpcL" name="America" conf="0.0">America</enamex>. She was-- she went-- before they sent everybody to get to us, she somehow was smuggled to <enamex wordUID="WRD1529081900025QVJ9z1S4RsZvUc" long="0.0" lat="0.0" type="location" gazref="GAZ1521672762038fpcL" name="America" conf="0.0">America</enamex>, to the. <enamex wordUID="WRD15290819082835F89mmsRoO3EL3" long="0.0" lat="0.0" type="location" gazref="GAZ1521672762038fpcL" name="United States" conf="11.538461538461537">United States</enamex>. She got in touch with me. I knew I had an aunt in <enamex wordUID="WRD1529081915701aY6pjubM1iCJ8X" long="0.0" lat="0.0" type="location" gazref="GAZ1521672762038fpcL" name="America" conf="0.0">America</enamex>, so I wrote to the Jewish organization, JOINT, to look for her. And they found her. And eventually, she sent papers for me to emigrate to the <enamex wordUID="WRD1529081924176WoImNeCCrgl6BR" long="0.0" lat="0.0" type="location" gazref="GAZ1521672762038fpcL" name="United States" conf="11.538461538461537">United States</enamex>. It took quite a while. I was from <enamex wordUID="WRD15290819336244JswoRYV2cfO2a" long="12.38777" lat="54.23353" type="location" gazref="GAZ1521655633923bLtI" name="Goteborg" conf="25.0">Goteborg</enamex>. We went to live in <enamex wordUID="WRD1529081942412j2PacNKyFNpUY3" long="0.0" lat="0.0" type="location" gazref="GAZ1521672762038fpcL" name="Falkoping" conf="27.77777777777778">Falkoping</enamex>. And <person>Boras</person>-- <person>Boras</person> in <enamex wordUID="WRD1529081948083U65Pual2L3NivR" long="-3.9" lat="52.8" type="location" gazref="GAZ1521655590814GtTt" name="Sweden" conf="33.333333333333336">Sweden</enamex>, where we both were very happy. We still were young. And we married. And he couldn't have no papers, because my aunt could only send it for me. So 19-- wait a minute. I have it written down what time I came to the <enamex wordUID="WRD15290819568004kBmhl9VzrheId" long="0.0" lat="0.0" type="location" gazref="GAZ1521672762038fpcL" name="United States" conf="11.538461538461537">United States</enamex>. It was 1950-- [PAUSES FOR 5 SECONDS] '58 or something-- oh, no. What am I talking about? 1951. 28th of December, my papers were ready, and I went on a ship, Gripsholm, [PAUSES FOR 3 SECONDS] from <enamex wordUID="WRD1529081964587o1nXIjGMELOFJE" long="12.38777" lat="54.23353" type="location" gazref="GAZ1521655633923bLtI" name="Goteborg" conf="25.0">Goteborg</enamex> to go to the <enamex wordUID="WRD1529081970209L810tGs89YDMTz" long="0.0" lat="0.0" type="location" gazref="GAZ1521672762038fpcL" name="United States" conf="11.538461538461537">United States</enamex>. I left my husband behind. And I promised to work on it, he should come to <enamex wordUID="WRD1529081978540lsVvr4ndGD4J0d" long="0.0" lat="0.0" type="location" gazref="GAZ1521672762038fpcL" name="United States" conf="11.538461538461537">United States</enamex> also. Which I did. I arrived in the <enamex wordUID="WRD1529081989966pzBndEKFPphCwn" long="0.0" lat="0.0" type="location" gazref="GAZ1521672762038fpcL" name="United States" conf="11.538461538461537">United States</enamex>, and the organization-- the Joint it was called-- in <enamex wordUID="WRD1529081995103ybny23x1TZIO1U" long="-0.15" lat="53.083333" type="location" gazref="GAZ1521655590814GtTt" name="New York" conf="100.0">New York</enamex>. It was a big, big, big thing to me to come to a county like this. I didn't know the language. I didn't-- well, in <enamex wordUID="WRD1529082003757AtzPPIqV1pcs0M" long="-3.9" lat="52.8" type="location" gazref="GAZ1521655590814GtTt" name="Sweden" conf="33.333333333333336">Sweden</enamex>, I did learn a little English. Because I wanted to. I knew I'm going to come to the <enamex wordUID="WRD15290820111310qBNfQqaIDlRTu" long="0.0" lat="0.0" type="location" gazref="GAZ1521672762038fpcL" name="United States" conf="11.538461538461537">United States</enamex>. And I happen to be very talented in languages. And I comprehended a little. So just to get me by. I came to the <enamex wordUID="WRD1529082015510roTTjS3R1rKuG5" long="0.0" lat="0.0" type="location" gazref="GAZ1521672762038fpcL" name="United States" conf="11.538461538461537">United States</enamex>, and I was very lonely. And a Jewish organizations found some people for me which I knew from the same town in <enamex wordUID="WRD1529082024069SSMMt6eQzLMtLi" long="-3.9" lat="52.8" type="location" gazref="GAZ1521655590814GtTt" name="Sweden" conf="33.333333333333336">Sweden</enamex>, <person>Boras</person>. Which they immigrated, also. There were-- they were here in the <enamex wordUID="WRD1529082036284TRRrJ9VtUWD3Wg" long="0.0" lat="0.0" type="location" gazref="GAZ1521672762038fpcL" name="United States" conf="11.538461538461537">United States</enamex>, and she got me together with them. Because I had my aunt. And I went to <enamex wordUID="WRD15290820421136SYQe8rmM1eXM4" long="-74.03916667" lat="40.69916667" type="location" gazref="GAZ15287622545880ycb" name="Ellis Island" conf="100.0">Ellis Island</enamex> many times myself to argue with the authorities to let my husband come to the <enamex wordUID="WRD1529082049042R5CkYMe5r17Ph4" long="0.0" lat="0.0" type="location" gazref="GAZ1521672762038fpcL" name="United States" conf="11.538461538461537">United States</enamex>. It took about, I think, a year. And I moved at that time to <enamex wordUID="WRD1529082056746d6cbQ5fyzprUw2" long="-74.1666666" lat="40.9166666" type="location" gazref="GAZ15287622545880ycb" name="Paterson" conf="100.0">Paterson</enamex>, <enamex wordUID="WRD1529082064444A44CKetKYNQRPT" long="10.16602" lat="52.5013" type="location" gazref="GAZ1521655633923bLtI" name="New Jersey" conf="20.0">New Jersey</enamex> from <enamex wordUID="WRD1529082071720avnwrYXoGfzcdq" long="-0.15" lat="53.083333" type="location" gazref="GAZ1521655590814GtTt" name="New York" conf="100.0">New York</enamex>. I worked in a factory. They call it sweat shops. I was in one. I had to support myself. And I went to pick him up. That time, I had already friends, and I was halfway happy. [PAUSES FOR 3 SECONDS] And he came here to the <enamex wordUID="WRD1529082080610STUyViDag2KBtd" long="0.0" lat="0.0" type="location" gazref="GAZ1521672762038fpcL" name="United States" conf="11.538461538461537">United States</enamex> and started to go to school. He was my age. He was born in July, the same year, and I was born in December. And he made eventually the electric license. He was an electrician. [PAUSES FOR 5 SECONDS] And we decided to have a family, and the rest is probably history. I had two kids, beautiful children. [PAUSES FOR 3 SECONDS] I was a housewife, he was working. And we made a life in the <enamex wordUID="WRD1529082089052V1l0YLqvT3i1Mv" long="0.0" lat="0.0" type="location" gazref="GAZ1521672762038fpcL" name="United States" conf="11.538461538461537">United States</enamex>. But I never found any of my relatives-- any of my mother or-- mother was dead. Father, I didn't know where he died. I looked for my brother high and wide, and I never found anything about him. I don't know how I survived, but I must have been God's will that I should make a new generation. That's the only thing I could figure out. [PAUSES FOR 5 SECONDS] That's what it is. And I belong to the organizations, you know, Holocaust survivors. And we're all like a family, because we don't have a family. It's not easy. But thank God, <enamex wordUID="WRD1529082098394gMg5s1EvFrqDvo" long="0.0" lat="0.0" type="location" gazref="GAZ1521672762038fpcL" name="United States" conf="11.538461538461537">United States</enamex> is a wonderful country. We made a living. My kids grew up. They married. They have children. And I'm going to be 69, and I'm going to live to see my grandson's bar mitzvah, my first one. I never thought, being in <enamex wordUID="WRD1529082105454LTHHqaoDDUsEks" long="19.2666666" lat="50.0333333" type="location" gazref="GAZ15287622545880ycb" name="Auschwitz" conf="100.0">Auschwitz</enamex>, that I ever come to that. It's probably God's will. But from all these things, they took everything away from our lives. And just because we are Jewish. [DRINKS] I just hope to God [PAUSES FOR 4 SECONDS] that it never repeats itself. Because really thinking about it, who could understand what we went through? When they tell me about all those nations, in <enamex wordUID="WRD1529082113352AfkGYQfuATsdZB" long="15.71667" lat="51.3" type="location" gazref="GAZ1521655896410oFUT" name="Yugoslavia" conf="20.0">Yugoslavia</enamex> and all over, I am sympathizing fine. But it's still not the same. You can't. And so many times, if I talk to the American people, they-- some of them in the beginning said, what do you mean you didn't have breads? Or you could eat potatoes. I look at them. There's no answer. Who had potatoes? So I just hope to God that that never occurs again, that my grandchildren will be happy and, and, and, and not have that kind of a world. </answer><question>INT: Mrs. <person>Eichner</person>, introduce that handsome gentleman to your side. </question><answer>AE: This is my husband, <person>Fred Eichner</person>, which I met a nice few years after my first husband went, [PAUSES FOR 3 SECONDS] went away from me. My kids were all married. I had grandchildren. We come from the same county, and a lot of things bind us together. He comes from <enamex wordUID="WRD15290821219189PyABcPWif86tJ" long="12.78276" lat="54.12372" type="location" gazref="GAZ1521655633923bLtI" name="Krakow" conf="100.0">Krakow</enamex>, <enamex wordUID="WRD15290821275164B6q4Ko9Ut7npf" long="8.70134" lat="54.67661" type="location" gazref="GAZ1521655633923bLtI" name="Poland" conf="41.66666666666667">Poland</enamex>. And we got together. And finally we decided we're going to emigrate to <enamex wordUID="WRD1529082134282TWY9ZN0hp0DLws" long="-58.49552155" lat="-34.52967834" type="location" gazref="GAZ15287622545880ycb" name="Florida" conf="100.0">Florida</enamex> from <enamex wordUID="WRD1529082142576w6qwXe19QMNcDy" long="10.16602" lat="52.5013" type="location" gazref="GAZ1521655633923bLtI" name="New Jersey" conf="20.0">New Jersey</enamex> and made a home for ourselves. He was-- before the war, he was a boxer. Not a professional, there was no professionals. Amateur boxer. He had a lot of friends. And he seems to be very happy in <enamex wordUID="WRD15290821495548gDU7jBfMPorbD" long="-58.49552155" lat="-34.52967834" type="location" gazref="GAZ15287622545880ycb" name="Florida" conf="100.0">Florida</enamex>. So that's what we are here, from 1982. [PAUSES FOR 3 SECONDS] And I hope we'll be well enough to be many years together. Catch That's all I can tell you. </answer><question>INT: Would you like to say something, Mr. <person>Eichner</person>? </question><answer>FRED <person>EICHNER</person>: Me, I met my wife. She was young and beautiful. This what we decide, you know, be together. We're both continuing over here in the [? winter. ?] And we stay together. </question><answer>AE: And you have to mention that his wife died about eight years ago before we met. </question><answer>FRED <person>EICHNER</person>: Yeah. </question><answer>AE: And he has children, which are my children also. We have a big family right now. And I try to be happy not to remember all that which can never happen, and we just both hope that this is enough. The world had enough. I hope it never repeats itself. [PAUSES FOR 9 SECONDS] This is a picture taken 1939, summertime. It's the year when the war broke out. But before, my aunt-- this is my father, <person>Pinchas</person>, and his sister, my aunt [INAUDIBLE], <person>Bronia</person>. And she was in a resort in <enamex wordUID="WRD1529082158354y79vUmIjGbhDnw" long="8.70134" lat="54.67661" type="location" gazref="GAZ1521655633923bLtI" name="Poland" conf="41.66666666666667">Poland</enamex> named <person>Szvzvnica</person>, S-Z-C-Z-V-N-I-C-A. And my father was visiting his sister. </answer><question>INT: Who's in this picture? </question><answer>AE: This is me in 1951. [PAUSES FOR 5 SECONDS] In <enamex wordUID="WRD1529082166292zNH7zZXfs48zxN" long="-74.1666666" lat="40.9166666" type="location" gazref="GAZ15287622545880ycb" name="Paterson" conf="100.0">Paterson</enamex>, <enamex wordUID="WRD1529082175433aqescbrv6WjpEI" long="10.16602" lat="52.5013" type="location" gazref="GAZ1521655633923bLtI" name="New Jersey" conf="20.0">New Jersey</enamex>, when I came to the <enamex wordUID="WRD1529082184337fPKtAybmtQDEWW" long="0.0" lat="0.0" type="location" gazref="GAZ1521672762038fpcL" name="United States" conf="11.538461538461537">United States</enamex>. This picture is taken in <enamex wordUID="WRD1529082194433Q15qC269iGOq3m" long="-3.9" lat="52.8" type="location" gazref="GAZ1521655590814GtTt" name="Sweden" conf="33.333333333333336">Sweden</enamex>, 1945, when I still didn't have much hair. It didn't grow back. And this was my girlfriend. In the city of <enamex wordUID="WRD1529082197804pXTjTNL1vnePYB" long="0.0" lat="0.0" type="location" gazref="GAZ1521672762038fpcL" name="Falkoping" conf="27.77777777777778">Falkoping</enamex>. This picture was taken in <enamex wordUID="WRD15290822041566CQeS54FwGho2a" long="-3.9" lat="52.8" type="location" gazref="GAZ1521655590814GtTt" name="Sweden" conf="33.333333333333336">Sweden</enamex> 1945 or '46. And at [INAUDIBLE] park. That what was called in Swedish. And two of my girlfriends. </answer><question>INT: What is this a picture of? </question><answer>AE: This picture is taken in the beginning of 1945. After the quarantine, I was in <enamex wordUID="WRD1529082212532OlTgJf0MhdlSWQ" long="-3.9" lat="52.8" type="location" gazref="GAZ1521655590814GtTt" name="Sweden" conf="33.333333333333336">Sweden</enamex>, in <enamex wordUID="WRD1529082219374FHVnGW2Ezosx87" long="11.9424" lat="58.34784" type="location" gazref="GAZ15287622545880ycb" name="Uddevalla" conf="100.0">Uddevalla</enamex>. They sent us to a school, to a school with all other girls which they were from all kind of camps-- not just from <enamex wordUID="WRD1529082228188UXlmCgQEVWaYtu" long="9.907099" lat="52.758899" type="location" gazref="GAZ1521672760295WsHt" name="Bergen-Belsen" conf="100.0">Bergen-Belsen</enamex>. </answer><question>INT: Who's in this picture? </question><answer>AE: This is a picture taken in 1980 in <enamex wordUID="WRD1529082240882dgD7H3RWq4YnAQ" long="-83.38353729" lat="42.28493118" type="location" gazref="GAZ15287622545880ycb" name="Wayne" conf="100.0">Wayne</enamex>, <enamex wordUID="WRD15290822463594kiaCfhbZSchFu" long="10.16602" lat="52.5013" type="location" gazref="GAZ1521655633923bLtI" name="New Jersey" conf="20.0">New Jersey</enamex>. On the right hand side is my son and his wife, my daughter and her husband, my grandson, <person>Simon</person>, my granddaughter, <person>Katie</person>, me, <person>Matthew</person> and <person>Brian</person> next. </answer><question>INT: Who is this? </question><answer>AE: This is my newest addition of grandchildren. She is four years old, and her name is <enamex wordUID="WRD1529082256368BL0geuliYayOSt" long="0.0" lat="0.0" type="location" gazref="GAZ1521672762038fpcL" name="Sydney" conf="100.0">Sydney</enamex>. <person>Sydney Krantz</person>, my daughter's daughter. </answer><question>INT: Who's in this picture? </question><answer>AE: This is a picture of me and my husband. It's our wedding picture. </answer><question>INT: When was it taken? </question>
<interviewee>Ann Eichner</interviewee><gender>unisex</gender>
<person>Sheryl Basso</person><person>Sheryl Basso</person><interviewee>Ann Eichner</interviewee><gender>unisex</gender>
<person>Hannah Wolhendler</person><person>Estella Hannah</person><person>Pinchas Wolhendler</person><person>Karola Wolhendler</person><person>Karola Szczupak</person><person>Adolf Hitler</person><person>Irma Grese</person><person>Irma Grese</person><question>INT: Today is September 27, 1996. We are interviewing the survivor <person>Ann Eichner</person>, E-I-C-H-N-E-R, maiden name, <person>Wolhendler</person>, W-O-L-H-E-N-D-L-E-R. Interviewer's name, <person>Sheryl Basso</person>, B-A-S-S-O. Coconut Creek, <enamex wordUID="WRD1529081739210u2EQmHN2DfQJQk" long="-58.49552155" lat="-34.52967834" type="location" gazref="GAZ15287622545880ycb" name="Florida" conf="100.0">Florida</enamex>, <enamex wordUID="WRD1529081745924kxuPULQsET1g7M" long="0.0" lat="0.0" type="location" gazref="GAZ1521672762038fpcL" name="United States of America" conf="6.25">United States of America</enamex>. The language is English. Today is September 27, 1996. We are in <enamex wordUID="WRD1529081754769IiKPU29GEUe3wX" long="-80.1876297" lat="26.25963974" type="location" gazref="GAZ15287622545880ycb" name="Coconut Creek" conf="100.0">Coconut Creek</enamex>, <enamex wordUID="WRD1529081762830giebeaIKlioPjm" long="-58.49552155" lat="-34.52967834" type="location" gazref="GAZ15287622545880ycb" name="Florida" conf="100.0">Florida</enamex>, <enamex wordUID="WRD1529081765327wurCLf3gPyXKKh" long="0.0" lat="0.0" type="location" gazref="GAZ1521672762038fpcL" name="United States of America" conf="6.25">United States of America</enamex>. The interview will be done in the English language. My name is <person>Sheryl Basso</person>, B-A-S-S-O, and I'd like to introduce <person>Ann Eichner</person>, E-I-C-H-N-E-R. </question><answer>AE: Actually-- excuse me. OK? I didn't-- I didn't tell you that I was <person>Hannah Wolhendler</person>, but I was <person>Estella Hannah</person>. So you didn't marked it, but I-- I should say it. </answer><question>INT: We'll change it. We'll change it. Mrs. <person>Eichner</person>, [PAUSES FOR 6 SECONDS] what day were you born, Mrs. <person>Eichner</person>? </question><answer>AE: I was born December 25, 1926. </answer><question>INT: In what country? </question><answer>AE: In <enamex wordUID="WRD1529081776059z1lqYdRgMxX1U8" long="8.70134" lat="54.67661" type="location" gazref="GAZ1521655633923bLtI" name="Poland" conf="41.66666666666667">Poland</enamex>. Lodz, <enamex wordUID="WRD1529081780147jNt7NMBMUQDeCU" long="8.70134" lat="54.67661" type="location" gazref="GAZ1521655633923bLtI" name="Poland" conf="41.66666666666667">Poland</enamex>. </answer><question>INT: And your father's name was? </question><answer>AE: My father's name was <person>Pinchas Wolhendler</person>, W-O-L-H-E-N-D-L-E-R. </answer><question>INT: And your mother's name? </question><answer>AE: My mother's, <person>Karola Wolhendler</person>. </answer><question>INT: And her maiden name was? </question><answer>AE: Her maiden name was <person>Karola Szczupak</person>, C-Z-- C-- C-Z-- S-Z-C-Z-U-P-A-K. </answer><question>INT: And what was her father's occupation? </question><answer>AE: My father was like collecting money from the-- from the-- for the firm over-- all over <enamex wordUID="WRD1529081791424IeDc4AMTIIBOui" long="8.70134" lat="54.67661" type="location" gazref="GAZ1521655633923bLtI" name="Poland" conf="41.66666666666667">Poland</enamex>. He was sent all over <enamex wordUID="WRD1529081797726nuv7gcImWupXru" long="8.70134" lat="54.67661" type="location" gazref="GAZ1521655633923bLtI" name="Poland" conf="41.66666666666667">Poland</enamex> to collect money for the firm he worked for. </answer><question>INT: And your mother's occupation? </question><answer>AE: She was a housewife. </answer><question>INT: And did you have any sisters or brothers? </question><answer>AE: I had a brother three years older than me. His name was <person>Moishe</person> [? <person>Wolf</person> ?] and Wolhendler. </answer><question>INT: And did you have grandparents and other extended family? </question><answer>AE: My only grandmother was alive when I was-- when I remember. Her name was <person>Minka</person>, M-I-N-K-A, Hammer, H-A-M-M-E-R. The rest, I don't know. I never met them. They were not-- they were deceased. </answer><question>INT: So what was your childhood like, a typical day in your childhood in Lodz? </question><answer>AE: I was born in a-- in a middle class family in a nice, nice section of the town in <enamex wordUID="WRD1529081809101TJPRC4YwrDcS1z" long="19.47487068" lat="51.77230835" type="location" gazref="GAZ15287622545880ycb" name="Lodz" conf="100.0">Lodz</enamex>. And I was very protected by my mother as a child. I had a happy childhood. My father was a very delicate man and a very loving man. And as, as I could remember, it always was fights with the siblings, siblings. My brother and me always fought, but that was in fun. It was not in tragic. And we went every year to, to the country for the summer, for vacation. We came back. Food was plenty. We even had a maid. [? <person>Vladia</person>, ?] her name was. She was a country girl, and she lived with us. I went to school. My mother was so protective of me that she sent her to take me to school and to pick me up from school. [PAUSES FOR 4 SECONDS] That's all I can remember from my childhood. I was 13 when one day, we heard on the radio about, about <person>Adolf Hitler</person> with his speeches. I remember everybody was concentrated by the radio to listen to it. And they used to say, we have to pray because I think we're going to-- we're going to go. He's going to be after Jews. I couldn't understand. I was just 13. To me, it looked like holiday. My father didn't go to work. I didn't have school. My brother didn't go to school. Little did I know what a holiday I had because a few-- a few weeks later, <enamex wordUID="WRD15290818178623xLAIM5PObttki" long="8.70134" lat="54.67661" type="location" gazref="GAZ1521655633923bLtI" name="Poland" conf="41.66666666666667">Poland</enamex> was occupied. And when they came to Lodz with the soldiers, they started to make raids on the Jewish people. [PAUSES FOR 3 SECONDS] They called people to the-- to the-- how to-- how called-- not on the street, but in the-- in the court from the houses, and they selected mostly first of all young people. They selected this one, that one, just with the finger. The soldiers looked ferocious. I remember my mother hid me in a attic. The worst part of it was that our own neighbors, <person>Polacks</person>, they put a finger on us so we couldn't hide. But somehow I was hidden, and a lot of people were selected to go with the soldiers. They never-- we never saw them again. There were incidents which I remember we have-- we had-- what do you call it-- a gate, a gate, a wooden gate in our-- in the courtyard. And when they took-- when they-- when they called some people, they had little kids on their arm, little babies. It's very hard to talk about it to me, but I saw they grabbed the children and threw it over the gate. Because I was hidden in a attic, it was a little like, like a little light there, and I looked down. Every day, we were afraid we're going-- we're going to be taken. Finally, it took, I suppose-- I, I understood people were dying. They did-- they took the, the Jewish people was-- which had beards, they were religious people. They cut them off in the street. They, they, they [? hit ?] them. It was-- it was very, very bad. Then it came a big announcement that we all have to go to the ghetto. I didn't know what the ghetto was, but it was outskirts of town, mostly Jewish populated and poor people. [PAUSES FOR 3 SECONDS] And one by one, the buildings were marked to go. How did we go? Me and my brother, we had a little like carriage. We put-- whatever we could, we put in there because we couldn't take much with us. Leave everything and go to ghetto, to those quarters. As I remember, on the way, a lot of people were, were dying on the way. Me and my brother, we were still young. My mother, my father, we all-- we all started to go to those quarters. A lot of people, young people, they ran away. They were on foot. They ran away to other par-- excuse me-- outer parts of the city. And they were-- they were trying to get to another country just away from, from <enamex wordUID="WRD15290818265330S8aVqvggOKg2s" long="8.70134" lat="54.67661" type="location" gazref="GAZ1521655633923bLtI" name="Poland" conf="41.66666666666667">Poland</enamex>. My father was in between them because they told him, you better go or you're going to get deported and shot anyway. But it took a day or two. He came back. He came back. He couldn't leave his family. [PAUSES FOR 3 SECONDS] In the ghetto, we, we were given a little room with another family-- very poor family-- to sleep and to eat with them together. And by the way, before I went to the ghetto, they had like rations, which I forget from one time to another. We had rations. We got pieces of bread, special-- Jews got very little to eat. [PAUSES FOR 3 SECONDS] And over there, we, we tried to be with that family, which was a very bad situation. We were not used to it. Matter of fact, that's the first time in my life I got period over there. And I get so scared, I thought I'm dying until my mother calmed me down and said that's the age. And we were there in the ghetto. Then they put this in another part of the city, was an apartment for ourselves. They took-- my father worked in a place where they distributed food for people. My mother worked in a-- in a kitchen, in a-- how do call it-- in a collective kitchen. That's what they called it. They took me out of schools. I was a very good student before the war. I had-- I had scholarship. I should have gone to what they call the gymnasium, but it was like, I suppose, junior high-- private. But it was-- everything was cut off. And they took me to a factory where they made hats for the soldiers, knitting hats. I learned how to knit. I was-- suppose I was very good at it. They kept me there. They gave us a soup every day. That was our life. When I came home, my mother came tired and brought a little from potato skins-- the potato skins, really, so she could make something for us to eat. My father was still working. And my brother was hungry, and the piece of bread, what we got for the ration-- many times, he ate it, not left-- not leaving anything for me. But there were-- they were kids. I, I probably was angry, but I don't remember too much about it. Then one day we were-- we were there for four and a half years in the ghetto. Somehow, it was cold. We had to blow on the stove to, to, to warm up a little food. [PAUSES FOR 4 SECONDS] We had the rations. And then we heard that our, our elders, who was-- who the German took for him to manage the ghetto, he had an order to bring around, I don't know, 50 or more little children so they can send them out. [PAUSES FOR 4 SECONDS] The whole population in the ghetto was so-- was so tragic, sad. Children, they took it away from their mothers, and they send them out. Nobody know where. They never saw them again. [PAUSES FOR 5 SECONDS] It was-- it was really tragic. Every day, a lot of people died from hunger. They couldn't manage. They couldn't stay alive. [PAUSES FOR 6 SECONDS] It was-- was 19-- I think it was 1943 or something. They said that we all have to leave the ghetto. We asked plenty, where we going to go? Nobody knew. Nobody knew. Nobody came back to tell us where they went. One by one, they selected streets. They selected people, and they took them away. My brother were taken away from home with other young men. It was called like a-- not like a prison, but like a hall where they-- where they took all those young people. [NON-ENGLISH], it was called. We all ran, that I remember, my mother, me, to see him, to see, see if-- what they did to them. We didn't know. They just got-- the soldiers got them-- I remember my brother's-- my brother's eyes when he looked at me. And he said, I'm going, but you're staying, like, like he would be jealous. And this stayed with me all of my life. [PAUSES FOR 3 SECONDS] I don't know why he said it. He was-- not he was jealous, but, of course, he didn't know where he was going. And I was staying with my parents. They took him away. We never knew about him-- where he disappeared, where he went, nothing. Nothing. [PAUSES FOR 3 SECONDS] We went-- they took us on, on a wooden horse and buggies. They took us to, to a place where they had-- to the train station. We didn't know where they take us. My father, mother, and me, we were put in the train like those cattle trains with no windows. It just was like a big [PAUSES FOR 4 SECONDS] wooden, wooden walls. And it was little light coming through. That's all we saw. And then they took us to a place. We found out that it was <enamex wordUID="WRD1529081835008etxS5ISBY7YhtK" long="19.2666666" lat="50.0333333" type="location" gazref="GAZ15287622545880ycb" name="Auschwitz" conf="100.0">Auschwitz</enamex>. A lot of people-- some people died on those trains. They-- there was no facilities to-- the bathrooms. Was no food. And we lay on the floor or on the bench. And they took us to a big hall in <enamex wordUID="WRD1529081844485wDw654atqNMkIo" long="19.2666666" lat="50.0333333" type="location" gazref="GAZ15287622545880ycb" name="Auschwitz" conf="100.0">Auschwitz</enamex> to select us. In that hall, there were a lot of people. But before they took us out of that hall, they made a selection like-- I remember like today. My father came down from the train, my mother. They could hardly walk from hunger and from exhaustion. Anyway, the-- they, they, they put a finger on my father to go one way. Me and my mother, they put on the other side. I never saw my father again. He was looking out and the last words he said before we went from the train, he said, stay close to your mother. [PAUSES FOR 4 SECONDS] And they took him away. They took him away with other people. Me and my mother came to a big, big hall. They asked us to take everything off, just to be naked, and put it on the floor. [PAUSES FOR 3 SECONDS] That time, somebody told us-- I don't remember, a woman or a man. They took women on one side, men on the other, that I shouldn't say that I am my mother's daughter because they will push-- put me someplace else. They would-- they would never let me stay with my mother. So my mother took her maiden name, but we still were together. From there, they took us to another room. They shaved our heads bare. Matter of fact, I didn't recognize my own mother. [PAUSES FOR 3 SECONDS] They took us again to <enamex wordUID="WRD1529081852494t59wKZVtjkZh9H" long="19.2666666" lat="50.0333333" type="location" gazref="GAZ15287622545880ycb" name="Auschwitz" conf="100.0">Auschwitz</enamex>. I mean, that-- we were in <enamex wordUID="WRD1529081859155W9iR5l53N1clWd" long="19.2666666" lat="50.0333333" type="location" gazref="GAZ15287622545880ycb" name="Auschwitz" conf="100.0">Auschwitz</enamex>, but the outskirts-- in, in the camp, there was a camp. [PAUSES FOR 5 SECONDS] They segregated us. Some of them were younger. Some of them were older. They put us on the-- on the floor, a lot of people in one room. When we had to go to the bathroom, there were bathrooms outside, like outhouses. We had to go through the people, every one of us. And we were there in <enamex wordUID="WRD1529081871143unTE5Arhso4UeN" long="19.2666666" lat="50.0333333" type="location" gazref="GAZ15287622545880ycb" name="Auschwitz" conf="100.0">Auschwitz</enamex>, then, then they, they-- we couldn't wash. There was a collective washroom. And we had-- they called it appels. Every morning, they took us outside, and they counted us. [PAUSES FOR 4 SECONDS] And after this, we went back. We got a soup, every one of us. The soup con-- it consisted of kohlrabi. I don't know how to call it in English, like a vegetable with water and one slice of bread. My mother was very weak. Me, I don't know. I was young, I suppose. Didn't bother me that much. We were there a few weeks like that. I saw from afar-- [PAUSES FOR 4 SECONDS] I saw the crematorium. A lot of people were taken there. And I even saw the, the-- what do you call it? I can't even talk about it. [DRINKS] A lot of girls wanted to go-- to run away. They got caught and killed. [PAUSES FOR 3 SECONDS] And we were there for a few weeks. From <enamex wordUID="WRD1529081880159BAOaYKUqZ0XYjt" long="19.2666666" lat="50.0333333" type="location" gazref="GAZ15287622545880ycb" name="Auschwitz" conf="100.0">Auschwitz</enamex>-- I don't know how long, if two weeks, or a month we were there, not working, just being, just existing. They took us again to a train. This time they selected people. This here. This there. I don't remember how many they selected. But luckily, my mother was selected to go where I was. And they took us to <enamex wordUID="WRD1529081886777HTzoLJWHZ3ZjI5" long="9.907099" lat="52.758899" type="location" gazref="GAZ1521672760295WsHt" name="Bergen-Belsen" conf="100.0">Bergen-Belsen</enamex>. <enamex wordUID="WRD1529081895006HsMgPCPPQSlEdc" long="9.907099" lat="52.758899" type="location" gazref="GAZ1521672760295WsHt" name="Bergen-Belsen" conf="100.0">Bergen-Belsen</enamex> was just made a camp. It was not even finished with the barracks. So we-- when we arrived on the outskirts of <enamex wordUID="WRD1529081904505CzfRjFhbLah0BF" long="9.907099" lat="52.758899" type="location" gazref="GAZ1521672760295WsHt" name="Bergen-Belsen" conf="100.0">Bergen-Belsen</enamex>, we had to walk like a few miles to the camp. I was very weak on the way to <enamex wordUID="WRD1529081913315Lvnk8zBMQfOAZH" long="9.907099" lat="52.758899" type="location" gazref="GAZ1521672760295WsHt" name="Bergen-Belsen" conf="100.0">Bergen-Belsen</enamex>. I was sick, and I had typhus-- diarrhea and fever. But I walked. If I would stop, I would be killed. Finally, we arrived-- a few miles, and we arrived in <enamex wordUID="WRD15290819194037TpwbxwTfYc0gf" long="9.907099" lat="52.758899" type="location" gazref="GAZ1521672760295WsHt" name="Bergen-Belsen" conf="100.0">Bergen-Belsen</enamex>. Me, they put in a makeshift hospital. They put me on straw. I remember like today. My mother, poor mother, was crying that I'm dying. Well, somehow, I came out of it. Then they were-- the barracks were ready. They put us in barracks on, on-- what do you call those beds, one on top of the other. Got to help me remember those names. </answer><question>INT: Bunk, bunk beds. </question><answer>AE: Bunk-beds, right, on straw. And we were there, like, I don't know how many women. The bathroom facilities was a big, big can-like in the back. We all had to use it. I was very sick. I even were delirious. I, I told everybody-- how do I know about it is one of the girls survived, and I saw her afterwards, after the war. She told me I gave everybody food. I didn't know what I was saying, but I rationed everybody food because I was delirious. I had so much fever. And they took me to a hospital. That time, there was a-- there was a, a barrack, like they called it, and they called it the hospital. They, they had a nurse of our people, a girl who was a nurse. And then it was a German doctor. And I was there in barrack for a nice few months in <enamex wordUID="WRD15290819296374aGazvl34bdB1T" long="9.907099" lat="52.758899" type="location" gazref="GAZ1521672760295WsHt" name="Bergen-Belsen" conf="100.0">Bergen-Belsen</enamex>. My mother was in <enamex wordUID="WRD1529081936842USmj1fFCPoRsAv" long="9.907099" lat="52.758899" type="location" gazref="GAZ1521672760295WsHt" name="Bergen-Belsen" conf="100.0">Bergen-Belsen</enamex> too, and they did, every day, selections. They took-- they took people to work. She hid in the bathroom because she didn't want to leave me alone. They didn't catch her but she finally got sick and tub-- tuberculosis because there was no food. And she came to the same hospital as I was. I got well, well enough that they saw that I am well. I had to help with the-- with the chores. I had to take out the big can-- what we made, you know, what we relieved ourselves-- out. Then they took me to help out to take the dead bodies with another girl outside in a big ditch. I never forget that. There were I don't know how many people laying there already. They took-- everybody who died, they took to another room there where we used to-- the washroom, and they put them on the floor. And then they took us girls, one by the legs and one by the arms, to take them to that ditch. There was a quite a while until my mother got so sick that she died. I didn't take her out, but I can imagine. And I was running around everybody to say, my mother is going-- is, is going to die. My mother is going to die. One doctor that was a woman, our people-- she didn't have a choice, I suppose-- she said, where's she going? I was-- I was there when she died. They probably took her out in the same place. Now I was in <enamex wordUID="WRD1529081944594wW5nRFgsVSmnyN" long="9.907099" lat="52.758899" type="location" gazref="GAZ1521672760295WsHt" name="Bergen-Belsen" conf="100.0">Bergen-Belsen</enamex> for quite a while. Up till 1944-- I don't remember the date. I don't. [PAUSES FOR 5 SECONDS] All of a sudden, I couldn't walk because I was so weak from those typhuses. But all the girls and everybody went out to see the English peo-- soldiers to come to free us. They called them the Tommys. I went out holding-- I remember holding to the wall. I was very skinny, and I couldn't walk. And we were so happy to see them. They, they did what they could. They saw what happened. They wanted to give us food, so they gave us whatever rations they had in the-- in the trucks. There was cans. They meant well, but a lot of our people died. They were not used to digest it. All of a sudden, well, we were very happy that we, we heard the Germans are in the woods. They are running away. They are going. And a lot of-- a lot of girls went out running, and, and, and I couldn't run. We just saw one incident which I was really happy to see. It was a, a truck with German SS girls. They hi left and right everybody. And <person>Irma Grese</person> was on it. <person>Irma Grese</person> is very-- is very known even after the war. In [? <enamex wordUID="WRD1529081952496L5O6iSDzLaVUiu" long="8.56216" lat="53.51033" type="location" gazref="GAZ1521655633923bLtI" name="Luneburg" conf="25.0">Luneburg</enamex>, ?] they had her. And she was ugly as a-- as night. And she had a bleeding hole in her head. I remember one English soldier ask, please is there somebody, a nurse here? [PAUSES FOR 8 SECONDS] And one of the girls who was in that hospital who was a nurse. I am a nurse. So he says, could you-- could you bandage her? She says, yeah, but I have to cut her hair off. She had long blond hair. And the soldier said, I wish I could, but I have orders to bring her in one piece. That was the only thing I saw when the Englishmen came in. </answer>
<interviewee>Ann Eichner</interviewee><gender>unisex</gender>
<person>King Gustaf</person><person>Fred Eichner</person><person>Sydney Krantz</person><question>INT: Today is September 27th, 1996. We are interviewing <person>Ann Eichner</person>, E-I-C-H-N-E-R in <enamex wordUID="WRD1529081721899T7fx4vgHQErh6f" long="-80.1876297" lat="26.25963974" type="location" gazref="GAZ15287622545880ycb" name="Coconut Creek" conf="100.0">Coconut Creek</enamex>, <enamex wordUID="WRD1529081726875PT3HMCKx4NgS5n" long="-58.49552155" lat="-34.52967834" type="location" gazref="GAZ15287622545880ycb" name="Florida" conf="100.0">Florida</enamex>, and this is Tape 2. </question><answer>AE: Is what? </answer><question>INT: Mrs. <person>Eichner</person>, we ended with them taking away the SS girls. </question><answer>AE: Yeah. All right. We all were relieved that we were going to be saved. Not that it was such a happy occasion, because we didn't have anybody left. My mother died. I didn't know when my father died-- where, how. My brother, nothing. But then I was so weak I couldn't even walk. A few days later came an announcement that a Swedish man-- a, a Swedish man from the Red Cross-- is going to take a lot of people to <enamex wordUID="WRD1529081733737PTxATi3BNRDsmo" long="-3.9" lat="52.8" type="location" gazref="GAZ1521655590814GtTt" name="Sweden" conf="33.333333333333336">Sweden</enamex>. Before that, they took us, mostly sick people, to a rundhaus, they call it, in German. There were officers quarters which were empty already. The officers flew. They ran. And they took us on stretchers to the outskirts of <enamex wordUID="WRD1529081740175ZG3vDQTJMPXcoz" long="9.907099" lat="52.758899" type="location" gazref="GAZ1521672760295WsHt" name="Bergen-Belsen" conf="100.0">Bergen-Belsen</enamex>. In other words, <enamex wordUID="WRD1529081749847Wvmv2602PDnXqk" long="9.907099" lat="52.758899" type="location" gazref="GAZ1521672760295WsHt" name="Bergen-Belsen" conf="100.0">Bergen-Belsen</enamex> was the outskirts, but <enamex wordUID="WRD1529081757958i6rcav5F4G75PB" long="7.25283" lat="51.51412" type="location" gazref="GAZ1521655633923bLtI" name="Bergen" conf="100.0">Bergen</enamex> was the town. I was among them. They fed us. We finally got some food in us, and they made sure that we would be a little bit more healthy. Then the order came that the Swedish king, he said-- he agreed he's going to send people to take us to <enamex wordUID="WRD1529081764632sUQlU2UO6TDfaX" long="-3.9" lat="52.8" type="location" gazref="GAZ1521655590814GtTt" name="Sweden" conf="33.333333333333336">Sweden</enamex> for convalescent so they can heal us. I don't know what happened with the other people, a lot of them. The more healthier people. They were going each way, each other way. I don't know if they found somebody or not. They were running, because the war was over. So from there, his name was [? <person>Bernardat</person>, ?] a Swedish man. He came from the direction of the king, <person>King Gustaf</person> in <enamex wordUID="WRD1529081774914uo0QUm0bO5UWBj" long="-3.9" lat="52.8" type="location" gazref="GAZ1521655590814GtTt" name="Sweden" conf="33.333333333333336">Sweden</enamex>, and made arrangements for us to go with a boat to <enamex wordUID="WRD1529081783745aBjNhBc0EWTKkg" long="-3.9" lat="52.8" type="location" gazref="GAZ1521655590814GtTt" name="Sweden" conf="33.333333333333336">Sweden</enamex>. We were taken on stretchers to the boat. I remember like today. And we wound up in <enamex wordUID="WRD1529081788684BAUPs0TExElNPq" long="11.9424" lat="58.34784" type="location" gazref="GAZ15287622545880ycb" name="Uddevalla" conf="100.0">Uddevalla</enamex>, it was called-- a town. <enamex wordUID="WRD1529081799958vUFgOFVWwvPDmG" long="11.9424" lat="58.34784" type="location" gazref="GAZ15287622545880ycb" name="Uddevalla" conf="100.0">Uddevalla</enamex> in <enamex wordUID="WRD15290818050818Y9aWdabyMpHuE" long="-3.9" lat="52.8" type="location" gazref="GAZ1521655590814GtTt" name="Sweden" conf="33.333333333333336">Sweden</enamex>. They took us to an empty school house, and they had doctors there. And little by little, they fed us. The worst part of it was, on the street it in <enamex wordUID="WRD15290818127079lwFF9LFAz53qG" long="-3.9" lat="52.8" type="location" gazref="GAZ1521655590814GtTt" name="Sweden" conf="33.333333333333336">Sweden</enamex>, in <enamex wordUID="WRD1529081821943frqfQeW0bD2HWg" long="11.9424" lat="58.34784" type="location" gazref="GAZ15287622545880ycb" name="Uddevalla" conf="100.0">Uddevalla</enamex>, there were a lot of people, Swedish people, looking up. We should come to the window. They wanted to see the victims. We all were without hair. And a lot of girls didn't want-- boys, too, they didn't want to go to the window. But they were very kind. The king sent us presents and sent us food. And the doctors were there. And that was-- they made sure we had hot showers so we don't bring the disease to <enamex wordUID="WRD15290818312859Hk6vgeARi4VB9" long="-3.9" lat="52.8" type="location" gazref="GAZ1521655590814GtTt" name="Sweden" conf="33.333333333333336">Sweden</enamex>. Hot and cold. From hot to cold. They were very nice to us, the Swedish people. Eventually, we got well. And in the hospital-- I happened to have an appendix operation. I had pain in my appendix. And the last minute, the doctor came in and he said-- I didn't understand Swedish, but I understand. He told me, operation. Operation? I knew I had to have an operation. And they didn't listen to me. I didn't want to go. They took me, and they operated on me. And when I got well, they sent us to a camp for healthy people so we could adjust to the country and take care of ourselves. We were there in that camp quite awhile, until we got well enough. And they selected people to go all different places. Me they took with other girls to a school. I was young yet. And they took me to a school-- the religious school, it happened to be. And that's where I got the pictures from. </answer><question>INT: How old were you? </question><answer>AE: I could have been like 15? I don't really remember. It has to be-- I was 13 when the war broke out. That was 1944 when they took us. From '39, how old could I have been? </answer><question>INT: What year were you born in? </question><answer>AE: Beg your pardon? </answer><question>INT: What year were you born? </question><answer>AE: 26. </answer><question>INT: 26. It was 1944. So you were 18. </question><answer>AE: I must have been 18. Because we were-- right. I must have been 18. So they took us. They taught us a little-- you know, how to be a people again. Because we were scared. We saw some-- or whatever. We couldn't adjust so well, and also health-wise. Then they selected people to go-- to learn how to support ourselves. To learn so we could function. Me with other girls they sent to-- from that school, they sent a lot of girls who were volunteering to go to <enamex wordUID="WRD1529081843384knMKyz6VDqPqVF" long="0.0" lat="0.0" type="location" gazref="GAZ1521672762038fpcL" name="Israel" conf="0.0">Israel</enamex>. They send them to <enamex wordUID="WRD1529081847770bi2yTlLlvKp7lg" long="0.0" lat="0.0" type="location" gazref="GAZ1521672762038fpcL" name="Israel" conf="0.0">Israel</enamex>. I was a few girls who couldn't go, because there wasn't enough place. I was among them. They took me to <enamex wordUID="WRD1529081857306XyFmj6ND6BL16m" long="12.38777" lat="54.23353" type="location" gazref="GAZ1521655633923bLtI" name="Goteborg" conf="25.0">Goteborg</enamex>. Get That's the second biggest town in <enamex wordUID="WRD1529081867837NHtDxIJIW3tnUC" long="-3.9" lat="52.8" type="location" gazref="GAZ1521655590814GtTt" name="Sweden" conf="33.333333333333336">Sweden</enamex>. They took me to <enamex wordUID="WRD1529081874669yb53dta258k6Yf" long="12.38777" lat="54.23353" type="location" gazref="GAZ1521655633923bLtI" name="Goteborg" conf="25.0">Goteborg</enamex>, and they taught me how to sew on a machine. And I was there until I don't know how long. Then I could work. They send me to <person>Axvall</person>. <person>Axvall</person> was a-- I'm talking German already. There was a place for tuberculosis. How do you call the-- </answer><question>INT: A sanatorium? </question><answer>AE: A sanatorium, right. To work there as a help, a nurse's help. I was there a few weeks, and they realized I'm too young. I could catch tuberculosis. So they sent me back to <enamex wordUID="WRD1529081879348w1yLo2zJci8Qxw" long="12.38777" lat="54.23353" type="location" gazref="GAZ1521655633923bLtI" name="Goteborg" conf="25.0">Goteborg</enamex>. In <enamex wordUID="WRD1529081885794HQppHUDfvLFLaa" long="12.38777" lat="54.23353" type="location" gazref="GAZ1521655633923bLtI" name="Goteborg" conf="25.0">Goteborg</enamex>, I worked-- called a [NON-ENGLISH]. In a school where they had invalid kids, I mean, sick kids. Not sick physically, but mentally. It was like a school to, to-- a rehabilitation school. I was there awhile, and I was already well. Well enough to walk around, to go places. I had girlfriends. I made boyfriends. I worked awhile there. And from there, I met another Holocaust survivor, a guy. And we got friendly. We started being together. From the same town as I was born. He had the same experiences. So we got close with each other. And eventually, we married. We married in 1951, I think. I had it here. [PAUSES FOR 5 SECONDS] We married, and we both worked in the same factory, sewing factory. [PAUSES FOR 3 SECONDS] Anyway, we tried to make our life back. But all the memories in our families, we could never find anybody. He couldn't find anybody. I couldn't find anybody. Not my brother. I don't know where he disappeared. There were papers, English papers, all around the world papers. They asked us to write to them, and they going to look for-- for our siblings, for parents. I wrote, and I wrote. Didn't get no answer. [PAUSES FOR 6 SECONDS] [INAUDIBLE]. [PAUSES FOR 7 SECONDS] Was it 1951? I, I was writing to my aunt here in <enamex wordUID="WRD1529081895851Xf8jGeqgOEOdMO" long="0.0" lat="0.0" type="location" gazref="GAZ1521672762038fpcL" name="America" conf="0.0">America</enamex>. She was-- she went-- before they sent everybody to get to us, she somehow was smuggled to <enamex wordUID="WRD1529081900025QVJ9z1S4RsZvUc" long="0.0" lat="0.0" type="location" gazref="GAZ1521672762038fpcL" name="America" conf="0.0">America</enamex>, to the. <enamex wordUID="WRD15290819082835F89mmsRoO3EL3" long="0.0" lat="0.0" type="location" gazref="GAZ1521672762038fpcL" name="United States" conf="11.538461538461537">United States</enamex>. She got in touch with me. I knew I had an aunt in <enamex wordUID="WRD1529081915701aY6pjubM1iCJ8X" long="0.0" lat="0.0" type="location" gazref="GAZ1521672762038fpcL" name="America" conf="0.0">America</enamex>, so I wrote to the Jewish organization, JOINT, to look for her. And they found her. And eventually, she sent papers for me to emigrate to the <enamex wordUID="WRD1529081924176WoImNeCCrgl6BR" long="0.0" lat="0.0" type="location" gazref="GAZ1521672762038fpcL" name="United States" conf="11.538461538461537">United States</enamex>. It took quite a while. I was from <enamex wordUID="WRD15290819336244JswoRYV2cfO2a" long="12.38777" lat="54.23353" type="location" gazref="GAZ1521655633923bLtI" name="Goteborg" conf="25.0">Goteborg</enamex>. We went to live in <enamex wordUID="WRD1529081942412j2PacNKyFNpUY3" long="0.0" lat="0.0" type="location" gazref="GAZ1521672762038fpcL" name="Falkoping" conf="27.77777777777778">Falkoping</enamex>. And <person>Boras</person>-- <person>Boras</person> in <enamex wordUID="WRD1529081948083U65Pual2L3NivR" long="-3.9" lat="52.8" type="location" gazref="GAZ1521655590814GtTt" name="Sweden" conf="33.333333333333336">Sweden</enamex>, where we both were very happy. We still were young. And we married. And he couldn't have no papers, because my aunt could only send it for me. So 19-- wait a minute. I have it written down what time I came to the <enamex wordUID="WRD15290819568004kBmhl9VzrheId" long="0.0" lat="0.0" type="location" gazref="GAZ1521672762038fpcL" name="United States" conf="11.538461538461537">United States</enamex>. It was 1950-- [PAUSES FOR 5 SECONDS] '58 or something-- oh, no. What am I talking about? 1951. 28th of December, my papers were ready, and I went on a ship, Gripsholm, [PAUSES FOR 3 SECONDS] from <enamex wordUID="WRD1529081964587o1nXIjGMELOFJE" long="12.38777" lat="54.23353" type="location" gazref="GAZ1521655633923bLtI" name="Goteborg" conf="25.0">Goteborg</enamex> to go to the <enamex wordUID="WRD1529081970209L810tGs89YDMTz" long="0.0" lat="0.0" type="location" gazref="GAZ1521672762038fpcL" name="United States" conf="11.538461538461537">United States</enamex>. I left my husband behind. And I promised to work on it, he should come to <enamex wordUID="WRD1529081978540lsVvr4ndGD4J0d" long="0.0" lat="0.0" type="location" gazref="GAZ1521672762038fpcL" name="United States" conf="11.538461538461537">United States</enamex> also. Which I did. I arrived in the <enamex wordUID="WRD1529081989966pzBndEKFPphCwn" long="0.0" lat="0.0" type="location" gazref="GAZ1521672762038fpcL" name="United States" conf="11.538461538461537">United States</enamex>, and the organization-- the Joint it was called-- in <enamex wordUID="WRD1529081995103ybny23x1TZIO1U" long="-0.15" lat="53.083333" type="location" gazref="GAZ1521655590814GtTt" name="New York" conf="100.0">New York</enamex>. It was a big, big, big thing to me to come to a county like this. I didn't know the language. I didn't-- well, in <enamex wordUID="WRD1529082003757AtzPPIqV1pcs0M" long="-3.9" lat="52.8" type="location" gazref="GAZ1521655590814GtTt" name="Sweden" conf="33.333333333333336">Sweden</enamex>, I did learn a little English. Because I wanted to. I knew I'm going to come to the <enamex wordUID="WRD15290820111310qBNfQqaIDlRTu" long="0.0" lat="0.0" type="location" gazref="GAZ1521672762038fpcL" name="United States" conf="11.538461538461537">United States</enamex>. And I happen to be very talented in languages. And I comprehended a little. So just to get me by. I came to the <enamex wordUID="WRD1529082015510roTTjS3R1rKuG5" long="0.0" lat="0.0" type="location" gazref="GAZ1521672762038fpcL" name="United States" conf="11.538461538461537">United States</enamex>, and I was very lonely. And a Jewish organizations found some people for me which I knew from the same town in <enamex wordUID="WRD1529082024069SSMMt6eQzLMtLi" long="-3.9" lat="52.8" type="location" gazref="GAZ1521655590814GtTt" name="Sweden" conf="33.333333333333336">Sweden</enamex>, <person>Boras</person>. Which they immigrated, also. There were-- they were here in the <enamex wordUID="WRD1529082036284TRRrJ9VtUWD3Wg" long="0.0" lat="0.0" type="location" gazref="GAZ1521672762038fpcL" name="United States" conf="11.538461538461537">United States</enamex>, and she got me together with them. Because I had my aunt. And I went to <enamex wordUID="WRD15290820421136SYQe8rmM1eXM4" long="-74.03916667" lat="40.69916667" type="location" gazref="GAZ15287622545880ycb" name="Ellis Island" conf="100.0">Ellis Island</enamex> many times myself to argue with the authorities to let my husband come to the <enamex wordUID="WRD1529082049042R5CkYMe5r17Ph4" long="0.0" lat="0.0" type="location" gazref="GAZ1521672762038fpcL" name="United States" conf="11.538461538461537">United States</enamex>. It took about, I think, a year. And I moved at that time to <enamex wordUID="WRD1529082056746d6cbQ5fyzprUw2" long="-74.1666666" lat="40.9166666" type="location" gazref="GAZ15287622545880ycb" name="Paterson" conf="100.0">Paterson</enamex>, <enamex wordUID="WRD1529082064444A44CKetKYNQRPT" long="10.16602" lat="52.5013" type="location" gazref="GAZ1521655633923bLtI" name="New Jersey" conf="20.0">New Jersey</enamex> from <enamex wordUID="WRD1529082071720avnwrYXoGfzcdq" long="-0.15" lat="53.083333" type="location" gazref="GAZ1521655590814GtTt" name="New York" conf="100.0">New York</enamex>. I worked in a factory. They call it sweat shops. I was in one. I had to support myself. And I went to pick him up. That time, I had already friends, and I was halfway happy. [PAUSES FOR 3 SECONDS] And he came here to the <enamex wordUID="WRD1529082080610STUyViDag2KBtd" long="0.0" lat="0.0" type="location" gazref="GAZ1521672762038fpcL" name="United States" conf="11.538461538461537">United States</enamex> and started to go to school. He was my age. He was born in July, the same year, and I was born in December. And he made eventually the electric license. He was an electrician. [PAUSES FOR 5 SECONDS] And we decided to have a family, and the rest is probably history. I had two kids, beautiful children. [PAUSES FOR 3 SECONDS] I was a housewife, he was working. And we made a life in the <enamex wordUID="WRD1529082089052V1l0YLqvT3i1Mv" long="0.0" lat="0.0" type="location" gazref="GAZ1521672762038fpcL" name="United States" conf="11.538461538461537">United States</enamex>. But I never found any of my relatives-- any of my mother or-- mother was dead. Father, I didn't know where he died. I looked for my brother high and wide, and I never found anything about him. I don't know how I survived, but I must have been God's will that I should make a new generation. That's the only thing I could figure out. [PAUSES FOR 5 SECONDS] That's what it is. And I belong to the organizations, you know, Holocaust survivors. And we're all like a family, because we don't have a family. It's not easy. But thank God, <enamex wordUID="WRD1529082098394gMg5s1EvFrqDvo" long="0.0" lat="0.0" type="location" gazref="GAZ1521672762038fpcL" name="United States" conf="11.538461538461537">United States</enamex> is a wonderful country. We made a living. My kids grew up. They married. They have children. And I'm going to be 69, and I'm going to live to see my grandson's bar mitzvah, my first one. I never thought, being in <enamex wordUID="WRD1529082105454LTHHqaoDDUsEks" long="19.2666666" lat="50.0333333" type="location" gazref="GAZ15287622545880ycb" name="Auschwitz" conf="100.0">Auschwitz</enamex>, that I ever come to that. It's probably God's will. But from all these things, they took everything away from our lives. And just because we are Jewish. [DRINKS] I just hope to God [PAUSES FOR 4 SECONDS] that it never repeats itself. Because really thinking about it, who could understand what we went through? When they tell me about all those nations, in <enamex wordUID="WRD1529082113352AfkGYQfuATsdZB" long="15.71667" lat="51.3" type="location" gazref="GAZ1521655896410oFUT" name="Yugoslavia" conf="20.0">Yugoslavia</enamex> and all over, I am sympathizing fine. But it's still not the same. You can't. And so many times, if I talk to the American people, they-- some of them in the beginning said, what do you mean you didn't have breads? Or you could eat potatoes. I look at them. There's no answer. Who had potatoes? So I just hope to God that that never occurs again, that my grandchildren will be happy and, and, and, and not have that kind of a world. </answer><question>INT: Mrs. <person>Eichner</person>, introduce that handsome gentleman to your side. </question><answer>AE: This is my husband, <person>Fred Eichner</person>, which I met a nice few years after my first husband went, [PAUSES FOR 3 SECONDS] went away from me. My kids were all married. I had grandchildren. We come from the same county, and a lot of things bind us together. He comes from <enamex wordUID="WRD15290821219189PyABcPWif86tJ" long="12.78276" lat="54.12372" type="location" gazref="GAZ1521655633923bLtI" name="Krakow" conf="100.0">Krakow</enamex>, <enamex wordUID="WRD15290821275164B6q4Ko9Ut7npf" long="8.70134" lat="54.67661" type="location" gazref="GAZ1521655633923bLtI" name="Poland" conf="41.66666666666667">Poland</enamex>. And we got together. And finally we decided we're going to emigrate to <enamex wordUID="WRD1529082134282TWY9ZN0hp0DLws" long="-58.49552155" lat="-34.52967834" type="location" gazref="GAZ15287622545880ycb" name="Florida" conf="100.0">Florida</enamex> from <enamex wordUID="WRD1529082142576w6qwXe19QMNcDy" long="10.16602" lat="52.5013" type="location" gazref="GAZ1521655633923bLtI" name="New Jersey" conf="20.0">New Jersey</enamex> and made a home for ourselves. He was-- before the war, he was a boxer. Not a professional, there was no professionals. Amateur boxer. He had a lot of friends. And he seems to be very happy in <enamex wordUID="WRD15290821495548gDU7jBfMPorbD" long="-58.49552155" lat="-34.52967834" type="location" gazref="GAZ15287622545880ycb" name="Florida" conf="100.0">Florida</enamex>. So that's what we are here, from 1982. [PAUSES FOR 3 SECONDS] And I hope we'll be well enough to be many years together. Catch That's all I can tell you. </answer><question>INT: Would you like to say something, Mr. <person>Eichner</person>? </question><answer>FRED <person>EICHNER</person>: Me, I met my wife. She was young and beautiful. This what we decide, you know, be together. We're both continuing over here in the [? winter. ?] And we stay together. </question><answer>AE: And you have to mention that his wife died about eight years ago before we met. </question><answer>FRED <person>EICHNER</person>: Yeah. </question><answer>AE: And he has children, which are my children also. We have a big family right now. And I try to be happy not to remember all that which can never happen, and we just both hope that this is enough. The world had enough. I hope it never repeats itself. [PAUSES FOR 9 SECONDS] This is a picture taken 1939, summertime. It's the year when the war broke out. But before, my aunt-- this is my father, <person>Pinchas</person>, and his sister, my aunt [INAUDIBLE], <person>Bronia</person>. And she was in a resort in <enamex wordUID="WRD1529082158354y79vUmIjGbhDnw" long="8.70134" lat="54.67661" type="location" gazref="GAZ1521655633923bLtI" name="Poland" conf="41.66666666666667">Poland</enamex> named <person>Szvzvnica</person>, S-Z-C-Z-V-N-I-C-A. And my father was visiting his sister. </answer><question>INT: Who's in this picture? </question><answer>AE: This is me in 1951. [PAUSES FOR 5 SECONDS] In <enamex wordUID="WRD1529082166292zNH7zZXfs48zxN" long="-74.1666666" lat="40.9166666" type="location" gazref="GAZ15287622545880ycb" name="Paterson" conf="100.0">Paterson</enamex>, <enamex wordUID="WRD1529082175433aqescbrv6WjpEI" long="10.16602" lat="52.5013" type="location" gazref="GAZ1521655633923bLtI" name="New Jersey" conf="20.0">New Jersey</enamex>, when I came to the <enamex wordUID="WRD1529082184337fPKtAybmtQDEWW" long="0.0" lat="0.0" type="location" gazref="GAZ1521672762038fpcL" name="United States" conf="11.538461538461537">United States</enamex>. This picture is taken in <enamex wordUID="WRD1529082194433Q15qC269iGOq3m" long="-3.9" lat="52.8" type="location" gazref="GAZ1521655590814GtTt" name="Sweden" conf="33.333333333333336">Sweden</enamex>, 1945, when I still didn't have much hair. It didn't grow back. And this was my girlfriend. In the city of <enamex wordUID="WRD1529082197804pXTjTNL1vnePYB" long="0.0" lat="0.0" type="location" gazref="GAZ1521672762038fpcL" name="Falkoping" conf="27.77777777777778">Falkoping</enamex>. This picture was taken in <enamex wordUID="WRD15290822041566CQeS54FwGho2a" long="-3.9" lat="52.8" type="location" gazref="GAZ1521655590814GtTt" name="Sweden" conf="33.333333333333336">Sweden</enamex> 1945 or '46. And at [INAUDIBLE] park. That what was called in Swedish. And two of my girlfriends. </answer><question>INT: What is this a picture of? </question><answer>AE: This picture is taken in the beginning of 1945. After the quarantine, I was in <enamex wordUID="WRD1529082212532OlTgJf0MhdlSWQ" long="-3.9" lat="52.8" type="location" gazref="GAZ1521655590814GtTt" name="Sweden" conf="33.333333333333336">Sweden</enamex>, in <enamex wordUID="WRD1529082219374FHVnGW2Ezosx87" long="11.9424" lat="58.34784" type="location" gazref="GAZ15287622545880ycb" name="Uddevalla" conf="100.0">Uddevalla</enamex>. They sent us to a school, to a school with all other girls which they were from all kind of camps-- not just from <enamex wordUID="WRD1529082228188UXlmCgQEVWaYtu" long="9.907099" lat="52.758899" type="location" gazref="GAZ1521672760295WsHt" name="Bergen-Belsen" conf="100.0">Bergen-Belsen</enamex>. </answer><question>INT: Who's in this picture? </question><answer>AE: This is a picture taken in 1980 in <enamex wordUID="WRD1529082240882dgD7H3RWq4YnAQ" long="-83.38353729" lat="42.28493118" type="location" gazref="GAZ15287622545880ycb" name="Wayne" conf="100.0">Wayne</enamex>, <enamex wordUID="WRD15290822463594kiaCfhbZSchFu" long="10.16602" lat="52.5013" type="location" gazref="GAZ1521655633923bLtI" name="New Jersey" conf="20.0">New Jersey</enamex>. On the right hand side is my son and his wife, my daughter and her husband, my grandson, <person>Simon</person>, my granddaughter, <person>Katie</person>, me, <person>Matthew</person> and <person>Brian</person> next. </answer><question>INT: Who is this? </question><answer>AE: This is my newest addition of grandchildren. She is four years old, and her name is <enamex wordUID="WRD1529082256368BL0geuliYayOSt" long="0.0" lat="0.0" type="location" gazref="GAZ1521672762038fpcL" name="Sydney" conf="100.0">Sydney</enamex>. <person>Sydney Krantz</person>, my daughter's daughter. </answer><question>INT: Who's in this picture? </question><answer>AE: This is a picture of me and my husband. It's our wedding picture. </answer><question>INT: When was it taken? </question>
