<?xml version="1.0" encoding="UTF-8"?><document>

<text id="1767_a"><p><s id="s1">A Description Of The Lake At <enamex sw="w41" long="-3.125370693283439" lat="54.60160037173823" type="ppl" gazref="unlock:10824" name="Keswick" conf="2.061086685">Keswick</enamex>( And the adjacent Country) In <enamex  sw="w79" name="Large admin unit">Cumberland</enamex>.</s> <s id="s2">Communicated In A Letter To A Friend By A Late Popular Writer.</s> </p>
<p><s id="s3"><enamex sw="w155" long="-2.745809060481465" lat="54.32561646560368" type="ppl" gazref="unlock:11185036" name="Kendal" conf="2.5968575">Kendal</enamex>: Printed By J. Ashburner.</s> <s id="s4">M, Dcc, LXX.</s>
</p>
<p><s id="s5">A Description Of The Lake At <enamex sw="w230" long="-3.125370693283439" lat="54.60160037173823" type="ppl" gazref="unlock:10824" name="Keswick" conf="2.061086685">Keswick</enamex>.</s> </p>
<p><s id="s6">-- In my way to the north from <enamex sw="w271" long="-2.125031881908014" lat="52.43103944908954" type="ppl" gazref="unlock:11163540" name="Hagley" conf="1.052513023">Hagley</enamex> I passed through <enamex sw="w295" long="-2.948293787271754" lat="54.49398583467189" type="water" gazref="unlock:8785724" name="Dovedale Beck" conf="1.884886129">Dovedale</enamex>; and to say the truth, was disappointed in it.</s> <s id="s7">When I came to <enamex sw="w367" long="-1.915213746342794" lat="53.24876365172481" type="ppl" gazref="unlock:11521" name="Buxton" conf="1.669890486">Buxton</enamex>, I visited another or two of their romantic scenes; but these are <enamex sw="w441" long="-2.380959059473901" lat="53.26636647649359" type="civil" gazref="unlock:13406367" name="Peover Inferior CP" conf="0.9778676332">inferior</enamex> to <enamex sw="w453" long="-2.948293787271754" lat="54.49398583467189" type="water" gazref="unlock:8785724" name="Dovedale Beck" conf="1.884886129">Dovedale</enamex>. They are but poor miniatures of <enamex sw="w496" long="-3.125370693283439" lat="54.60160037173823" type="ppl" gazref="unlock:10824" name="Keswick" conf="2.061086685">Keswick</enamex>; which exceeds them more in grandeur than I can give you to imagine; and more if possible in beauty than in grandeur.</s></p>
<p><s id="s8">Instead of the narrow slip of valley which is seen at <enamex sw="w676" long="-2.948293787271754" lat="54.49398583467189" type="water" gazref="unlock:8785724" name="Dovedale Beck" conf="1.884886129">Dovedale</enamex>, you have at <enamex sw="w699" long="-3.125370693283439" lat="54.60160037173823" type="ppl" gazref="unlock:10824" name="Keswick" conf="2.061086685">Keswick</enamex> a vast amphitheatre, in circumference above twenty miles.</s> <s id="s9">Instead of a meagre rivulet, a noble living lake, ten miles round, of an oblong form, adorned with variety of wooded islands.</s> <s id="s10">The rocks indeed of <enamex sw="w911" long="-2.948293787271754" lat="54.49398583467189" type="water" gazref="unlock:8785724" name="Dovedale Beck" conf="1.884886129">Dovedale</enamex> are finely wild, pointed, and irregular; but the hills are both little and unanimated; and the margin of the brook is poorly edged with weeds, morass, and brushwood.</s> <s id="s11">-- But at <enamex sw="w1096" long="-3.125370693283439" lat="54.60160037173823" type="ppl" gazref="unlock:10824" name="Keswick" conf="2.061086685">Keswick</enamex>, you will, on one side of the lake, see a rich and beautiful landskip of cultivated fields, rising to the eye in fine inequalities, with noble groves of oak, happily dispersed; and climbing the adjacent hills, shade above shade, in the most various and pi? turesque forms.</s> <s id="s12">On the opposite shore, you will find rocks and cliffs of stupendous height, hanging broken over the lake in horrible grandeur, some of them a thousand feet high, the woods climbing up their steep and shaggy sides, where mortal foot never yet approached.</s> <s id="s13">On these dreadful heights the eagles build their nests: A variety of waterfalls are seen pouring from their summits, and tumbling in vast sheets from rock to rock in rude and terrible magnificence: While on all sides of this immense amphitheatre the lofty mountains rise round, piercing the clouds in shapes as spiry and fantastic, as the very rocks of <enamex sw="w1983" long="-2.948293787271754" lat="54.49398583467189" type="water" gazref="unlock:8785724" name="Dovedale Beck" conf="1.884886129">Dovedale</enamex>.-- To this I must add the freqeunt and bold proje? tion of the cliffs into the lake, forming noble bays and promontories: In other parts they finely retire from it, and often open in abrupt chasms of clefts, through which at hand, you see rich and cultivated vales, and beyond these at various distances, mountain rising over mountain; among which, new prospe? ts present themsselves in mist, till they eye is lost in an agreeable perplexity:</s></p>
<p> <s id="s14">Where a? tive Fancy travels beyond Sense, And pi? tures things unseen.</s> <s id="s15">--</s></p>
<p><s id="s16">Were I to analyse the two places into their constituent principles, I should tell you that the full perfe? tion of <enamex sw="w2623" long="-3.125370693283439" lat="54.60160037173823" type="ppl" gazref="unlock:10824" name="Keswick" conf="2.061086685">Keswick</enamex> consists of three circumstances, Beauty, Horror, and Immensity united; the second of which alone is found in <enamex sw="w2742" long="-2.948293787271754" lat="54.49398583467189" type="water" gazref="unlock:8785724" name="Dovedale Beck" conf="1.884886129">Dovedale</enamex>. Of beauty it hath little: Nature having left it almost a desart: Neither its small extent, nor the diminutive and lifeless form of the hills admit magnificence.</s> <s id="s17">-- But to give you a complete idea of these three perfe? tions, as they are joined in <enamex sw="w2999" long="-3.125370693283439" lat="54.60160037173823" type="ppl" gazref="unlock:10824" name="Keswick" conf="2.061086685">Keswick</enamex>, would require the united powers of <enamex  sw="w3043" name="Not a placename">Claude</enamex>, <enamex  sw="w3052" name="Not a placename">Salvator</enamex>, and Poussin. The first should throw his delicate sunshine over the cultivated vales, the scattered cots, the groves, the lake, and wooded islands.</s> <s id="s18">The second should dash out the horror of the rugged cliffs, the steeps, the hanging woods, and foaming waterfalls; while the grand pencil of Poussin should crown the whole with the majesty of the impending mountains.</s></p>
<p><s id="s19">So much for what I would call the permanent beauties of this astonishing scene.</s> <s id="s20">Were I not afraid of being tiresome, I could now dwell as long on its varying or accidental beauties.</s> <s id="s21">I would sail round the lake, anchor in every bay, and land you on every promontory and island.</s> <s id="s22">I would point out the perpetual change of prospe? t: The woods, rocks, cliffs, and mountains, by turns vanishing or rising into view: Now gaining on the sight, hanging over our heads in their full dimensions, beautifully dreadful; and now, by a change of situation, assuming new romantic shapes, retiring and lessening on the eye, and insensibly losing themselves in an azure mist.</s> <s id="s23">I would remark the contrast of light and shade, produced by the morning and evening sun; the one gilding the western, and the other the eastern side of this immense amphitheatre; while the vast shadow proje? ted by the mountains buries the opposite part in a deep and purple gloom, which the eye can hardly penetrate: The natural variety of colouring which the several obje? ts produce is no less wonderful and pleasing: The ruling tin? ts in the valley being those of azure, green, and gold, yet ever various, arising from an intermixture of the lake, the woods, the grass, and corn-fields: These are finely contrasted by the grey rocks and cliffs; and the whole heightened by the yellow streams of light, the purple hues, and misty azure of the mountains.</s> <s id="s24">Sometimes a serene air and clear sky disclose the tops of the highest hills: At others, you see clouds involving their summits, resting on their sides, or descending to their base, and rolling among the vallies, as in a vast furnace.</s> <s id="s25">-- When the winds are high, they roar among the cliffs and caverns like peals of thunder; then, too, the clouds are seen in vast bodies sweeping along the hills in gloomy greatness, while the lake joins the tumult and tosses like a sea: But in calm weather the whole scene becomes new: The lake is a perfe? t mirror; and the landskip in all its beauty, islands, fields, woods, rocks, and mountains, are seen inverted, and floating on its surface.</s> <s id="s26">I will now carry you to the top of a cliff, where if you dare approach the ridge, a new scene of astonishment presents itself, where the valley, lake, and islands, seem laying at your feet; where this expanse of water appears diminished to a little pool amidst the vast immeasureable obje? ts that surround it; for here the summits of more distant hill appear before those you had already seen; and rising behind each other in successive ranges and azure groups of craggy and broken steeps, form an immense and awful pi? ture, which can only be expressed by the image of a tempestnous sea of mountains.</s> <s id="s27">-- Let me now condu? t you down again to the valley, and conclude with one circumstance more; which is, that a walk by full moon-light( at which time the distant water-falls are heard in all their variety of sound) among these inchanting dales, opens a scene of such delicate beauty, repose, and solemnity, as exceeds all description.</s></p>
<p><s id="s28">Finis.</s>
</p>
</text>
</document>