<?xml version="1.0" encoding="UTF-8"?><document>

<text id="1884_a"><p><s id="s1">Vii In Wordsworth's Country</s>
</p>
<p><s id="s2">No other English poet had touched me quite so closely as Wordsworth.</s> <s id="s3">All cultivated men delight in Shakespeare; he is the universal genius; but Wordsworth's poetry has more the character of a message, and a message special and personal, to a comparatively small circle of readers.</s> <s id="s4">He stands for a particular phase of human thought and experience, and his service to certain minds is like an initiation to a new order of truths.</s> <s id="s5">Note what a revelation he was to the mind of John Stewart Mill.</s> <s id="s6">His limitations make him all the more private and precious, like the seclusion of one of his mountain dales.</s> <s id="s7">He is not and can never be the world's poet, but more especially the poet of those who love solitude and solitary communion with nature.</s> <s id="s8">Shakespeare's attitude toward nature is for the most part like that of a gay, careless reveler, who leaves his companions for a moment to pluck a flower or gather a shell here and there, as they stroll</s></p>
<p><s id="s9">" By paved fountain, or by rushy brook, Or on the beachéd margent of the sea."</s></p>
<p><s id="s10">He is, of course, preeminent in all purely poetic achievements, but his poems can never minister to the spirit in the way Wordsworth's do.</s></p>
<p><s id="s11">One can hardly appreciate the extent to which the latter poet has absorbed and reproduced the spirit of the Westmoreland scenery until he has visited that region.</s> <s id="s12">I paused there a few days in early June, on my way south, and again on my return in late July.</s> <s id="s13">I walked up from <enamex sw="w1473" long="-2.9079" lat="54.376" type="manual_update"  gazref="unlock:10204" name="Windermere" conf="99991">Windermere</enamex> to <enamex sw="w1487" long="-3.020927713122514" lat="54.46105068867795" type="ppl" gazref="unlock:31171" name="Grasmere" conf="2.6">Grasmere</enamex>, where, on the second visit, I took up my abode at the historic Swan Inn, where Scott used to go surreptitiously to get his mug of beer when he was stopping with Wordsworth.</s></p>
<p><s id="s14">The call of the cuckoo came to me from over <enamex sw="w1714" long="-2.994852043565142" lat="54.44966001297723" type="water" gazref="unlock:11275811" name="Rydal Water" conf="2.4">Rydal water</enamex> as I passed along.</s> <s id="s15">I plucked my first foxglove by the roadside; paused and listened to the voice of the mountain torrent; heard</s></p>
<p><s id="s16">" The cataracts blow their trumpets from the steep;"</s></p>
<p><s id="s17">caught many a glimpse of green, unpeopled hills, urn-shaped dells, treeless heights, rocky promontories, secluded valleys, and clear, swift-running streams.</s> <s id="s18">The scenery was sombre; there were but two colors, green and brown, verging on black; wherever the rock cropped out of the green turf on the mountain-sides, or in the vale, it showed a dark face.</s> <s id="s19">But the tenderness and freshness of the green tints were something to remember, - the hue of the first springing April grass, massed and widespread in midsummer.</s></p>
<p><s id="s20">Then there was a quiet splendor, almost grandeur, about <enamex sw="w2477" long="-3.0252" lat="54.4584" type="manual update" gazref="Geoname_ID_2648201" name="Grasmere" conf="99992">Grasmere vale</enamex>, such as I had not seen elsewhere, - a kind of monumental beauty and dig - nity that agreed well with one's conception of the loftier strains of its poet.</s> <s id="s21">It is not too much dominated by the mountains, though shut in on all sides by them; that stately level floor of the valley keeps them back and defines them, and they rise from its outer margin like rugged, green-tufted, and green-draped walls.</s></p>
<p><s id="s22">It is doubtless this feature, as De Quincey says, this floor-like character of the valley, that makes the scenery of <enamex sw="w3006" long="-3.020927713122514" lat="54.46105068867795" type="ppl" gazref="unlock:31171" name="Grasmere" conf="2.6">Grasmere</enamex> more impressive than the scenery in <enamex sw="w3051" long="-3.71421926410597" lat="53.14944839812833" type="civil" gazref="unlock:13211761" name="North Wales Assembly ER" conf="0.9170980503">North Wales</enamex>, where the physiognomy of the mountains is essentially the same, but where the valleys are more bowl-shaped.</s> <s id="s23">Amid so much that is steep and rugged and broken, the eye delights in the repose and equilibrium of horizontal lines, - a bit of table-land, the surface of the lake, or the level of the valley bottom.</s> <s id="s24">The principal valleys over our own <enamex sw="w3408" long="-73.9098597" lat="41.3570382" type="other" gazref="unlock:7852226" name="Catskill Aqueduct" conf="0.5687020674">Catskill region</enamex> all have this stately floor, so characteristic of Wordsworth's country.</s> <s id="s25">It was a pleasure which I daily indulged in to stand on the bridge by <enamex sw="w3566" long="-3.020927713122514" lat="54.46105068867795" type="ppl" gazref="unlock:31171" name="Grasmere" conf="2.6">Grasmere</enamex> Church, with that full, limpid stream before me, pausing and deepening under the stone embankment near where the dust of the poet lies, and let the eye sweep across the plain to the foot of the near mountains, or dwell upon their encircling summits above the tops of the trees and the roofs of the village.</s> <s id="s26">The water-ouzel loved to linger there, too, and would sit in contemplative mood on the stones around which the water loitered and murmured, its clear white alone defining it from the object upon which it rested.</s> <s id="s27">Then t would trip along the margin of the pool, to flit a few feet over its surface, and suddenly, as if it had burst like a bubble, vanish before my eyes; there would be a little splash of the water beneath where I saw it, as if the drop of which it was composed had reunited with the surface there.</s> <s id="s28">Then, in a moment or two, it would emerge from the water and take up its stand as dry and unruffled as ever.</s> <s id="s29">It was always amusing to see this plump little bird, so unlike a water-fowl in shape and manner, disappear in the stream.</s> <s id="s30">It did not seem to dive, but simply dropped into the water, as if its wings had suddenly failed it.</s> <s id="s31">Sometimes it fairly tumbled in from its perch.</s> <s id="s32">It was gone from sight in a twinkling, and, while you were wondering how it could accomplish the feat of walking on the bottom of the stream under there, it reappeared as unconcerned as possible.</s> <s id="s33">It is a song-bird, a thrush, and gives a feature to these mountain streams and waterfalls which ours, except on the Pacific coast, entirely lack.</s> <s id="s34">The stream that winds through <enamex sw="w5145" long="-3.0252" lat="54.4584" type="manual update" gazref="Geoname_ID_2648201" name="Grasmere" conf="99992">Grasmere vale</enamex>, and flows against the embankment of the churchyard, as the <enamex sw="w5219" long="2.71667" lat="48.4" type="other" gazref="unlock:5773450" name="Avon" conf="0.6249503049">Avon</enamex> at <enamex sw="w5227" long="-1.714670945374337" lat="52.19698776149772" type="ppl" gazref="unlock:11293950" name="Stratford-upon-Avon" conf="1.094841839">Stratford</enamex>, is of great beauty, - clean, bright, full, trouty, with just a tinge of gypsy blood in its veins, which it gets from the black tarns on the mountains, and which adds to its richness of color.</s> <s id="s35">I saw an angler take a few trout from it, in a meadow near the village.</s> <s id="s36">After a heavy rain the stream was not roily, but slightly darker in hue; these fields and mountains are so turf-bound that no particle of soil is carried away by the water.</s></p>
<p><s id="s37">Falls and cascades are a great feature all through this country, as they are a marked feature in Wordsworth's poetry.</s> <s id="s38">One's ear is everywhere haunted by the sound of falling water; and, when the ear cannot hear them, the eye can see the streaks or patches of white foam down the green declivities.</s> <s id="s39">There are no tress above the valley bottom to obstruct the view, and no hum of woods to muffle the sounds of distant streams.</s> <s id="s40">When I was at <enamex sw="w6113" long="-3.020927713122514" lat="54.46105068867795" type="ppl" gazref="unlock:31171" name="Grasmere" conf="2.6">Grasmere</enamex> there was much rain, and this stanza of the poet came to mind: -</s></p>
<p><s id="s41">" Loud is the Vale! The voice is up With which she speaks when storms are gone, A mighty unison of streams! Of all her voices, one!"</s></p>
<p><s id="s42">The words" vale" and" dell" come to have a new meaning after one has visited Wordsworth's country, just as the words" cottage" and" shepherd" also have so much more significance there and in <enamex  sw="w6509" name="Large admin unit">Scotland</enamex> than at home.</s></p>
<p><s id="s43">" Dear child of Nature, let them rail! - There is a nest in a green dale, A harbor and a hold, Where thou, a wife and friend, shalt see Thy own delightful days, and be A light to young and old."</s></p>
<p><s id="s44">Every humble dwelling looks like a nest; that in which the poet lived himself had a cosy, nest-like look; and every vale is green, - a cradle amid rocky heights, padded and carpeted with the thickest turf.</s></p>
<p><s id="s45">Wordsworth is described as the poet of nature.</s> <s id="s46">He is more the poet of man, deeply wrought upon by a certain phase of nature, - the nature of those sombre, quiet, green, far-reaching mountain solitudes.</s> <s id="s47">There is a shepherd quality about him; he loves the flocks, the heights, the tarn, the tender herbage, the sheltered dell, the fold, with a kind of poetized shepherd instinct.</s> <s id="s48">Lambs and sheep and their haunts, and those who tend them, recur perpetually in his poems.</s> <s id="s49">How well his verse harmonizes with those high, green, and grey solitudes, where the silence is broken only by the bleat of lambs or sheep, or just stirred by the voice of distant waterfalls! Simple, elemental yet profoundly tender and human, he had</s></p>
<p><s id="s50">" The primal sympathy Which, having been, must ever be."</s></p>
<p><s id="s51">He brooded upon nature, but it was nature mirrored in his own heart.</s> <s id="s52">In his poem of" The Brothers" he says of his hero, who had gone to sea: -</s></p>
<p><s id="s53">" He had been reared Among the mountains, and he in his heart Was half a shepherd on the stormy seas.</s> <s id="s54">Oft in the piping shrouds had Leonard heard The tones of waterfalls, and inland sounds Of caves and trees;"</s></p>
<p><s id="s55">and, leaning over the vessel's side and gazing into the" broad green wave and sparkling foam," he</s></p>
<p><s id="s56">" Saw mountains - saw the forms of sheep that grazed On verdant hills."</s></p>
<p><s id="s57">This was what his own heart told him; every experience or sentiment called those beloved images to his own mind.</s></p>
<p><s id="s58">One afternoon, when the sun seemed likely to get the better of the soft ran-clouds, I set out to climb to the top of <enamex sw="w8456" long="-3.012269722421011" lat="54.5304112692593" type="mtn" gazref="unlock:11169753" name="Helvellyn" conf="2.4">Helvellyn</enamex>.</s> <s id="s59">I followed the highway a mile or more beyond the Swan Inn, and then I committed myself to a footpath that turns up the mountainside to the right, and crossed into <enamex sw="w8630" long="-2.969220794164662" lat="54.51965869476724" type="water" gazref="unlock:8787282" name="Grisedale Beck" conf="2.4">Grisedale</enamex> and so to Ulleswater.</s> <s id="s60">Two schoolgirls whom I overtook put me on the right track.</s> <s id="s61">The voice of a foaming mountain torrent was in my ears a long distance, and now and then the path crossed it.</s> <s id="s62"><enamex sw="w8831" long="-82.1990002" lat="35.469287" type="other" gazref="unlock:7215209" name="Fairfield Mountain" conf="0.2778724829">Fairfield Mountain</enamex> was on my right hand, <enamex sw="w8872" long="-3.041800543566656" lat="54.47622985854962" type="mtn" gazref="unlock:11169680" name="Helm Crag" conf="2.4">Helm Crag</enamex> and <enamex sw="w8886" long="-3.042257566142511" lat="54.49420285694539" type="other" gazref="unlock:11134276" name="Dunmail Raise" conf="2">Dunmail Raise</enamex> on my left.</s> <s id="s63"><enamex sw="w8912" long="-3.0252" lat="54.4584" type="manual update" gazref="Geoname_ID_2648201" name="Grasmere" conf="99992">Grasmere plain</enamex> soon lay far below.</s> <s id="s64">The haymakers, encouraged by a gleam of sunshine, were hastily raking together the rain-blackened hay.</s> <s id="s65">From my outlook they appeared to be slowly and laboriously rolling up a great sheet of dark brown paper, uncovering beneath it one of the most fresh and vivid green.</s> <s id="s66">The mown grass is so long in curing in this country( frequently two weeks) that the new blades spring beneath it, and a second crop is well under way before the old is" carried."</s> <s id="s67">The long mountain slopes up which I was making my way were as verdant as the plain below me.</s> <s id="s68">Large coarse ferns or bracken, with an underlining of fine grass, covered the ground on the lower portions.</s> <s id="s69">On the higher, grass alone prevailed.</s> <s id="s70">On the top of the divide, looking down into the valley of Ulleswater, I came upon one of those black tarns, or mountain lakelets, which are such a feature in this strange scenery.</s> <s id="s71">The word" tarn" has no meaning with us, though our young poets sometimes use it as they do this Yorkshire word" wold;" one they get from Wordsworth, the other from <enamex  sw="w9978" name="Not a placename">Tennyson</enamex>.</s> <s id="s72">But when you have seen one of those still, inky pools at the head of a silent, lonely <enamex  sw="w10074" name="Large admin unit">Westmoreland dale</enamex>, you will not be apt to misapply the word in future.</s> <s id="s73">Suddenly the serene shepherd mountain opens this black, gleaming eye at your feet, and it is all the more weird for having no eyebrow of rocks, or fringe of rush or bush.</s> <s id="s74">The steep, encircling slopes drop down and hem it about with the most green and uniform turf.</s> <s id="s75">If its rim had been modeled by human hands, it could not have been more regular or gentle in outline.</s> <s id="s76">Beneath its emerald coat the soil is black and peaty, which accounts for the hue of the water and the dark line that encircles it.</s></p>
<p><s id="s77">" All round this pool both flocks and herd might drink On its firm margin, even as from a well, Or some stone basin, which the herdsman's hand Had shaped for their refreshment."</s></p>
<p><s id="s78">The path led across the outlet of the tarn, and then divided, one branch going down into the head of <enamex sw="w10921" long="-2.969220794164662" lat="54.51965869476724" type="water" gazref="unlock:8787282" name="Grisedale Beck" conf="2.4">Grisedale</enamex>, and the other mounting up the steep flank of <enamex sw="w10977" long="-3.012269722421011" lat="54.5304112692593" type="mtn" gazref="unlock:11169753" name="Helvellyn" conf="2.4">Helvellyn</enamex>.</s> <s id="s79">Far up the green acclivity I met a man and two young women making their way slowly down.</s> <s id="s80">They had come from <enamex sw="w11096" long="-2.950879265566048" lat="54.54888608843932" type="ppl" gazref="unlock:11155225" name="Glenridding" conf="2.6">Glenridding</enamex> on Ulleswater, and were going to <enamex sw="w11141" long="-3.020927713122514" lat="54.46105068867795" type="ppl" gazref="unlock:31171" name="Grasmere" conf="2.6">Grasmere</enamex>.</s> <s id="s81">The women looked cold, and said I would find it wintry on the summit.</s></p>
<p><s id="s82"><enamex sw="w11221" long="-3.012269722421011" lat="54.5304112692593" type="mtn" gazref="unlock:11169753" name="Helvellyn" conf="2.4">Helvellyn</enamex> has a broad flank and a long back, and comes to a head very slowly and gently.</s> <s id="s83">You reach a wire fence well up on the top that divides some sheep ranges, pass through a gate, and have a mile yet to the highest ground in front of you; but you could traverse it in a buggy, it is so smooth and grassy.</s> <s id="s84">The grass fails just before the summit is reached, and the ground is covered with small fragments of decomposed rock.</s> <s id="s85">The view is impressive, and such as one likes to sit down to and drink in slowly, - a</s></p>
<p><s id="s86">" Grand terraqueous spectacle, From center to circumference, unveiled."</s></p>
<p><s id="s87">The wind was moderate and not cold.</s> <s id="s88">Toward Ulleswater the mountain drops down abruptly many hundred feet, but its vast western slope appeared one smooth, unbroken surface of grass.</s> <s id="s89">The following jottings in my notebook, on the spot, preserve some of the features of the scene:" All the northern landscape lies in the sunlight as far as <enamex sw="w12141" long="-2.923743724822998" lat="54.89435005187988" type="ppla" gazref="unlock:14127466" name="Carlisle" conf="3.061455896">Carlisle</enamex>,</s></p>
<p><s id="s90">" A tumultuous waste of huge hilltops;"</s></p>
<p><s id="s91">not quite so severe and rugged as the Scotch mountains, but the view more pleasing and more extensive than the one I got from <enamex sw="w12316" long="-4.460111943728425" lat="56.22663634787944" type="mtn" gazref="unlock:11075202" name="Ben Venue" conf="0.8182699288">Ben Venue</enamex>.</s> <s id="s92">The black tarns at my feet, - <enamex sw="w12357" long="-3.0125" lat="54.5394" type="manual update" gazref="unlock:11185358" name="Keppel Cove" conf="99992">Keppel Cove Tarn</enamex> one of them, according to my map, - how curious they look! I can just discern the figure of a man moving by the marge of one of them.</s> <s id="s93">Away beyond Ulleswater is a vast sweep of country flecked here and there by slowly moving cloud shadows.</s> <s id="s94">To the northeast, in places, the backs and sides of the mountains have a green, pastoral voluptuousness, so smooth and full are they with thick turf.</s> <s id="s95">A other points the rock has fretted through the verdant carpet.</s> <s id="s96">St. Sunday's Crag to the west, across <enamex sw="w12865" long="-2.969220794164662" lat="54.51965869476724" type="water" gazref="unlock:8787282" name="Grisedale Beck" conf="2.4">Grisedale</enamex>, is a steep acclivity covered with small, loose stones, as if they had been dumped over the top, and were slowly sliding down; but nowhere do I see great bowlders strewn about.</s> <s id="s97">Patches of black peat are here and there.</s> <s id="s98">The little rills, near and far, are white as milk, so swiftly do they run.</s> <s id="s99">On the more precipitous sides the grass and moss are lodged, and hold like snow, and are as tender in hue as the first April blades.</s> <s id="s100">A multitude of lakes are in view, and <enamex sw="w13340" long="-2.971573845828191" lat="54.11726758179064" type="water" gazref="unlock:11222778" name="Morecambe Bay" conf="2.158426828">Morecambe Bay</enamex> to the south.</s> <s id="s101">There are sheep everywhere, loosely scattered, with their lambs; occasionally I hear them bleat.</s> <s id="s102">No other sound is heard but the chirp of the mountain pipit.</s> <s id="s103">I see the wheat-ear flitting here and there.</s> <s id="s104">One mountain now lies in full sunshine, as fat as a seal, wrinkled and dimpled where it turns to the west, like a fat animal when it bends to lick itself.</s> <s id="s105">What a spectacle is now before me! - all the near mountains in shadow, and the distant in strong sunlight; I shall not see the like of that again.</s> <s id="s106">On some of the mountains the green vestments are in tatters and rags, so to speak, and barely cling to them.</s> <s id="s107">No heather in view.</s> <s id="s108">Toward <enamex sw="w14009" long="-2.9079" lat="54.376" type="manual_update"  gazref="unlock:10204" name="Windermere" conf="99991">Windermere</enamex> the high peaks and crests are much more jagged and rocky.</s> <s id="s109">The air is filled with the same white, motionless vapor as in <enamex  sw="w14140" name="Large admin unit">Scotland</enamex>.</s> <s id="s110">When the sun breaks through, -</s></p>
<p><s id="s111">" Slant watery lights, from parting clouds, apace Travel along the precipice's base, Cheering its naked waste of scattered stone."</s></p>
<p><s id="s112">Amid these scenes one comes face to face with nature,</s></p>
<p><s id="s113">" With the pristine earth, The planet in its nakedness,"</s></p>
<p><s id="s114">as he cannot in a wooded country.</s> <s id="s115">The primal, abysmal energies, grown tender and meditative, as it were, thoughtful of the shepherd and his flocks, and voiceful only in the leaping torrents, look out upon one near at hand and pass a mute recognition.</s> <s id="s116">Wordsworth perpetually refers to these hills and dales as lonely or lonesome; but his heart was still more lonely.</s> <s id="s117">The outward solitude was congenial to the isolation and profound privacy of his own soul.</s> <s id="s118">" Lonesome," he says of one of these mountain dales, but</s></p>
<p><s id="s119">" Not melancholy, - no, for it is green And bright and fertile, furnished in itself With the few needful things that life requires.</s> <s id="s120">In rugged arms how soft it seems to lie, How tenderly protected."</s></p>
<p><s id="s121">It is this tender and sheltering character of the mountains of the Lake district that is one main source of their charm.</s> <s id="s122">So rugged and lofty, and yet so mellow and delicate! No shaggy, weedy growths or tangles anywhere; nothing wilder than the bracken, which at a distance looks as solid as the grass.</s> <s id="s123">The turf is as fine and thick as that of a lawn.</s> <s id="s124">The dainty-nosed lambs could not crave a tenderer bite than it affords.</s> <s id="s125">The wool of the dams could hardly be softer to the foot.</s> <s id="s126">The last of July the grass was still short and thick, as if it never shot up a stalk and produced seed, but always remained a fine, close mat.</s> <s id="s127">Nothing was more unlike what I was used to at home than this universal tendency( the same is true in <enamex  sw="w15854" name="Large admin unit">Scotland</enamex> and <enamex  sw="w15867" name="Large admin unit">Wales</enamex>) to grass, and, on the lower slopes, to bracken, as if these were the only two plants in nature.</s> <s id="s128">Many of these eminences in the north of <enamex  sw="w16010" name="Large admin unit">England</enamex>, too lofty for hills and too smooth for mountains, are called fells.</s> <s id="s129">The railway between <enamex sw="w16107" long="-2.923743724822998" lat="54.89435005187988" type="ppla" gazref="unlock:14127466" name="Carlisle" conf="3.061455896">Carlisle</enamex> and <enamex sw="w16120" long="-2.705402502615134" lat="53.75956131118807" type="ppl" gazref="unlock:11249845" name="Preston" conf="1.91356535">Preston</enamex> winds between them, as Houghill Fells, <enamex sw="w16167" long="-2.593598342169809" lat="54.43432084320211" type="ppl" gazref="unlock:11298345" name="Tebay" conf="2.43397472">Tebay</enamex> Fells, Sharp Fells, etc.</s> <s id="s130">They are, even in midsummer, of such a vivid and uniform green that it seems as if they must have been painted.</s> <s id="s131">Nothing blurs or mars the hue; no stalk of weed or stem of dry grass.</s> <s id="s132">The scene, in singleness and purity of tint, rivals the blue of the sky.</s> <s id="s133">Nature does not seem to ripen and grow sere as autumn approaches, but wears the tints of May in October.</s></p>
</text>
</document>