<?xml version="1.0" encoding="UTF-8"?><document>

<text id="1852_e"><p><s id="s1">Reaching <enamex sw="w21" long="-2.878238320350647" lat="53.5225887298584" type="ppla" gazref="unlock:14131229" name="Liverpool" conf="2.11071324">Liverpool</enamex> that night, I was invited by the Rev. Mr. Bishop, the minister at large in <enamex sw="w106" long="-2.878238320350647" lat="53.5225887298584" type="ppla" gazref="unlock:14131229" name="Liverpool" conf="2.11071324">Liverpool</enamex>, to join a party who were to make an excursion, the next day, to the Lakes of <enamex  sw="w194" name="Large admin unit">Cumberland</enamex>.</s> <s id="s2">This excursion was got up by the members of the Roscoe Club; a society consisting principally of the young men of <enamex sw="w320" long="-2.878238320350647" lat="53.5225887298584" type="ppla" gazref="unlock:14131229" name="Liverpool" conf="2.11071324">Liverpool</enamex>, engaged in commerce, and who unite together for mutual instruction and recreation.</s> <s id="s3">We left <enamex sw="w422" long="-2.878238320350647" lat="53.5225887298584" type="ppla" gazref="unlock:14131229" name="Liverpool" conf="2.11071324">Liverpool</enamex> by rail at about 9 o'clock, and reached <enamex sw="w472" long="-2.915738676011205" lat="54.36040070757029" type="ppl" gazref="unlock:11084353" name="Bowness-On-Windermere" conf="2.6">Bowness</enamex>, on Lake <enamex sw="w489" long="-2.907933804199639" lat="54.37599546506077" type="ppl" gazref="unlock:10204" name="Windermere" conf="2.6">Windermere</enamex>, in about three hours.</s> <s id="s4">At <enamex sw="w526" long="-2.915738676011205" lat="54.36040070757029" type="ppl" gazref="unlock:11084353" name="Bowness-On-Windermere" conf="2.6">Bowness</enamex> we took a little steamer, and sailed to <enamex sw="w574" long="-2.959272920560253" lat="54.43199742280473" type="ppl" gazref="unlock:11255" name="Ambleside" conf="2.6">Ambleside</enamex> at the other extremity.</s> <s id="s5">I walked from <enamex sw="w622" long="-2.959272920560253" lat="54.43199742280473" type="ppl" gazref="unlock:11255" name="Ambleside" conf="2.6">Ambleside</enamex> to <enamex sw="w635" long="-2.97943049851992" lat="54.44978599662359" type="ppl" gazref="unlock:11275806" name="Rydal" conf="2.6">Rydal</enamex>, and saw Wordsworth's house.</s> <s id="s6">Understanding that he was not at home, and following the example of other sight-seers, who seemed to make themselves quite at home in his premises, I also walked into his little domain, and stood on the terrace before his house, where he has so often stood to look over Lake <enamex sw="w945" long="-2.907933804199639" lat="54.37599546506077" type="ppl" gazref="unlock:10204" name="Windermere" conf="2.6">Windermere</enamex> and at the stormy summit of <enamex sw="w984" long="-3.009409945670575" lat="54.43072631926698" type="water" gazref="unlock:8795952" name="Loughrigg Tarn" conf="2.4">Loughrigg</enamex>.</s> <s id="s7">Then I climbed Knabscar behind his house, whence a very fine view of the lake scenery is to be obtained.</s> <s id="s8">It was tough work for a hot day, but amply repaid me.</s> <s id="s9">There lay <enamex sw="w1164" long="-2.907933804199639" lat="54.37599546506077" type="ppl" gazref="unlock:10204" name="Windermere" conf="2.6">Windermere</enamex>, stretching far away to the south, and <enamex sw="w1214" long="-2.959272920560253" lat="54.43199742280473" type="ppl" gazref="unlock:11255" name="Ambleside" conf="2.6">Ambleside</enamex> between, its stone cottages embosomed in foliage, its white road running between green hedges to the foot of the hill; and away in the distance rose a great mountain form, which much attracted me, but which, I found by the map afterward, must have been <enamex sw="w1477" long="-3.012269722421011" lat="54.5304112692593" type="mtn" gazref="unlock:11169753" name="Helvellyn" conf="2.4">Helvellyn</enamex>, only four or five miles off.</s> <s id="s10">Though I did not know that <enamex sw="w1544" long="-3.012269722421011" lat="54.5304112692593" type="mtn" gazref="unlock:11169753" name="Helvellyn" conf="2.4">Helvellyn</enamex> was in the neighborhood, and had supposed it to be a Scotch mountain, I was repeating to myself constantly, while on Knabscar, Scott's lines,--</s></p>
<p><s id="s11">' I climbed the dark brow of the mighty <enamex sw="w1738" long="-3.012269722421011" lat="54.5304112692593" type="mtn" gazref="unlock:11169753" name="Helvellyn" conf="2.4">Helvellyn</enamex>, Lakes and mountains beneath me gleamed misty and wide.'</s></p>
<p><s id="s12">The scenery, no doubt, suggested the lines, for I was surrounded by mountains, and beneath me lay <enamex sw="w1903" long="-2.994852043565142" lat="54.44966001297723" type="water" gazref="unlock:11275811" name="Rydal Water" conf="2.4">Rydal Water</enamex>, <enamex sw="w1916" long="-3.02591946706321" lat="54.45838873427238" type="ppl" gazref="unlock:11158165" name="Grasmere" conf="2.6">Grasmere</enamex> and other lakes.</s> <s id="s13">But the main thought in my mind was, that Wordsworth had looked upon this scenery day by day; that here his mind had been fed and strengthened; that his hill, that lake, had been his muse; every thing around me bore the coloring of the poet's mind.</s> <s id="s14">This was the Nature which he had interpreted and idealized.</s> <s id="s15">There was a glory upon these hills, not known to sea or land elsewhere, but borrowed from the poet's dream.</s> <s id="s16">The landscape was made alive by the power of thought; pervaded throughout with soul, humanized and elevated by the wonderful magic of the imagination.</s> <s id="s17">I very much enjoyed the breezy top of the mountain, bare of every thing but grass and heather.</s> <s id="s18">I saw a brook in the distance, tumbling and careering down along its side; so I went to it and offered myself as its companion, clambering down a very rocky steep till I reached my little brook.</s> <s id="s19">It was</s></p>
<p><s id="s20">' Gurgling in foamy water-break, Loitering in glassy pool--'</s></p>
<p><s id="s21">and perhaps was the identical brook which did so in Wordsworth's poem.</s> <s id="s22">I accompanied the brawler down into the woods, though he led me by wet ways, and finally treacherously lost me in a wilderness of underwood.</s> <s id="s23">It was getting dark, and, as I have a faculty of losing myself where no one else would, I was becoming somewhat bewildered; but at last I reached a path and followed it.</s> <s id="s24">It led me into a park, laid out with care, and, amid noble trees, to a ravine in which was a water-fall; and then it turned out that I was near the house of Lady Le <enamex  sw="w3416" name="Not a placename">Fleming</enamex>, Wordsworth's neighbor, and the owner of <enamex sw="w3465" long="-2.97943049851992" lat="54.44978599662359" type="ppl" gazref="unlock:11275806" name="Rydal" conf="2.6">Rydal</enamex>.</s> <s id="s25">I went out of her gate, and pursued my way to lovely <enamex sw="w3525" long="-2.959272920560253" lat="54.43199742280473" type="ppl" gazref="unlock:11255" name="Ambleside" conf="2.6">Ambleside</enamex>, the sweetest of villages.</s> <s id="s26">I passed along a hard white road between green hedges or gray stone walls, lichen-covered, over which hung laurel and woodbines.</s> <s id="s27">All was neat and kept in perfect order, no branch or twig suffered to stray, more than a curl on a lady's cheek.</s> <s id="s28">The houses and cottages were all of gray or blue stone, and covered, in whole or part, with ivy.</s> <s id="s29">The fences and gates the perfection of neatness, and all the foliage rich; the fields all deep green, the grass smooth as a carpet; and the whole of this fair village was framed by a panorama of mountains, and intersected by winding brooks.</s></p>
<p><s id="s30">When I reached my little inn, I found a party of gentlemen and ladies taking tea in the coffee-room.</s> <s id="s31">Presently one of the ladies spoke of Elihu Burritt; and another made a remark concerning Ralph Waldo Emerson.</s> <s id="s32">This attracted my attention, which, one of the ladies afterward told me, was her precise purpose, she having suspected me of being an American.</s> <s id="s33">Presently I found myself engaged in a very pleasant conversation with this party, who proved to be from <enamex sw="w4601" long="-2.250909844579199" lat="53.51088669792344" type="ppl" gazref="unlock:9710" name="Manchester" conf="1.878152744">Manchester</enamex>, and the family of Mr. B., member of Parliament for that place.</s> <s id="s34">We talked about <enamex  sw="w4692" name="Large admin unit">America</enamex> and <enamex  sw="w4704" name="Large admin unit">England</enamex>, Mr. Emerson, and Emanuel Swedenborg, the Peace Congress, the poet Wordsworth, and the doctrine of the Trinity.</s> <s id="s35">On the latter topic we could not well agree; they being Swedenborgians, and I a Unitarian, I quarrelled with Swedenborg's doctrine of the Lord, on the ground that he seemed to me, while maintaining the divinity of Christ, to lose his humanity, declaring that the soul of Christ was God himself.</s> <s id="s36">This, I thought, made the humanity a mere name; for a human body without a human soul, is surely not a human being; and it nullified those Scriptures, in which Jesus asserts his dependence on the Father.</s> <s id="s37">They found my criticisms unsatisfactory, and our discussion, warm but very kindly, was protracted to a late hour.</s> <s id="s38">After the fatigues of the day, I slept soundly in my neat room and comfortable English bed, with its nice linen sheets, elastic mattrass, and white drapery around.</s></p>
<p><s id="s39">Next morning I arose at five to walk to <enamex sw="w5641" long="-3.02591946706321" lat="54.45838873427238" type="ppl" gazref="unlock:11158165" name="Grasmere" conf="2.6">Grasmere</enamex> to breakfast.</s> <s id="s40">I walked by a private path through the fields to <enamex sw="w5713" long="-2.97943049851992" lat="54.44978599662359" type="ppl" gazref="unlock:11275806" name="Rydal" conf="2.6">Rydal</enamex>.</s> <s id="s41">This foot-path went through gates and over stiles, through fair meadows, where swains were mowing the grass diamonded with morning dew; by beautiful country-seats, buried deep in shrubbery, all lovely in the sunny morning.</s> <s id="s42">Millions of harebells opened their blue eyes, or rather hung their bells, to welcome the day; and the wild honeysuckle, in the hedges, filled the air with fragrance.</s> <s id="s43">So I passed on to <enamex sw="w6127" long="-2.97943049851992" lat="54.44978599662359" type="ppl" gazref="unlock:11275806" name="Rydal" conf="2.6">Rydal</enamex>.</s> <s id="s44">There I again turned from the road into another foot-path which skirted <enamex sw="w6206" long="-2.994852043565142" lat="54.44966001297723" type="water" gazref="unlock:11275811" name="Rydal Water" conf="2.4">Rydal Water</enamex>, and at last I came in view of the village of <enamex sw="w6264" long="-3.02591946706321" lat="54.45838873427238" type="ppl" gazref="unlock:11158165" name="Grasmere" conf="2.6">Grasmere</enamex> lying beyond its lake.</s> <s id="s45">Here I was seized with the mad desire of getting across the little <enamex sw="w6363" long="-2.999532951957181" lat="54.45181970054676" type="water" gazref="unlock:8791440" name="River Rothay" conf="2.4">River Rothay</enamex>, by which <enamex sw="w6386" long="-3.02591946706321" lat="54.45838873427238" type="ppl" gazref="unlock:11158165" name="Grasmere" conf="2.6">Grasmere</enamex> debouches into <enamex sw="w6410" long="-2.97943049851992" lat="54.44978599662359" type="ppl" gazref="unlock:11275806" name="Rydal" conf="2.6">Rydal</enamex>.</s> <s id="s46">It was swollen by the rain, and so, as I stepped from slippery rock to rock, my pole, plucked from the hedge, snapped, and I tumbled in.</s> <s id="s47">My hat flew from my head immediately, dipped itself half full of water, and was just going to the bottom when I caught it.</s> <s id="s48">There I stood, with the water about my waist, taking my morning bath in a very unexpected manner.</s> <s id="s49">Emptying a quart of water from my hat, I scrambled up the bank, walked a mile and a half to the village of <enamex sw="w6882" long="-3.02591946706321" lat="54.45838873427238" type="ppl" gazref="unlock:11158165" name="Grasmere" conf="2.6">Grasmere</enamex>, and, ordering breakfast, sat by the kitchen fire to see it cooked while I dried my clothes.</s> <s id="s50">The cook was a rosy English lass, and I advised her to go to <enamex  sw="w7045" name="Large admin unit">America</enamex>; but she knew better and said,' It is too far; I might set out' said she,' but I am afraid I should never get there.'</s> <s id="s51">This cook was almost the only person whom I saw among the working classes in <enamex  sw="w7248" name="Large admin unit">Europe</enamex>, who was not thinking more or less seriously of moving to <enamex  sw="w7313" name="Large admin unit">America</enamex>.</s> <s id="s52"><enamex  sw="w7322" name="Large admin unit">America</enamex> is an ideal world to the peasantry of <enamex  sw="w7368" name="Large admin unit">Europe</enamex>.</s> <s id="s53">It supplies them with hope; and even to those who never go there it is a blessing, in giving them a hope of improving their condition.</s> <s id="s54">It is the <enamex sw="w7521" long="-96.7817268371582" lat="37.8717098236084" type="water" gazref="unlock:14134808" name="El Dorado Lake" conf="0.7209124766">El Dorado</enamex>, the land of golden plenty, where every man can have a home of his own, and leave his children comfortable when he dies.</s> <s id="s55">Let it be known any where in <enamex  sw="w7681" name="Large admin unit">Europe</enamex> that you are an American, and you are at once welcomed by the common people.</s> <s id="s56">Each one has something to say to you about <enamex  sw="w7808" name="Large admin unit">America</enamex>; something to ask about friends living there; about wages, price of land, and modes of living.</s></p>
<p><s id="s57">Having dried myself by the kitchen fire, and suffering no injury, but rather by this summary hydropathic process curing a cold I had before caught, I took my breakfast, and then found a boy to row me in a skiff across <enamex sw="w8129" long="-3.02591946706321" lat="54.45838873427238" type="ppl" gazref="unlock:11158165" name="Grasmere" conf="2.6">Grasmere</enamex>.</s> <s id="s58">I climbed some hills on the other side; and descending into another valley to another lake, the <enamex sw="w8235" long="-3.025245753231923" lat="54.43142891663435" type="water" gazref="unlock:11139812" name="Elter Water" conf="2.4">Elter Water</enamex>, I walked rapidly by a new road which passes near <enamex sw="w8297" long="-3.009409945670575" lat="54.43072631926698" type="water" gazref="unlock:8795952" name="Loughrigg Tarn" conf="2.4">Loughrigg</enamex>, a high hill, to <enamex sw="w8324" long="-2.959272920560253" lat="54.43199742280473" type="ppl" gazref="unlock:11255" name="Ambleside" conf="2.6">Ambleside</enamex>.</s> <s id="s59">Reaching the inn I found, to my alarm, that the steamer had left for the cars which leave <enamex sw="w8425" long="-2.915738676011205" lat="54.36040070757029" type="ppl" gazref="unlock:11084353" name="Bowness-On-Windermere" conf="2.6">Bowness</enamex> for <enamex sw="w8437" long="-2.878238320350647" lat="53.5225887298584" type="ppla" gazref="unlock:14131229" name="Liverpool" conf="2.11071324">Liverpool</enamex>.</s> <s id="s60">But a gentleman, with two children, riding by at that moment, invited me to get in and carried me to <enamex sw="w8549" long="-2.915738676011205" lat="54.36040070757029" type="ppl" gazref="unlock:11084353" name="Bowness-On-Windermere" conf="2.6">Bowness</enamex>, where, to my great pleasure, I met with two American friends on their way from <enamex  sw="w8637" name="Large admin unit">Scotland</enamex> to <enamex sw="w8649" long="-0.1193526387214661" lat="51.47267150878906" type="ppla" gazref="unlock:14132302" name="London" conf="2.152802475">London</enamex>.</s> <s id="s61">To realize the pleasure of meeting a friend, be by yourself for a day or two, in a foreign country, and then meet him unexpectedly.</s> <s id="s62">The sober English at the station must have been not a little surprised at our enthusiastic greeting.</s></p>
</text>
</document>