<?xml version="1.0" encoding="UTF-8"?><document>

<text id="1724_a"><p><s id="s1"><enamex sw="w12" long="-2.801902525771824" lat="54.04660667916625" type="ppl" gazref="unlock:11190914" name="Lancaster" conf="3.067344149">Lancaster</enamex> is the next, the county town, and situate near the mouth of the River Lone or Lune.</s> <s id="s2">The town is ancient; it lies, as it were, in its own ruins, and has little to recommend it but a decayed castle, and a more decayed port( for no ships of any considerable burthen); the bridge is handsome and strong, but, as before, here is little or no trade, and few people.</s></p>
<p><s id="s3">This part of the country seemed very strange to us, after coming out of so rich, populous and fruitful a place, as I have now just described; for here we were, as it were, locked in between the hills on one side high as the clouds, and prodigiously higher, and the sea on the other, and the sea itself seemed desolate and wild, for it was a sea without ships, here being no sea port or place of trade, especially for merchants; so that, except colliers passing between <enamex  sw="w851" name="Large admin unit">Ireland</enamex> and <enamex sw="w863" long="-3.574638671553102" lat="54.54261524067765" type="ppl" gazref="unlock:11063" name="Whitehaven" conf="3.036585372">Whitehaven</enamex> with coals, the people told us they should not see a ship under sail for many weeks together.</s></p>
<p><s id="s4">Here, among the mountains, our curiosity was frequently moved to enquire what high hill this was, or that.</s> <s id="s5">Indeed, they were, in my thoughts, monstrous high; but in a country all mountainous and full of innumerable high hills, it was not easy for a traveller to judge which was highest.</s></p>
<p><s id="s6">Nor were these hills high and formidable only, but they had a kind of an unhospitable terror in them.</s> <s id="s7">Here were no rich pleasant valleys between them, as among the Alps; no lead mines and veins of rich ore, as in the Peak; no coal pits, as in the hills about Hallifax, much less gold, as in the <enamex sw="w1550" long="-70.58780288696289" lat="-32.82138061523438" type="ppla" gazref="unlock:14131730" name="Los Andes" conf="0.8">Andes</enamex>, but all barren and wild, of no use or advantage either to man or beast.</s> <s id="s8">Indeed here was formerly, as far back as Queen Elizabeth, some copper mines, and they wrought them to good advantage; they are all given over long since, and this part of the country yields little or nothing at all.</s></p>
<p><s id="s9">But I must not forget Winander Meer, which makes the utmost northern bounds of this shire, which is famous for the char fish found here and hereabout, and no where else in <enamex  sw="w2017" name="Large admin unit">England</enamex>; it is found indeed in some of the rivers or lakes in Swisserland among the Alps, and some say in <enamex  sw="w2123" name="Large admin unit">North Wales</enamex>; but I question the last.</s> <s id="s10">It is a curious fish, and, as a dainty, is potted, and sent far and near, as presents to the best friends.</s></p>
<p><s id="s11">Here we entered <enamex  sw="w2284" name="Large admin unit">Westmoreland</enamex>, a country eminent only for being the wildest, most barren and frightful of any that I have passed over in <enamex  sw="w2404" name="Large admin unit">England</enamex>, or even in <enamex  sw="w2424" name="Large admin unit">Wales</enamex> it self; the west side, which borders on <enamex  sw="w2471" name="Large admin unit">Cumberland</enamex>, is indeed bounded by a chain of almost unpassable mountains, which, in the language of the country, are called Fells, and these are called Fourness Fells, from the famous promontory bearing that name, and an abbey built also in ancient times, and called Fourness.</s></p>
<p><s id="s12"><enamex sw="w2747" long="65.4909" lat="28.7794" type="other" gazref="unlock:10379087" name="Pardana Būt" conf="0">But</enamex>' tis of no advantage to represent horror, as the character of a country, in the middle of all the frightful appearances to the right and left; yet here are some very pleasant, populous and manufacturing towns.</s> <s id="s13">Such as Kirby Launsdale, or <enamex sw="w2989" long="-2.193505280510443" lat="54.60749663325435" type="civil" gazref="unlock:13372442" name="Lunedale CP" conf="2.234030191">Lunedale</enamex>, because it stands on the <enamex sw="w3024" long="-2.876940624860074" lat="53.98315982354758" type="water" gazref="unlock:11270685" name="River Lune" conf="2.297856426">River Lune</enamex>, which is the boundary of the county, and leaves the hills of <enamex sw="w3097" long="-2.338" lat="54.3994" type="manual update" gazref="unlock:13900515" name="Mallerstang" conf="99992">Mallerstang Forest</enamex>, which are, in many places, unpassable.</s> <s id="s14">The manufacture which the people are employed in here, are chiefly woolen cloths, at <enamex sw="w3241" long="0.2333333" lat="51.3833333" type="other" gazref="unlock:4570935" name="Horton Kirby" conf="0.7337783467">Kirby</enamex> Launsdale, and <enamex sw="w3262" long="-2.74151656837981" lat="54.32658914641318" type="ppl" gazref="unlock:10749" name="Kendal" conf="2.893960985">Kendal</enamex>, and farther northward, a security for the continuance of the people in the place; for here is a vast concourse of people.</s> <s id="s15">In a word, I find no room to doubt the hills above mentioned go on to <enamex  sw="w3462" name="Large admin unit">Scotland</enamex>, for from some of the heights hereabouts, they can see even into <enamex  sw="w3536" name="Large admin unit">Scotland</enamex> it self.</s></p>
<p><s id="s16">The upper, or northern part of the county, has two manufacturing towns, called Kirby Stephen, and <enamex sw="w3652" long="-2.487384668217222" lat="54.57860495430396" type="ppl" gazref="unlock:11062898" name="Appleby-in-Westmorland" conf="2.521783441">Appleby</enamex>; the last is the capital of the county, yet neither of them offer any thing considerable to our observation, except a great manufacture of yarn stockings at the former.</s></p>
<p><s id="s17">When we entered at the south part of this county, I began indeed to think of <enamex  sw="w3906" name="Large admin unit">Merionethshire</enamex>, and the mountains of <enamex sw="w3943" long="-77.05136589999999" lat="38.7303927" type="other" gazref="unlock:7529201" name="Snowden" conf="1.142563285">Snowden</enamex> in <enamex  sw="w3954" name="Large admin unit">North Wales</enamex>, seeing nothing round me, in many places but unpassable hills, whose tops, covered with snow, seemed to tell us all the pleasant part of <enamex  sw="w4103" name="Large admin unit">England</enamex> was at an end.</s> <s id="s18">The great Winander Meer, like the <enamex  sw="w4160" name="Large admin unit">Mediterranean Sea</enamex>, extends it self on the west side for twelve miles and more, reckoning from North Bridge on the south, where it contracts it self again into a river up to <enamex sw="w4333" long="-3.0252" lat="54.4584" type="manual update" gazref="Geoname_ID_2648201" name="Grasmere" conf="99992">Grasmere north</enamex>, and is the boundary of the county, as I have said, on that side; and the English Appenine, that is, the mountains of <enamex  sw="w4466" name="Large admin unit">Yorkshire</enamex> <enamex  sw="w4476" name="Large admin unit">North Riding</enamex>, lie like a wall of brass on the other, and in deed, in one sense, they are a wall of brass; for it is the opinion of the most skilful and knowing people in the country, that those mountains are full of inexhaustible mines of copper, and so rich, as not only to be called brass, copper being convertible into brass, but also to have a quantity of gold in them also.</s></p>
<p><s id="s19">But notwithstanding this terrible aspect of the hills, when having passed by <enamex sw="w4932" long="-2.74151656837981" lat="54.32658914641318" type="ppl" gazref="unlock:10749" name="Kendal" conf="2.893960985">Kendal</enamex>, and descending the frightful mountains, we began to find the flat country show it self; we soon saw that the north and north east part of the county was pleasant, rich, fruitful, and compared to the other part, populous.</s> <s id="s20">The <enamex sw="w5165" long="-2.678955880942934" lat="54.6584514091654" type="water" gazref="unlock:8772727" name="River Eden" conf="2.320515719">River Eden</enamex>, the last river of <enamex  sw="w5195" name="Large admin unit">England</enamex> on this side, as the <enamex sw="w5224" long="-2.12294" lat="54.98234" type="manual update" gazref="ZZSH00186" name="River Tyne" conf="99992">Tyne</enamex> is on the other, rises in this part out of the side of a monstrous high mountain, called <enamex sw="w5318" long="-2.2955" lat="54.387" type="manual update" gazref="Norgate_ID_SD80919910" name="Mowill" conf="99992">Mowill</enamex> Hill, or <enamex sw="w5334" long="-2.9007" lat="54.3785" type="manual update" gazref="unlock:11323643" name="Wildbore Fell" conf="99992">Wildbore</enamex> Fell, which you please; after which, it runs through the middle of this vale, which is, as above, a very agreeable and pleasant country, or perhaps seems to be so the more, by the horror of the eastern and southern part.</s></p>
<p><s id="s21">In this vale, and on the bank of this river, stands <enamex sw="w5616" long="-2.487384668217222" lat="54.57860495430396" type="ppl" gazref="unlock:11062898" name="Appleby-in-Westmorland" conf="2.521783441">Appleby</enamex>, once a flourishing city, now a scattering, decayed, and half - demolished town, the fatal effects of the ancient inroads of the Scots, when this being a frontier county, those invasions were frequent, and who several times were masters of this town, and at length burnt it to the ground, which blow it has not yet recovered.</s></p>
<p><s id="s22">The Roman highway, which I have so often mentioned, And which, in my last letter, I left at <enamex sw="w6040" name="Leeming Lane">Leeming Lane</enamex>, enters this county from <enamex sw="w6078" long="-2.1498" lat="54.5059" type="manual update" gazref="Norgate_ID_NY904123" name="Rear Cross" conf="99992">Rear Cross</enamex> upon <enamex sw="w6094" long="-0.2888364762538017" lat="51.60038796494921" type="ppl" gazref="unlock:11197014" name="Little Stanmore" conf="1.32497443">Stanmore</enamex>, and crossing it almost due east and west, goes through <enamex sw="w6159" long="-2.487384668217222" lat="54.57860495430396" type="ppl" gazref="unlock:11062898" name="Appleby-in-Westmorland" conf="2.521783441">Appleby</enamex>, passing the Eden a little north from <enamex sw="w6205" long="-2.75757" lat="54.66579" type="manual update" gazref="ZZSH00101" name="Penrith" conf="99992">Perith</enamex>, at an ancient Roman station called Brovoniacam, where there was a large and stately stone bridge; but now the great road leads to the left-hand to <enamex sw="w6360" long="-2.75757" lat="54.66579" type="manual update" gazref="ZZSH00101" name="Penrith" conf="99992">Perith</enamex>.</s></p>
<p><s id="s23"><enamex sw="w6368" long="-2.75757" lat="54.66579" type="manual update" gazref="ZZSH00101" name="Penrith" conf="99992">Perith</enamex>, or <enamex sw="w6379" long="-2.749628438755928" lat="54.66475192978902" type="ppl" gazref="unlock:11038" name="Penrith" conf="2.508392786">Penrith</enamex>, is a handsome market town, populous, well built, and for an inland town, has a very good share of trade.</s> <s id="s24">It was unhappily possessed by the late party of Scots Highland rebels, when they made that desperate push into <enamex  sw="w6604" name="Large admin unit">England</enamex>, and which ended at <enamex sw="w6632" long="-2.705402502615134" lat="53.75956131118807" type="ppl" gazref="unlock:11249845" name="Preston" conf="2.084982027">Preston</enamex>; in the moor or heath, on the north part of this town, the militia of the county making a brave appearance, and infinitely out-numbering the Highlanders, were drawn up; yet, with all their bravery, they ran away, as soon as the Scots began to advance to charge them, and never fired a gun at them, leaving the town at their mercy.</s> <s id="s25">However to do justice even to the rebels, they offered no injury to the town, only quartered in it one night, took what arms and ammunition they could find, and advanced towards <enamex sw="w7149" long="-2.74151656837981" lat="54.32658914641318" type="ppl" gazref="unlock:10749" name="Kendal" conf="2.893960985">Kendal</enamex>.</s></p>
<p><s id="s26">From hence, in one stage, through a country full of castles, for almost every gentleman? s house is a castle, we came to <enamex sw="w7277" long="-2.923743724822998" lat="54.89435005187988" type="ppla" gazref="unlock:14127466" name="Carlisle" conf="3.245085297">Carlisle</enamex>, a small but well fortified city, the frontier place and key of <enamex  sw="w7350" name="Large admin unit">England</enamex> on the west sea, as <enamex sw="w7378" long="-2.007969620450661" lat="55.76586565400478" type="ppl" gazref="unlock:11076157" name="Berwick-upon-Tweed" conf="1.221377447">Berwick</enamex> upon Tweed is on the east; and in both which there have, for many years, I might say ages, been strong garrisons kept to check the invading Scots; from below this town the famous Picts Wall began, which crossed the whole island to <enamex sw="w7617" long="-1.65038168350614" lat="55.01910767346796" type="civila" gazref="unlock:13315766" name="Newcastle upon Tyne District (B)" conf="2.333209366">Newcastle upon Tyne</enamex>, where I have mentioned it already.</s> <s id="s27">Here also the great Roman highway, just before named, has its end, this being the utmost station of the Roman soldiers on this side.</s></p>
<p><s id="s28">But before I go on to speak of this town, I must go back, as we did for our particular satisfaction, to the sea coast, which, in this northern county, is more remarkable than that of <enamex  sw="w7989" name="Large admin unit">Lancashire</enamex>, though the other is extended much farther in length; for here are some towns of good trade.</s></p>
<p><s id="s29">I enquired much for the pearl fishery here, which Mr Cambden speaks of, as a thing well known about <enamex sw="w8193" long="-3.408100873751759" lat="54.355660853968" type="ppl" gazref="unlock:11252934" name="Ravenglass" conf="2.398058309">Ravenglass</enamex> and the River Ire, which was made a kind of bubble lately.</s> <s id="s30">But the country people, nor even the fishermen, could give us no account of any such thing; nor indeed is there any great quantity of the shell-fish to be found here( now) in which the pearl are found, I mean the large oyster or mussel.</s> <s id="s31">What might be in former times, I know not.</s></p>
<p><s id="s32">Under this shire, the navigation being secured by this cape of <enamex sw="w8606" long="-3.582497849760178" lat="54.48833781762206" type="ppl" gazref="unlock:11276282" name="St Bees" conf="2.507739187">St Bees</enamex>, is the town of <enamex sw="w8630" long="-3.574638671553102" lat="54.54261524067765" type="ppl" gazref="unlock:11063" name="Whitehaven" conf="3.036585372">Whitehaven</enamex>, grown up from a small place to be very considerable by the coal trade, which is increased so considerably of late, that it is now the most eminent port in <enamex  sw="w8797" name="Large admin unit">England</enamex> for shipping off coals, except <enamex sw="w8836" long="-1.66667" lat="55" type="manual_update"  gazref="ZZSH00027" name="Newcastle upon Tyne" conf="99991">Newcastle</enamex> and <enamex sw="w8850" long="-1.42449826002121" lat="54.90359306335449" type="ppla" gazref="unlock:14124820" name="Sunderland" conf="2.234679137">Sunderland</enamex>, and even beyond the last.</s> <s id="s33">They have of late fallen into some merchandising also, occasioned by the great number of their shipping, and there are now some considerable merchants; but the town is yet but young in trade.</s></p>
<p><s id="s34">About ten miles from <enamex sw="w9101" long="-3.5841" lat="54.549" type="manual update" gazref="unlock:4558509" name="Whitehaven" conf="99992">Whitehaven north</enamex> east, lies <enamex sw="w9129" long="-3.356649935752379" lat="54.66186838800157" type="ppl" gazref="unlock:11111547" name="Cockermouth" conf="2.6">Cockermouth</enamex>, upon the little <enamex sw="w9158" long="-3.338634083115587" lat="54.61981992774946" type="water" gazref="unlock:8791056" name="River Cocker" conf="2.4">River Cocker</enamex>, just where it falls into the <enamex sw="w9201" long="-3.351799651190464" lat="54.57703262453121" type="water" gazref="unlock:8772717" name="River Derwent" conf="2.37901604">Derwent</enamex>.</s> <s id="s35">This <enamex sw="w9215" long="-3.351799651190464" lat="54.57703262453121" type="water" gazref="unlock:8772717" name="River Derwent" conf="2.37901604">Derwent</enamex> is famous for its springing out of those hills, called <enamex sw="w9278" long="-3.1396" lat="54.5582" type="manual update" gazref="Norgate_ID_NY264187" name="Derwent Falls" conf="99992">Derwent Falls</enamex>, where the ancient copper mines were found in Queen Elizabeth's time, and in which it was said, there was a large quantity of gold.</s> <s id="s36">But they are discontinued since that time, for what reason, I know not; for there are several copper mines now working in this county, and which, as they told me, turn to a very good account.</s></p>
<p><s id="s37">Some tell us, the copper mines on <enamex sw="w9650" long="-3.1396" lat="54.5582" type="manual update" gazref="Norgate_ID_NY264187" name="Derwent Falls" conf="99992">Derwent Falls</enamex> were discontinued, because there being gold found among the ore, the queen claimed the royalty, and so no body would work them; which seems to be a reason why they should have been applied to the search with more vigour; but be that how it will they are left off, and the more probable account is, what a gentleman of <enamex sw="w9982" long="-2.749628438755928" lat="54.66475192978902" type="ppl" gazref="unlock:11038" name="Penrith" conf="2.508392786">Penrith</enamex> gave us, namely that the charge of working them was too great for the profits.</s></p>
<p><s id="s38">Here we saw <enamex sw="w10081" long="-3.139386682889271" lat="54.65511833106305" type="mtn" gazref="unlock:11284754" name="Skiddaw" conf="2.360349762">Skiddaw</enamex>, one of those high hills of which, wherever you come, the people always say, they are the highest in <enamex  sw="w10190" name="Large admin unit">England</enamex>, <enamex sw="w10199" long="-3.139386682889271" lat="54.65511833106305" type="mtn" gazref="unlock:11284754" name="Skiddaw" conf="2.360349762">Skiddaw</enamex> indeed is a very high hill but seems the higher, because not surrounded with other mountains, as is the case in most places where the other hills are as at <enamex sw="w10363" long="-2.13333" lat="55.48333" type="other" gazref="unlock:4577580" name="The Cheviot" conf="0.6986554937">Cheviot</enamex>, at Penigent, and at other places.</s> <s id="s39">From the top of <enamex sw="w10422" long="-3.139386682889271" lat="54.65511833106305" type="mtn" gazref="unlock:11284754" name="Skiddaw" conf="2.360349762">Skiddaw</enamex> they see plainly into <enamex  sw="w10452" name="Large admin unit">Scotland</enamex>, and quite into Dumfries Shire, and farther.</s></p>
<p><s id="s40"><enamex sw="w10506" long="-3.356649935752379" lat="54.66186838800157" type="ppl" gazref="unlock:11111547" name="Cockermouth" conf="2.6">Cockermouth</enamex> stands upon the River <enamex sw="w10540" long="-3.351799651190464" lat="54.57703262453121" type="water" gazref="unlock:8772717" name="River Derwent" conf="2.37901604">Derwent</enamex>, about twelve miles from the sea, but more by the windings of the river, yet vessels of good burthen may come up to it.</s> <s id="s41">This River <enamex sw="w10679" long="-3.351799651190464" lat="54.57703262453121" type="water" gazref="unlock:8772717" name="River Derwent" conf="2.37901604">Derwent</enamex> is noted for very good salmon, and for a very great quantity, and trout.</s> <s id="s42">Hence, that is, from <enamex sw="w10781" long="-3.551571779176866" lat="54.62740111743355" type="ppl" gazref="unlock:11386" name="Workington" conf="3.032778644">Workington</enamex> at the mouth of the river, and from <enamex sw="w10828" long="-2.923743724822998" lat="54.89435005187988" type="ppla" gazref="unlock:14127466" name="Carlisle" conf="3.245085297">Carlisle</enamex>, notwithstanding the great distance, they at this time carry salmon( fresh as they take it) quite to <enamex sw="w10938" long="-0.1193526387214661" lat="51.47267150878906" type="ppla" gazref="unlock:14132302" name="London" conf="2.528703402">London</enamex>.</s> <s id="s43">This is performed with horses, which, changing often, go night and day without intermission, and as they say, very much out-go the post; so that the fish come very sweet and good to <enamex sw="w11128" long="-0.1193526387214661" lat="51.47267150878906" type="ppla" gazref="unlock:14132302" name="London" conf="2.528703402">London</enamex>, where the extraordinary price they yield, being often sold at two shillings and sixpence to four shillings per pound, pay very well for the carriage.</s></p>
<p><s id="s44">They have innumerable marks of antiquity in this county, as well as in that of <enamex  sw="w11365" name="Large admin unit">Westmoreland</enamex>, mentioned before; yet, passing these, I could not but take notice of two or three more modern things, and which relate to our own nation.</s> <s id="s45">Such as,</s></p>
<p><s id="s46">1.</s> <s id="s47">That of <enamex sw="w11537" long="-2.6562" lat="54.653" type="manual update" gazref="Norgate_ID_NY57762885" name="Hart Horn Tree" conf="99992">Hart Horn Tree</enamex>, where they showed us the head of a stag nailed up against a tree, or rather showed us the tree where they said it was nailed up, in memory of a famous chase of a stag by one single dog.</s> <s id="s48">It seems the dog chased a stag from this place,( <enamex sw="w11788" long="-2.687445" lat="54.652038" type="manual update" gazref="Norgate_ID_NY57350029" name="Whinfell Park" conf="99992">Whinfield Park</enamex>) as far as the Red Kirk in <enamex  sw="w11830" name="Large admin unit">Scotland</enamex>, which they say is sixty miles at least, and back again to the same place, where being both spent, and at the last gasp, the stag strained all its force remaining to leap <enamex  sw="w12010" name="Too ambigious to allocate">the park</enamex> pales, did it, and died on the inside; the hound, attempting to leap after him, had not strength to go over, but fell back, and died on the outside just opposite; after which the heads of both were nailed up upon the tree.</s></p>
<p><s id="s49">2.</s> <s id="s50">Another thing they told us was in the same park, viz.</s> <s id="s51">three oak trees which were called the Three Brether, the least of which was thirteen yards about; but they owned there was but one of them left, and only the stump of that; so we did not think it worth going to see, because it would no more confirm the wonder, than the people's affirming it by tradition only.</s> <s id="s52">The tree or stump left, is called the Three Brether Tree, that is to say, one of the three brothers, or brethren.</s></p>
<p><s id="s53">3.</s> <s id="s54">West of this <enamex sw="w12740" long="-2.6562" lat="54.653" type="manual update" gazref="Norgate_ID_NY57762885" name="Hart Horn Tree" conf="99992">Hart Horn Tree</enamex>, and upon the old Roman way, is the famous column, called the <enamex sw="w12817" long="-2.705382389506818" lat="54.65842288150599" type="fac" gazref="unlock:11117430" name="Countess' Pillar" conf="2.124875964">Countess Pillar</enamex>, the best and most beautiful piece of its kind in <enamex  sw="w12883" name="Large admin unit">Britain</enamex>.</s> <s id="s55">It is a fine column of free-stone, finely wrought, enchased, and in some places painted.</s> <s id="s56">There is an obelisk on the top, several coats of arms, and other ornaments in proper places all over it, with dials also on every side.</s></p>
<p><s id="s57">[ The] Countess of <enamex sw="w13135" long="-4.910528877092794" lat="51.67408287824648" type="ppl" gazref="unlock:10999" name="Pembroke" conf="1.069958081">Pembroke</enamex> had a noble and great estate in this country, and a great many fine old seats or palaces, all which she repaired and beautified, and dwelt sometimes at one, and sometimes at another, for the benefits of her tenants, and of the poor, who she always made desirous of her presence, being bettered constantly by her bounty, and her noble house-keeping.</s> <s id="s58">But those estates are all since that time gone into other families.</s></p>
<p><s id="s59">4.</s> <s id="s60">At <enamex sw="w13567" long="-2.749628438755928" lat="54.66475192978902" type="ppl" gazref="unlock:11038" name="Penrith" conf="2.508392786">Penrith</enamex> also we saw several remarkable things, viz.</s> <s id="s61">( 1.) Two remarkable pillars fourteen or fifteen foot asunder, and twelve foot high the lowest of them, though they seem equal.</s> <s id="s62">The people told us, they were the monument of Sir Owen Caesar.</s> <s id="s63">This Sir Owen, they tell us, was a champion of mighty strength, and of gigantic stature, and so he was, to be sure, if, as they say, he was as tall as one of the columns, and could touch both pillars with his hand at the same time.</s> <s id="s64">They relate nothing but good of him, and that he exerted his mighty strength to kill robbers, such as infested the borders much in those days, others related wild boars; but the former is most probable.</s> <s id="s65">( 2.) On the north side of the vestry of this church is erected in the wall an ancient square stone, with a memorial, intimating, that in the year 1598 there was a dreadful plague in those parts, in which there died:</s></p>
<p>	 <s id="s66">Persons In <enamex sw="w14474" long="-2.74151656837981" lat="54.32658914641318" type="ppl" gazref="unlock:10749" name="Kendal" conf="2.893960985">Kendal</enamex>, 2500 In <enamex sw="w14492" long="-2.749628438755928" lat="54.66475192978902" type="ppl" gazref="unlock:11038" name="Penrith" conf="2.508392786">Penrith</enamex>, 2266 In <enamex sw="w14511" long="-77.48496627807617" lat="37.56164932250977" type="ppla" gazref="unlock:14131293" name="Richmond" conf="1.950918934">Richmond</enamex>, 2200 In <enamex sw="w14531" long="-2.923743724822998" lat="54.89435005187988" type="ppla" gazref="unlock:14127466" name="Carlisle" conf="3.245085297">Carlisle</enamex>, 1196 8162</s>	</p>
<p><s id="s67">But though I am backward to dip into antiquity, yet no English man, that has any honour for the glorious memory of the greatest and truest hero of all our kings of the English or Saxon race, can go to <enamex sw="w14756" long="-2.923743724822998" lat="54.89435005187988" type="ppla" gazref="unlock:14127466" name="Carlisle" conf="3.245085297">Carlisle</enamex>, and not step aside to see the monument of King Edward I at <enamex sw="w14825" long="-3.052526199324935" lat="54.92333858543775" type="ppl" gazref="unlock:35985" name="Burgh By Sands" conf="2.469483401">Burgh</enamex> upon the Sands, a little way out of the city <enamex sw="w14876" long="-2.923743724822998" lat="54.89435005187988" type="ppla" gazref="unlock:14127466" name="Carlisle" conf="3.245085297">Carlisle</enamex>, where that victorious prince died.</s></p>
<p><s id="s68">Near this town, and as the inhabitants affirm, just on the spot where the king's tent stood in which he expired, for he died in the camp, is erected a pillar of stone near thirty foot high, besides the foundation.</s> <s id="s69">This monument was erected by a private gentleman, for the eternal memory of a prince, who when he lived, was the darling of the world, both for virtue and true fame.</s></p>
<p><s id="s70">But I return to <enamex sw="w15317" long="-2.923743724822998" lat="54.89435005187988" type="ppla" gazref="unlock:14127466" name="Carlisle" conf="3.245085297">Carlisle</enamex>: the city is strong, but small, the buildings old, but the streets fair; the great church is a venerable old pile, it seems to have been built at twice, or, as it were, rebuilt, the upper part being much more modern than the lower.</s> <s id="s71">King Henry Viii fortified this city against the Scots, and built an additional castle to it on the east side; there is indeed another castle on the west, part of the town rounds the sea, as the wall rounds the whole, is very firm and strong.</s> <s id="s72">But <enamex sw="w15805" long="-2.923743724822998" lat="54.89435005187988" type="ppla" gazref="unlock:14127466" name="Carlisle" conf="3.245085297">Carlisle</enamex> is strong by situation, being almost surrounded with rivers.</s></p>
<p><s id="s73">Here is a bridge over the Eden, which soon lets you into <enamex  sw="w15932" name="Large admin unit">Scotland</enamex>; for the limits are not above eight miles off, or there - about.</s> <s id="s74">The south part of <enamex  sw="w16023" name="Large admin unit">Scotland</enamex> on this side, coming at least fifty miles farther into <enamex  sw="w16087" name="Large admin unit">England</enamex>, than at <enamex sw="w16104" long="-2.007969620450661" lat="55.76586565400478" type="ppl" gazref="unlock:11076157" name="Berwick-upon-Tweed" conf="1.221377447">Berwick</enamex>.</s> <s id="s75">There is not a great deal of trade here either by sea or land, it being a mere frontier.</s> <s id="s76">On the other side the Eden we saw the Picts Wall, of which I have spoken already, and some remains of it are to be seen farther west.</s> <s id="s77">But being now at the utmost extent of <enamex  sw="w16374" name="Large admin unit">England</enamex> on this side, I conclude also my letter, and am,</s></p>
<p><s id="s78">Sir,&amp; c.</s></p>
</text>
</document>