<?xml version="1.0" encoding="UTF-8"?><document>

<text id="1884_d"><p><s id="s1">The Climbs Of The English Lake District In Two Parts.</s> <s id="s2">Part I.</s>
</p>
<p><s id="s3">Someone has said of <enamex  sw="w95" name="Large admin unit">England</enamex> that it is a reproduction in miniature of the scenery of the Continent.</s> <s id="s4">It were difficult to justify the likeness instance for instance, but certain resemblances are obvious; and if the Dart be the English <enamex sw="w309" long="-2.53574021458689" lat="51.62279125546864" type="water" gazref="unlock:8790269" name="Oldbury Naite Rhine" conf="1.014876493">Rhine</enamex>, the <enamex sw="w320" long="-1.205766104487569" lat="50.59527646306218" type="ppl" gazref="unlock:10373" name="Ventnor" conf="1.141463417">Ventnor</enamex> Under Cliff the English <enamex sw="w352" long="-55.55299949645996" lat="-30.89467716217041" type="ppla" gazref="unlock:14131672" name="Rivera" conf="1.362088175">Rivera</enamex>, and so on, then with much more truth may the mountains of <enamex  sw="w418" name="Large admin unit">Cumberland</enamex> and <enamex  sw="w433" name="Large admin unit">Westmoreland</enamex> be said to stand for the Alps.</s> <s id="s5">And the climber who cannot reach the great European playground may well be content to practise upon the <enamex  sw="w581" name="Large admin unit">Cumberland</enamex> peaks, which by-and-by, he will come to respect and love-- to respect for the difficult crag-work they offer, and to love for their beauty and grandeur; their gladdening views of dale, and lake, and tarn; their keen and healthful winds, like those Charles Lamb encountered atop of <enamex sw="w874" long="-3.123888158550623" lat="54.65526311800171" type="rgn" gazref="unlock:11284755" name="Skiddaw Forest" conf="2.4">Skiddaw</enamex>; their flying mists, and echoing storms.</s> <s id="s6">But he who would win their secrets from the mountains, and be filled with their inspiration, must court the mountain-spirits in their solitudes, and must shun the beaten tracks and" tourist centres."</s> <s id="s7">Round <enamex sw="w1129" long="-2.959272920560253" lat="54.43199742280473" type="ppl" gazref="unlock:11255" name="Ambleside" conf="2.6">Ambleside</enamex> you will indeed find hills and waterfalls, but the waterfalls are decked with greasy sandwich-papers and porter-bottles, and the hills echo the steam-whistles of the <enamex sw="w1305" long="-2.907933804199639" lat="54.37599546506077" type="ppl" gazref="unlock:10204" name="Windermere" conf="2.6">Windermere</enamex> steamers, bringing crowds of thirsty" trippers" from the Staffordshire potteries.</s> <s id="s8">Brass bands play under your hotel windows;" char-a-bancs," waggonettes, and breaks of all colours rattle about with cargoes of tourists who have been" doing" some favourite" round;" tours pester you in the streets; and in the hotel coffee-room you overhear a gentleman ask angrily:" Why do n't they build a' ut on' Elvellyn?</s> <s id="s9">They' <enamex sw="w1728" long="-72.91371340000001" lat="41.6964874" type="other" gazref="unlock:7581859" name="Polkville Ave Brook" conf="0.6279974211">ave</enamex> one on <enamex sw="w1739" long="-4.094838019916267" lat="53.07251618046283" type="mtn" gazref="unlock:14140710" name="Snowdon" conf="0.944604869">Snowdon</enamex>."</s></p>
<p><s id="s10">Of course <enamex sw="w1759" long="-2.959272920560253" lat="54.43199742280473" type="ppl" gazref="unlock:11255" name="Ambleside" conf="2.6">Ambleside</enamex> has associations.</s> <s id="s11">Harriet Martineau and Dr. Arnold, Wordsworth and <enamex  sw="w1836" name="Not a placename">Hartley</enamex> <enamex  sw="w1844" name="Not a placename">Coleridge</enamex> are great names.</s> <s id="s12">To Day, Mr. W. E. Forster and Mr. Matthew Arnold love and visit it, and <enamex sw="w1943" long="-2.899761097790528" lat="54.33355522071087" type="other" gazref="unlock:11077715" name="Birket Houses" conf="2">Birket</enamex> Foster has made a pretty" bit" of the old mill.</s> <s id="s13">But the village is vulgarised almost beyond hope.</s> <s id="s14">Let the railway be brought there from <enamex sw="w2086" long="-2.907933804199639" lat="54.37599546506077" type="ppl" gazref="unlock:10204" name="Windermere" conf="2.6">Windermere</enamex>, and its ruin will be complete.</s> <s id="s15">Though there is now no Wordsworth to pen noble sonnets of protest against further railway invasions of the district, there is happily an energetic Lake District Defence Association working strenuously to save from the destruction which threatens it the sweetest spot of English ground.</s> <s id="s16">Already it has defeated the <enamex sw="w2443" long="-3.152840038750234" lat="54.52319628836889" type="civil" gazref="unlock:13403088" name="Borrowdale CP" conf="2.4">Borrowdale</enamex> and <enamex sw="w2458" long="-3.429418179792764" lat="54.52620042627977" type="ppl" gazref="unlock:11140131" name="Ennerdale Bridge" conf="2.6">Ennerdale</enamex> schemes, and long may it be successful in keeping the railway promoters at bay! Lovers of mountains will avoid <enamex sw="w2579" long="-2.959272920560253" lat="54.43199742280473" type="ppl" gazref="unlock:11255" name="Ambleside" conf="2.6">Ambleside</enamex>.</s> <s id="s17"><enamex sw="w2590" long="-3.137880601359804" lat="54.60120234465001" type="ppl" gazref="unlock:11185565" name="Keswick" conf="2.6">Keswick</enamex> is better as a mountaineering centre; for <enamex sw="w2640" long="-3.123888158550623" lat="54.65526311800171" type="rgn" gazref="unlock:11284755" name="Skiddaw Forest" conf="2.4">Skiddaw</enamex> and <enamex sw="w2652" long="-3.0502" lat="54.6415" type="manual update" gazref="unlock:4563283" name="Saddleback" conf="99992">Blencathara</enamex>, the minor heights round <enamex sw="w2689" long="-3.1588" lat="54.6018" type="other" gazref="unlock:5828527" name="Derwentwater Hotel" conf="2">Derwentwater</enamex>, and the beautiful range stretching from <enamex sw="w2743" long="-3.245948594257651" lat="54.59114975169993" type="mtn" gazref="unlock:11161475" name="Grisedale Pike" conf="2.4">Grisedale Pike</enamex> to <enamex sw="w2761" long="-3.276333517146064" lat="54.57285600539003" type="mtn" gazref="unlock:11158168" name="Grasmoor" conf="2.4">Grasmoor</enamex> are all within easy reach.</s> <s id="s18">The farther you get from the stale air of towns the better.</s> <s id="s19">Grange and <enamex sw="w2868" long="-3.147292526146154" lat="54.52265318387634" type="ppl" gazref="unlock:31924" name="Rosthwaite" conf="2.6">Rosthwaite</enamex>, those beautiful <enamex sw="w2896" long="-3.152840038750234" lat="54.52319628836889" type="civil" gazref="unlock:13403088" name="Borrowdale CP" conf="2.4">Borrowdale</enamex> hamlets, are tempting resting-places; but he who goes to <enamex  sw="w2964" name="Large admin unit">Cumberland</enamex> to walk and climb will not be satisfied till he finds himself face to face with the highest peaks at Wastdale Head.</s></p>
<p><s id="s20">Wastdale Head-- or, more properly, Wastdale, for that part of the valley below the lake is <enamex sw="w3183" long="-3.30309871456707" lat="54.46591970977439" type="water" gazref="unlock:8789979" name="Nether Beck" conf="2.4">Nether</enamex> Wastdale-- is the finest mountain-valley in <enamex  sw="w3235" name="Large admin unit">England</enamex>.</s> <s id="s21">Round its head are symmetrically groups the highest English mountains-- <enamex sw="w3317" long="-3.21333" lat="54.45583" type="manual update" gazref="ZZSH00026" name="Scafell" conf="99992">Scafell Pikes</enamex>, and its companion, <enamex sw="w3351" long="-3.211005455493718" lat="54.4566756701955" type="mtn" gazref="unlock:11278548" name="Scafell Pike" conf="2.4">Scafell</enamex>, <enamex sw="w3360" long="-3.195844359582791" lat="54.46581531356443" type="mtn" gazref="unlock:11158711" name="Great End" conf="2.4">Great End</enamex>, and <enamex sw="w3375" long="-3.211801960536564" lat="54.48363366656892" type="mtn" gazref="unlock:11158752" name="Great Gable" conf="2.4">Great Gable</enamex>.</s> <s id="s22">The lower heights of the <enamex sw="w3413" long="-3.245241306110807" lat="54.45619118854639" type="water" gazref="unlock:8788497" name="Lingmell Gill" conf="2.4">Lingmell</enamex>, <enamex sw="w3423" long="-3.242940504129747" lat="54.49230616075579" type="other" gazref="unlock:11187918" name="Kirkfell Crags" conf="2">Kirkfell</enamex>, and <enamex sw="w3437" long="-3.272975138161649" lat="54.46502747709917" type="mtn" gazref="unlock:11328681" name="Yewbarrow" conf="2.4">Yewbarrow</enamex> form stately buttresses for the loftier summits beyond.</s> <s id="s23">On all sides the mountains plunge straight down to the valley, and if you row over the glossy surface of <enamex sw="w3608" long="-3.291228857146478" lat="54.43916803016734" type="water" gazref="unlock:8797048" name="Wast Water" conf="2.4">Wast Water</enamex>, close to the <enamex sw="w3633" long="-3.214466500836419" lat="54.57349272667725" type="mtn" gazref="unlock:11256013" name="Rigg Screes" conf="2.4">Screes</enamex>, you can see the steep rocky slope continue straight down into the lake till it is lost in the black water.</s> <s id="s24">Approaching Wastdale Head by the carriage-road from the little coast-towns of <enamex sw="w3826" long="-3.435517761948392" lat="54.37812924547229" type="ppl" gazref="unlock:37121" name="Drigg" conf="2.6">Drigg</enamex> or <enamex sw="w3835" long="-3.47619664609263" lat="54.39749984188049" type="ppl" gazref="unlock:27034" name="Seascale" conf="2.6">Seascale</enamex>, where there are railway-stations, the valley appears a cul-de-sac, and people wonder how they can get away again without retracing their steps.</s> <s id="s25">There are but three exits, and these are mere" fell-tracks:" steep, stony zigzags, swept by mountain-torrents in winter, and in summer forming the most detestable paths.</s> <s id="s26">Seven scattered farms occupy the valley, and its church and schoolhouse are the smallest in <enamex  sw="w4251" name="Large admin unit">England</enamex>.</s> <s id="s27">Wastdale Head has sown its wild oats and become decorous.</s> <s id="s28">But get some old dalesman in a talkative mood, and he will tell you of other times, when old" Will" <enamex sw="w4418" long="-3.708311619636946" lat="50.35923872323487" type="other" gazref="unlock:11256453" name="Ritson" conf="0.4221789421">Ritson</enamex>, sheep-farmer, innkeeper, and wit, was the genius of the place.</s> <s id="s29">What fun went on then under the shadow of <enamex sw="w4531" long="-3.211005455493718" lat="54.4566756701955" type="mtn" gazref="unlock:11278548" name="Scafell Pike" conf="2.4">Scafell</enamex>; what feats of fish-spearing by torchlight; what wild fox-hunts over the fells; what fine wrestling-matches on the green on summer evenings; what card-parties, and dancing, and good-humoured riot! Once someone tied a donkey by its tail to the bell-rope of the little church, and the animal's struggles raised a clangour which brought the parson rushing to the spot.</s> <s id="s30">But times have changed.</s> <s id="s31">The frolic ways have been abandoned, and the dalespeople have settled down with gravity to their two staple industries of sheep-farming and entertaining tourists.</s> <s id="s32">Either at the inn, or at Mrs. Thomas Tyson's famous farmhouse, climbing-men linger through the summer.</s> <s id="s33">Some come in winter, and then the surrounding peaks offer excellent practice for Swiss mountaineering.</s> <s id="s34">They are enthusiastic fellows, these climbers.</s> <s id="s35">They ascend their favourite mountains times after time( one honoured pioneer of lake-climbing has made ninety - nine ascents to the summit of <enamex sw="w5485" long="-3.211801960536564" lat="54.48363366656892" type="mtn" gazref="unlock:11158752" name="Great Gable" conf="2.4">Great Gable</enamex>); they are unwearied in finding new ways up everywhere, and their talk, when they get together, is of nicks and notches, ladders and ledges, gullies, ghylls, and chimneys, and even of cols, arêtes, and couloirs.</s> <s id="s36">All <enamex  sw="w5713" name="Large admin unit">Cumberland</enamex> and Westmoreland is familiar to them; they are at home on the <enamex sw="w5786" long="-3.0502" lat="54.6415" type="manual update" gazref="unlock:4563283" name="Saddleback" conf="99992">Blencathara</enamex> Edges, looking down to the waters of the dark tarn which is said to reflect the stars at noonday, on the precipices of <enamex sw="w5917" long="-3.211005455493718" lat="54.4566756701955" type="mtn" gazref="unlock:11278548" name="Scafell Pike" conf="2.4">Scafell</enamex>, and <enamex sw="w5930" long="-3.012269722421011" lat="54.5304112692593" type="other" gazref="unlock:11294441" name="Striding Edge" conf="2">Striding Edge</enamex> on <enamex sw="w5947" long="-3.043402327204126" lat="54.53913510713601" type="water" gazref="unlock:11169754" name="Helvellyn Gill" conf="2.4">Helvellyn</enamex>.</s> <s id="s37">They have clambered among the waterfalls of Piers Ghyll, climbed the precipice of <enamex sw="w6040" long="-3.103282687656051" lat="54.46669575382811" type="mtn" gazref="unlock:11241265" name="Pavey Ark" conf="2.4">Pavey Ark</enamex> and the crags of <enamex sw="w6067" long="-3.245241306110807" lat="54.45619118854639" type="water" gazref="unlock:8788497" name="Lingmell Gill" conf="2.4">Lingmell</enamex>, crossed the sloping stones wedged in the cavern at <enamex sw="w6128" long="-3.10279939921916" lat="54.4487230319931" type="water" gazref="unlock:11134151" name="Dungeon Ghyll Force" conf="2.4">Dungeon Ghyll</enamex>, scaled the crags of Great Napes on Gable, and the great couloir in the front of <enamex sw="w6223" long="-3.195844359582791" lat="54.46581531356443" type="mtn" gazref="unlock:11158711" name="Great End" conf="2.4">Great End</enamex>; yet ever do they return with greater fondness to the most enticing peak of all-- the redoubtable <enamex sw="w6334" long="-3.2812" lat="54.4975" type="manual_update"  gazref="Norgate_ID_NY17121211" name="The Pillar" conf="99991">Pillar Rock</enamex> of <enamex sw="w6349" long="-3.429418179792764" lat="54.52620042627977" type="ppl" gazref="unlock:11140131" name="Ennerdale Bridge" conf="2.6">Ennerdale</enamex>.</s></p>
<p><s id="s38">The spell which this Rock throws over the minds of those who have once visited it is enthralling.</s> <s id="s39">It is of the nature of a psychological mystery not to be accounted for on ordinary grounds.</s> <s id="s40">It is strange.</s> <s id="s41">The <enamex sw="w6569" long="-3.2812" lat="54.4975" type="manual_update"  gazref="Norgate_ID_NY17121211" name="The Pillar" conf="99991">Pillar Rock</enamex> is merely a mass of crags, with no inherent different from other masses save that it juts up boldly some nine hundred feet from the precipitous breast of the <enamex sw="w6739" long="-3.2812" lat="54.4975" type="manual_update"  gazref="Norgate_ID_NY17121211" name="The Pillar" conf="99991">Pillar Mountain</enamex>.</s> <s id="s42">Yet, once seen, it is as the loadstone to the pieces of iron in the story of the Third Royal Calendar.</s> <s id="s43">Perhaps it is the fact of its unique position, standing alone overhanging the desolate valley of <enamex sw="w6956" long="-3.429418179792764" lat="54.52620042627977" type="ppl" gazref="unlock:11140131" name="Ennerdale Bridge" conf="2.6">Ennerdale</enamex>, its apparent inaccessibility, or the tragic interests which two deaths have given it.</s> <s id="s44">Whatever the secret of its attraction, that attraction is undoubted.</s> <s id="s45">One climber, a senior wrangler and member of the Alpine Club, has scaled the Rock more than forty times, and younger men are at this moment engaged in beating his record.</s> <s id="s46">It has been called, with exquisite inappropriateness, the English <enamex sw="w7359" long="7.729624870708733" lat="45.93817780155658" type="mtn" gazref="unlock:14138040" name="Matterhorn" conf="0.7237045841">Matterhorn</enamex> and the English <enamex sw="w7386" name="Schreckhorn">Schreckhorn</enamex>.</s> <s id="s47">But it has not the terrors implied in the latter name.</s> <s id="s48">It is, in fact, an interesting rock, accessible from several sides, the climbs being easy or difficult, according to the side from which they are made.</s> <s id="s49">Let us enter into details.</s> <s id="s50"><enamex sw="w7633" long="-3.429418179792764" lat="54.52620042627977" type="ppl" gazref="unlock:11140131" name="Ennerdale Bridge" conf="2.6">Ennerdale</enamex> is the longest and most desolate of the mountain valleys which radiate from <enamex sw="w7719" long="-3.211801960536564" lat="54.48363366656892" type="mtn" gazref="unlock:11158752" name="Great Gable" conf="2.4">Great Gable</enamex>, the central knot of the <enamex sw="w7756" long="-3.211005455493718" lat="54.4566756701955" type="mtn" gazref="unlock:11278548" name="Scafell Pike" conf="2.4">Scafell</enamex> system.</s> <s id="s51">Its upper end is closed by the magnificent dome of the Gable itself, and its sides are formed by the precipitous slopes of <enamex sw="w7895" long="-3.242940504129747" lat="54.49230616075579" type="other" gazref="unlock:11187918" name="Kirkfell Crags" conf="2">Kirkfell</enamex>, the <enamex sw="w7909" long="-3.2825" lat="54.49917" type="other" gazref="unlock:4564691" name="Pillar" conf="2">Pillar</enamex> and the <enamex sw="w7924" long="-1.48333" lat="54.31667" type="other" gazref="unlock:4581998" name="Ainderby Steeple" conf="0.7496095047">Steeple</enamex> on the oen side, and <enamex sw="w7953" long="-2.856474599863642" lat="54.26513879014757" type="rgn" gazref="unlock:19637" name="High Crag Wood" conf="2.4">High Crag</enamex>, <enamex sw="w7964" long="-3.290097556376177" lat="54.51877820351508" type="mtn" gazref="unlock:11172424" name="High Stile" conf="2.4">High Stile</enamex>, and <enamex sw="w7980" long="-3.290380887698875" lat="54.52776385298422" type="mtn" gazref="unlock:11253798" name="Red Pike" conf="2.4">Red Pike</enamex> on the other.</s> <s id="s52">An impetuous stream, the <enamex sw="w8028" long="-3.28485464664999" lat="54.50101809334467" type="water" gazref="unlock:8791321" name="River Liza" conf="2.4">Liza</enamex>, traverses the length of the valley, and flows into <enamex sw="w8085" long="-3.3736" lat="54.519" type="manual update" gazref="Geoname_ID_2649985" name="Ennderdale" conf="99992">Ennerdale Lake</enamex>.</s> <s id="s53">No habitation, no sign of human life breaks the solitude of the place.</s> <s id="s54">The murmuring of the stream, the cry of the raven of the hawk, are the only sounds.</s> <s id="s55">Upper <enamex sw="w8262" long="-3.429418179792764" lat="54.52620042627977" type="ppl" gazref="unlock:11140131" name="Ennerdale Bridge" conf="2.6">Ennerdale</enamex> is not, however, unfamiliar to the tourist; for the fell-track from Wastdale to <enamex sw="w8352" long="-3.27658381338002" lat="54.54100201454608" type="ppl" gazref="unlock:33661" name="Buttermere" conf="2.6">Buttermere</enamex>, after ascending by <enamex sw="w8383" long="-3.258376654691391" lat="54.49214646710725" type="other" gazref="unlock:11079003" name="Black Sail Pass" conf="2">Black Sail Pass</enamex>, descends into <enamex sw="w8414" long="-3.429418179792764" lat="54.52620042627977" type="ppl" gazref="unlock:11140131" name="Ennerdale Bridge" conf="2.6">Ennerdale</enamex>, and mounts on the other side to <enamex sw="w8457" long="-3.038911920944466" lat="55.57275312213699" type="mtn" gazref="unlock:11278826" name="Scarf Rig" conf="1.056505785">Scarf</enamex> <enamex  sw="w8463" name="Too ambigious to allocate">Gap</enamex>, and so down to <enamex sw="w8483" long="-3.27658381338002" lat="54.54100201454608" type="ppl" gazref="unlock:33661" name="Buttermere" conf="2.6">Buttermere</enamex>.</s> <s id="s56">Those following this track may see the top of the famous <enamex sw="w8552" long="-3.2812" lat="54.4975" type="manual_update"  gazref="Norgate_ID_NY17121211" name="The Pillar" conf="99991">Pillar Rock</enamex> peering over a projecting ridge of the <enamex sw="w8603" long="-3.2812" lat="54.4975" type="manual_update"  gazref="Norgate_ID_NY17121211" name="The Pillar" conf="99991">Pillar Mountain</enamex>, and the most imposing view of the rock is to be gained by proceeding along the valley till opposite to it, and then climbing up to its base.</s> <s id="s57">It is a fatiguing scramble, and it has been said that the cragsman taking this route, will find the way strewn with the graves of those who have preceded him.</s> <s id="s58">If there is exaggeration, there is also truth in the saying.</s> <s id="s59">Near the foot of the <enamex sw="w9002" long="-3.258376654691391" lat="54.49214646710725" type="other" gazref="unlock:11079003" name="Black Sail Pass" conf="2">Black Sail Pass</enamex> is a large cairn erected the memory of Mr. Edward Barnard, a <enamex sw="w9079" long="-0.1193526387214661" lat="51.47267150878906" type="ppla" gazref="unlock:14132302" name="London" conf="2.512433993">London</enamex> goldsmith, who, overcome by the fatigue and heat( it was August, 1876), there lay down and died.</s> <s id="s60">Not much farther, but high up on the mountain side, is an iron cross marking the spot where was found the body of the Rev. James Jackson, who, on May 1st, 1878, fell from the precipice of the <enamex sw="w9375" long="-3.2812" lat="54.4975" type="manual_update"  gazref="Norgate_ID_NY17121211" name="The Pillar" conf="99991">Pillar Mountain</enamex>.</s> <s id="s61">Just to the left of the Rock is the gully where the youth Walker slipped over the ice and snow, and was dashed to pieces, on Good Friday, 1883, and at any point of the walk a turn of the head will reveal the horrid gully in the precipice of <enamex sw="w9633" long="-3.211801960536564" lat="54.48363366656892" type="mtn" gazref="unlock:11158752" name="Great Gable" conf="2.4">Great Gable</enamex> where the Rev. J. Pope was killed a year or two ago.</s></p>
<p><s id="s62">You see yon precipice; it wears the shape Of a vast building made of many crags; And in the midst is one of particular rock That rises like a column from the vale, Whence by our shepherds it is called the <enamex sw="w9903" long="-3.2825" lat="54.49917" type="other" gazref="unlock:4564691" name="Pillar" conf="2">Pillar</enamex>.</s> </p>
<p><s id="s63">Thus did" the homely priest of <enamex sw="w9943" long="-3.429418179792764" lat="54.52620042627977" type="ppl" gazref="unlock:11140131" name="Ennerdale Bridge" conf="2.6">Ennerdale</enamex>" describe the <enamex sw="w9967" long="-3.2812" lat="54.4975" type="manual_update"  gazref="Norgate_ID_NY17121211" name="The Pillar" conf="99991">Pillar Rock</enamex> to Leonard in Wordsworth's poem, The Brothers, and the description is accurate.</s> <s id="s64">The whole <enamex sw="w10069" long="-3.429418179792764" lat="54.52620042627977" type="ppl" gazref="unlock:11140131" name="Ennerdale Bridge" conf="2.6">Ennerdale</enamex> front of the <enamex sw="w10092" long="-3.2825" lat="54.49917" type="other" gazref="unlock:4564691" name="Pillar" conf="2">Pillar</enamex> is broken up by projecting ridges which form a series of recesses or coves.</s> <s id="s65">In one of the largest of these coves stands the <enamex sw="w10223" long="-3.2812" lat="54.4975" type="manual_update"  gazref="Norgate_ID_NY17121211" name="The Pillar" conf="99991">Pillar Rock</enamex>, springing upward almost perpendicularly on the <enamex sw="w10283" long="-3.3797" lat="54.5251" type="manual update" gazref="Norgate_ID_NY108153" name="Vale of Ennerdale" conf="99992">Ennerdale side</enamex> to the height of eight hundred and seventy - five feet, but united on its other side to the <enamex sw="w10388" long="-3.2812" lat="54.4975" type="manual_update"  gazref="Norgate_ID_NY17121211" name="The Pillar" conf="99991">Pillar Mountain</enamex> by a neck, about one hundred feet below the summit of the rock.</s> <s id="s66">All climbs are best begun from this neck, and to reach it from Wastdale is best to ascend the <enamex sw="w10562" long="-3.2812" lat="54.4975" type="manual_update"  gazref="Norgate_ID_NY17121211" name="The Pillar" conf="99991">Pillar Mountain</enamex> from the <enamex sw="w10587" long="-3.258376654691391" lat="54.49214646710725" type="other" gazref="unlock:11079003" name="Black Sail Pass" conf="2">Black Sail Pass</enamex>, and walk on the level grassy summit till the small heath-covered top of the Rock is seen in air on the right-hand side, many feet below.</s> <s id="s67">An easy though steep scramble down the mountain-side then lands you on the neck.</s> <s id="s68">This route saves the long climb up to the base of the Rock from <enamex sw="w10886" long="-3.429418179792764" lat="54.52620042627977" type="ppl" gazref="unlock:11140131" name="Ennerdale Bridge" conf="2.6">Ennerdale</enamex>.</s> <s id="s69">Heated pedestrians approaching the <enamex sw="w10932" long="-3.2825" lat="54.49917" type="other" gazref="unlock:4564691" name="Pillar" conf="2">Pillar</enamex> from the valley have even been known to get bewildered by the many crags, to dispute among themselves as to which was the <enamex sw="w11061" long="-3.2812" lat="54.4975" type="manual_update"  gazref="Norgate_ID_NY17121211" name="The Pillar" conf="99991">Pillar Rock</enamex>, and to fall out by the way.</s></p>
<p><s id="s70">Standing on the narrow neck the Rock is immediately in front, and steep gullies sweep down to right and left.</s> <s id="s71">The left or western gully can be descended, and from a point about half - way down the" west climb" is commenced.</s> <s id="s72">The right or eastern gully, after descending steeply for several yards ends in a sudden pitch.</s> <s id="s73">Viewed from the neck the Rock does not justify its name.</s> <s id="s74">A scramble round its base will reveal it to be a cumbrous mass of crags, its greatest length extending north and south up the mountain-side.</s> <s id="s75">In three places it is cleft perpendicularly by deep gullies or chimneys, whose lines of clearage are parallel to <enamex sw="w11730" long="-3.429418179792764" lat="54.52620042627977" type="ppl" gazref="unlock:11140131" name="Ennerdale Bridge" conf="2.6">Ennerdale</enamex>, and therefore at right angles to the greatest length of the Rock.</s> <s id="s76">These gullies split the Rock into four separate summits; the highest called the" <enamex sw="w11888" long="-0.7394925437662905" lat="51.6365290938372" type="ppl" gazref="unlock:11293" name="High Wycombe" conf="1.321211925">High</enamex> Man," and the others" Low Men."</s> <s id="s77">( In the Lake District all lower summits are called" Low Men.") From the neck an easy way to the highest summit seems to present itself directly in front.</s> <s id="s78">The climber mountains gaily and with confidence, only to find himself cut off from <enamex sw="w12162" long="-2.666171081654954" lat="54.1553000902412" type="fac" gazref="unlock:11171690" name="High Fm, The" conf="2.089852647">the High</enamex> Man by an impassable cleft, forty feet long on the level part at the bottom, thirteen feet wide at the bottom, and broadening towards the top.</s> <s id="s79">Opposite rises the main rock in a fine wall sixty feet high.</s> <s id="s80">This is the most southerly of the three gullies mentioned above.</s> <s id="s81">By an authority on the <enamex sw="w12463" long="-3.2825" lat="54.49917" type="other" gazref="unlock:4564691" name="Pillar" conf="2">Pillar</enamex> this false rock has been christened <enamex sw="w12506" long="-82.33261539999999" lat="35.5003963" type="other" gazref="unlock:7226069" name="Little Pisgah Mountain" conf="0.6940106339">Pisgah</enamex>, and the gap, <enamex  sw="w12527" name="Large admin unit">Jordan</enamex>.</s></p>
<p><s id="s82">Descending then from <enamex sw="w12556" long="-82.33261539999999" lat="35.5003963" type="other" gazref="unlock:7226069" name="Little Pisgah Mountain" conf="0.6940106339">Pisgah</enamex> to the neck, the attack must now be made from the right-hand or east side.</s> <s id="s83">Looking across to the Rock, a smooth sloping slab is conspicuous on its side.</s> <s id="s84">Make for this by scrambling a few yards down the east gully, and then ascending two natural steps( known as" the first ladder") about six feet high, which conduct to the upper edge of the" Broad Slab."</s> <s id="s85">The slab is covered with grass on its upper part; the lower part is smooth, and ends abruptly over the east gully.</s> <s id="s86">It is forty feet in length, twenty nine in width, and slopes at an angle of thirty - seven degrees.</s> <s id="s87">A crack about two inches wide runs horizontally across the slab, and without this aid crossing it would be a matter of some little difficulty, for there is a considerable drop on to the rough rocks of the east gully from the lower edge, and a slip here is not to be recommended.</s> <s id="s88">The crack affords good foot-hold, and a few steps carry you across the Broad Slab.</s> <s id="s89">A few yards of uneven but safe walking conduct to a sort of corner, where the climber is confronted by a projecting curtain, with a deep notch between it and the main mass.</s> <s id="s90">To the left rises the erect wall of the <enamex sw="w13706" long="-3.2825" lat="54.49917" type="other" gazref="unlock:4564691" name="Pillar" conf="2">Pillar</enamex>; on the right is a precipice of about sixty feet.</s> <s id="s91">From this grassy corner there is a perplexing choice of inviting( or uninviting) routes, and strangers have been known to bother about for half an hour or more and then sometimes give up the ascent, unable to find a way.</s> <s id="s92">From the corner there are, however, at least three ways of ascent, known respectively as the routes by" the notch,"" the ledge," and the" arête."</s> <s id="s93">The notch way is far the easiest.</s> <s id="s94">Scramble up to the left-hand, aiming for the floor of the notch, between the curtain and the main mass.</s> <s id="s95">A moderate climb of twenty - four feet lands you on the floor of the notch, here twenty - one feet thick, and you find yourself on the south wall of the" Great Chimney," which is the name given to the middle one of the three gullies which have been mentioned as dividing the main mass of the <enamex sw="w14556" long="-3.2812" lat="54.4975" type="manual_update"  gazref="Norgate_ID_NY17121211" name="The Pillar" conf="99991">Pillar Rock</enamex>.</s> <s id="s96">The Great Chimney begins just at the top of the steep pitch in the east gully, and cleaves the rock almost to its highest summit.</s> <s id="s97">Seventy feet from its base, the chimney contains a sloping shelf, covered with rough grass.</s> <s id="s98">This shelf is sixty feet in length, slopes at an angle of forty - five degrees, and is known to the esoteric circle of" Pillarites" as the" Steep Grass."</s> <s id="s99">At the top of the Steep Grass the Great Chimeny suddenly narrows and dwindles to a small perpendicular chimney twenty - three feet high, about the width of an ordinary human body, and containing a large stone jammed half - way up.</s> <s id="s100">When on the floor of the notch the Steep Grass can be reached by a drop of eight feet.</s> <s id="s101">The easiest way, however, is to continue the ascent over comparatively easy rocks, keeping the Great Chimney on the right till you emerge on the grass at the top of the small chimney, whence a run carries you to the highest summit.</s> <s id="s102">Here you may add your visiting-card to the others in the tin-box hidden in the cairn, or you may sign your name in the visitors' - book obligingly left for this purpose by two <enamex sw="w15663" long="-0.1193526387214661" lat="51.47267150878906" type="ppla" gazref="unlock:14132302" name="London" conf="2.512433993">London</enamex> climbers in 1882.</s></p>
<p><s id="s103">This is probably the easiest way of ascending the Rock, though it is almost unknown.</s> <s id="s104">The only way which seems known to the local guides is that by the ledge.</s> <s id="s105">To ascend by way of the ledge from the corner below the notch, the climber must first get up the cleft or natural ladder in the curtain, which is directly in front after coming over the broad slab.</s> <s id="s106">The cleft-- the" second ladder"-- runs up the face of the curtain for ten feet, then broadens out into a scoop and ends but from the scoop a ledge is to be seen running to the right and winding round the curtain.</s> <s id="s107">The second ladder presents no difficulty to a moderate climber, as the hand-holds and foot-holds are plentiful.</s> <s id="s108">It is not, however, a place to run up, as the face of the curtain here turns outwards towards the precipice in an unpleasing manner, and a slip would precipitate the climber on to the rocks of the east gulley, some sixty feet below.</s> <s id="s109">Once up the ladder, the scoop offers a safe refuge, and the right foot must be placed on the ledge, which is here only about eighteen inches wide.</s> <s id="s110">There is, however, excellent hand-hold and foot-hold, and though there is a deep fall immediately behind, none but those with very unsteady heads need be afraid to trust themselves on the ledge.</s> <s id="s111">Almost immediately, it curves round the curtain, broadens out to ten or fifteen feet, and inclines downwards, when you step from it on to another corner of grassy ground.</s> <s id="s112">A swing round a little jutting rock with a seventy - foot drop just behind lands you on the lower edge of the Steep Grass.</s> <s id="s113">Scrambling up to the top, the small chimney is attacked by insinuating the body, and working upwards till just under the jammed stone.</s> <s id="s114">Throwing the arms round this, the climber gets his breast upon it, and then a brief struggle, while the feet are unoccupied in mid-air, enables him first to kneel and then to stand upon the stone.</s> <s id="s115">The upper part of the chimney is then attacked with ease, and the climber emerges at the point reached by the climb from the notch already described.</s> <s id="s116">This route by the ladder, ledge, and chimney was, it is said, first discovered by Mr. Leslie Stephen and a party of University men, about the year 1854.</s> <s id="s117">It is a pleasant and varied climb which does not overtax the powers of a moderate cragsman.</s> <s id="s118">Mr. H. I. Jenkinson, indeed, in his excellent Guide to the English Lakes( 6th edition, 1879), says," The rock has been scaled by very few, and it is exceedingly hazardous and foolhardy to attempt it;" but it must be presumed that this very exaggerated warning is intended for the waggonette-tourist, and not for the cragsman.</s> <s id="s119">The ascent from the notch by the" arête"( or south wall of the Great Chimney) is a much harder climb than either of these already described.</s> <s id="s120">It has been accomplished by only four or five men, and at one point near the top, where both hands have to be clasped round a pinnacle of rock while the weight is partly sustained by the knees, it verges on the dangerous.</s></p>
<p><s id="s121">The three climbs already described are all on the east side of the rock, and they lead direct to <enamex sw="w18755" long="-2.666171081654954" lat="54.1553000902412" type="fac" gazref="unlock:11171690" name="High Fm, The" conf="2.089852647">the High</enamex> Man, the total height ascended being about one hundred feed.</s> <s id="s122">But there are other and longer climbs both on the east and west side of the rock which conduct to the summit of <enamex sw="w18937" long="-3.222948263035822" lat="54.3397013177194" type="other" gazref="unlock:11207601" name="Low, The" conf="2">the Low</enamex> Man, whence there is some good climbing to reach the highest point.</s> <s id="s123">Those climbs are very little known, and any detailed description of them is impossible, as they may be varied in several ways.</s> <s id="s124">As far as the summit of <enamex sw="w19164" long="-3.222948263035822" lat="54.3397013177194" type="other" gazref="unlock:11207601" name="Low, The" conf="2">the Low</enamex> Man, where the east and west routes unite, they are scrambles rather than climbs; but during the whole ascent great care is necessary, for on slipping on these sides of the rock the cragsman would bound from on rocky ledge to another, and finally pitch to the very base of the rock, if not beyond-- a matter of some five hundred feet.</s> <s id="s125">More than one way may be taken from <enamex sw="w19546" long="-3.222948263035822" lat="54.3397013177194" type="other" gazref="unlock:11207601" name="Low, The" conf="2">the Low</enamex> Man to <enamex sw="w19561" long="-2.666171081654954" lat="54.1553000902412" type="fac" gazref="unlock:11171690" name="High Fm, The" conf="2.089852647">the High</enamex> Man, but one is chiefly used.</s> <s id="s126">Care is necessary throughout; and the worst bit is the ascent of a wall of rock close to a poised block which is easily recognisable.</s> <s id="s127">The descent here is especially awkward.</s> <s id="s128">Indeed, in nine cases of ten the descent or rocks is more difficult than the ascent; had we eyes in our heels the difficulties would be equalised.</s> <s id="s129">Two ascents to <enamex sw="w19936" long="-0.7394925437662905" lat="51.6365290938372" type="ppl" gazref="unlock:11293" name="High Wycombe" conf="1.321211925">High</enamex> Man have been made from <enamex  sw="w19965" name="Large admin unit">Jordan</enamex> <enamex  sw="w19972" name="Too ambigious to allocate">Gap</enamex> by Mr. W. P. Haskett Smitt, the first and only cragsman who has accomplished this feat.</s> <s id="s130">Much of our recent knowledge of the <enamex sw="w20100" long="-3.2825" lat="54.49917" type="other" gazref="unlock:4564691" name="Pillar" conf="2">Pillar</enamex> is due to Mr. Haskett Smith, a most skilful and daring climber.</s> <s id="s131">This gentleman has ascended the rock by more than twelve distinct routes, and to his courtesy we are indebted for several of the measurements of parts of the Rock which are here made public for the first time.</s></p>
<p><s id="s132">Of early ascents of the <enamex sw="w20405" long="-3.2812" lat="54.4975" type="manual_update"  gazref="Norgate_ID_NY17121211" name="The Pillar" conf="99991">Pillar Rock</enamex> little is known.</s> <s id="s133">By the dalespeople it was long considered inaccessible, and Mr. G. Seatree, in his little pamphlet on the Lake District, says that it was first scaled by" a hardy young shepherd, named Atchinson," in the year 1826.</s> <s id="s134">Speaking of this, or some other early ascent, to a member of the Alpine Club, an old dalesman said, in that <enamex  sw="w20757" name="Large admin unit">Cumberland</enamex> dialect which is now becoming so rare:" Fwoks deah sai theer waz a chap at yance gat tul t' toop efter a fox, bit t' crahg waz seah brant an' slape in yah pleace at theer waz neah hod for owdther hand near feùt, an' he hed to ram his jackalegs inta a lahl crack to sarra for a step up."</s> <s id="s135">It may be noted that the shepherd James, in Wordsworth's poem The Brothers, is described as being killed through falling from the summit of the <enamex sw="w21199" long="-3.2812" lat="54.4975" type="manual_update"  gazref="Norgate_ID_NY17121211" name="The Pillar" conf="99991">Pillar Rock</enamex>, and the supposition that the poet was here confounding the top of the Rock ith the top of the mountain, is precluded by the accurate description he gives of the place in an earlier passage.</s> <s id="s136">The writer of <enamex  sw="w21416" name="Not a placename">Murray</enamex>'s Handbook to the Lakes was not, however, so well informed; for he makes the astounding assertion that the <enamex sw="w21530" long="-3.2812" lat="54.4975" type="manual_update"  gazref="Norgate_ID_NY17121211" name="The Pillar" conf="99991">Pillar Rock</enamex> is the top of the <enamex sw="w21560" long="-3.2812" lat="54.4975" type="manual_update"  gazref="Norgate_ID_NY17121211" name="The Pillar" conf="99991">Pillar Mountain</enamex>.</s> <s id="s137">Of ascents between that of the shepherd in 1826, and that of Mr. Leslie Stephen, about 1854, little or nothing can be discovered, though the name of Mr. Baumgraten is mentioned as among the first.</s> <s id="s138">It was not till 1874 that the Rock became known.</s> <s id="s139">About that time a bottle was deposited on the top, and visitors left their cards; but, on June 29th, 1876, two navvies who reached the top, carried away the bottle, cards, handkerchiefs, and other mementoes of the early climbers.</s> <s id="s140">As far as can be ascertained, a Miss A. Barker, who ascended July 9, 1870, was the first lady to reach the top; Miss Mary Westmoreland, of <enamex sw="w22192" long="-2.749628438755928" lat="54.66475192978902" type="ppl" gazref="unlock:11038" name="Penrith" conf="2.486244318">Penrith</enamex>, was the second( 1874); Mrs. Ann Crears( June, 1875) being the third; and Miss Edith Maitland and Miss Butler( August, 1875) the fourth and fifth.</s> <s id="s141">But of all the earlier climbers of the <enamex sw="w22386" long="-3.2812" lat="54.4975" type="manual_update"  gazref="Norgate_ID_NY17121211" name="The Pillar" conf="99991">Pillar Rock</enamex>, the Rev. James Jackson, the octogenarian clergyman of <enamex sw="w22453" long="-3.598982383223491" lat="54.51508817313589" type="ppl" gazref="unlock:11277908" name="Sandwith Newtown" conf="2.517656603">Sandwith</enamex>, <enamex sw="w22463" long="-3.5841" lat="54.549" type="manual update" gazref="unlock:4558509" name="Whitehaven" conf="99992">near Whitehaven</enamex>, was the most remarkable.</s> <s id="s142">This enthusiastic old mountaineer was a man of character; energetic, quick-tempered, and eccentric.</s> <s id="s143">He was a bit of a versifier, had travelled on the Continent, and had brought home certain relics from <enamex sw="w22707" long="-77.0505282" lat="38.0762445" type="other" gazref="unlock:7513492" name="Loretto" conf="0.5860285853">Loretto</enamex>, which he deposited on the top of the <enamex sw="w22753" long="-3.2812" lat="54.4975" type="manual_update"  gazref="Norgate_ID_NY17121211" name="The Pillar" conf="99991">Pillar Rock</enamex>, whence they were ruthlessly carried by the vandal navvies in 1876.</s> <s id="s144">He had an ethusiastic love for his native lake mountains," from <enamex sw="w22897" long="-3.328281786124296" lat="54.26667557117908" type="mtn" gazref="unlock:11078408" name="Black Combe" conf="2.4">Black Combe</enamex> to <enamex sw="w22912" long="-3.123888158550623" lat="54.65526311800171" type="rgn" gazref="unlock:11284755" name="Skiddaw Forest" conf="2.4">Skiddaw</enamex>," and in his ramblings on the fells, he had often looked down longingly to the <enamex sw="w22999" long="-3.2812" lat="54.4975" type="manual_update"  gazref="Norgate_ID_NY17121211" name="The Pillar" conf="99991">Pillar Rock</enamex> from the mountain, but deemed it inaccessible.</s> <s id="s145">Having read, however, a rhyming account of their ascent, contributed to a local paper by the Messrs. Thomas and Edward Westmoreland, two noted <enamex sw="w23201" long="-2.749628438755928" lat="54.66475192978902" type="ppl" gazref="unlock:11038" name="Penrith" conf="2.486244318">Penrith</enamex> climbers, the old clergymen resolved to try, and aided by ropes and spiked nails he succeeded in reaching the top on May 31, 1875.</s> <s id="s146">Mr. Jackson was then in his seventy - ninth year, and he was immensely pleased with his achievement.</s> <s id="s147">He dubbed himself" Patriarch of the Pillarites," and at once took the Rock under his especial care.</s> <s id="s148">On May 1st, 1878, this fine old mountaineer, then in his eighty - second year, fell a victim to his passion for climbing.</s> <s id="s149">He started from Wastdale, provided with poles and ropes, intending to ascent the Rock; but as he did not return, search parties were organised, and on the second day his body was found in a large hollow called Great <enamex sw="w23875" long="-2.90291439912595" lat="54.47734710451092" type="other" gazref="unlock:11130989" name="Doup Crag" conf="2">Doup</enamex>, somewhat to the east of the Rock.</s> <s id="s150">The 1st of May had been misty, and it was evident that he had approached too near the edge of the precipice, had lost his balance, and fallen a distance of about three hundred feet.</s> <s id="s151">In a bottle in his pocket, which he had intended to leave on the Rock, were these lines:</s></p>
<p><s id="s152">Two elephantine properties are mine, For I can bend to pick up pin or plack; And when this year the <enamex sw="w24286" long="-3.2812" lat="54.4975" type="manual_update"  gazref="Norgate_ID_NY17121211" name="The Pillar" conf="99991">Pillar Rock</enamex> I climb Fourscore and two's the howdah on my back.</s></p>
<p><s id="s153">Two years later two veteran lovers of the Lake Mountains( Mr. F. H. Bowring and the late Mr. J. Maitland, who had been playfully appointed" presumptive patriarch" by Mr. Jackson) placed a cairn and iron cross on the spot where the old man's body was found.</s></p>
<p><s id="s154">The sad death of the youth Walker, who was killed on Good Friday, 1883, by slipping on the snow and falling over the precipice of the east fully, has also led to the belief that the Rock is more dangerous than it really is.</s> <s id="s155">No accident has yet occurred on the Rock itself, nor need there be any if it be attempted in proper weather by active, steady-headed cragsmen.</s> <s id="s156">Between twenty and thirty persons reach the summit every year, and of these probably three or four are ladies.</s> <s id="s157">Almost all ordinary climbers go by the ladder, ledge, and chimney route, which is, indeed, the only one at all generally known.</s> <s id="s158"><enamex sw="w25212" long="-1.77831968367031" lat="54.08503022708322" type="ppl" gazref="unlock:11189841" name="Ladies Riggs" conf="1.462604264">Ladies</enamex> attempting the ascent will find an Alpine dress a great convenience.</s> <s id="s159">The actual top of the Rock is small, and to look over into <enamex sw="w25347" long="-3.429418179792764" lat="54.52620042627977" type="ppl" gazref="unlock:11140131" name="Ennerdale Bridge" conf="2.6">Ennerdale</enamex> gives something of the impression of being on a mast-head at sea.</s> <s id="s160">A unique ascent was made during the present summer, when a party of seven( including two ladies) climbed the Rock by the little-known east route, starting from the bottom of the Great Chimney, and took a guitar with them to the top.</s> <s id="s161">A pleasant hour of good music followed.</s></p>
<p><s id="s162">In another article we shall give an account of climbs in other parts of the Lake District.</s></p>
<p><s id="s163">The Climbs Of The English Lake District.</s> <s id="s164">In Two Parts.</s> <s id="s165">Part Ii.</s>
</p>
<p><s id="s166">In a previous article we described the climbs of the most interesting English crag-- the <enamex sw="w25944" long="-3.2812" lat="54.4975" type="manual_update"  gazref="Norgate_ID_NY17121211" name="The Pillar" conf="99991">Pillar Rock</enamex> in <enamex sw="w25959" long="-3.429418179792764" lat="54.52620042627977" type="ppl" gazref="unlock:11140131" name="Ennerdale Bridge" conf="2.6">Ennerdale</enamex>.</s> <s id="s167">In the present paper we deal with ascents in other parts of the English Lake District, and among these the precipices and crags of <enamex sw="w26101" long="-3.211005455493718" lat="54.4566756701955" type="mtn" gazref="unlock:11278548" name="Scafell Pike" conf="2.4">Scafell</enamex> are second in interest only to the <enamex sw="w26144" long="-3.2812" lat="54.4975" type="manual_update"  gazref="Norgate_ID_NY17121211" name="The Pillar" conf="99991">Pillar Rock</enamex> itself.</s> <s id="s168">To describe with minuteness the many climbs on <enamex sw="w26211" long="-3.211005455493718" lat="54.4566756701955" type="mtn" gazref="unlock:11278548" name="Scafell Pike" conf="2.4">Scafell</enamex> is impossible in the space at our disposal; the cragsman could well spend a fortnight in clambering about the mountain, and even then its climbs would not be exhausted.</s> <s id="s169">To climbers, <enamex sw="w26401" long="-3.211005455493718" lat="54.4566756701955" type="mtn" gazref="unlock:11278548" name="Scafell Pike" conf="2.4">Scafell</enamex> is a more interesting mountain than its companion, <enamex sw="w26460" long="-3.21333" lat="54.45583" type="manual update" gazref="ZZSH00026" name="Scafell" conf="99992">Scafell Pikes</enamex>.</s> <s id="s170">On the Upper <enamex sw="w26488" long="-3.3244" lat="54.3879" type="manual update" gazref="Geoname_ID_7733089" name="Eskdale" conf="99992">Eskdale side</enamex> the latter has indeed some fine precipices and crags, which are almost wholly unexplored; but nowhere does it offer such interesting ascents as those to be found such interesting ascents as those to be found on <enamex sw="w26712" long="-3.211005455493718" lat="54.4566756701955" type="mtn" gazref="unlock:11278548" name="Scafell Pike" conf="2.4">Scafell</enamex> immediately around <enamex sw="w26739" long="-3.210740245823551" lat="54.44768964284915" type="other" gazref="unlock:11217740" name="Mickledore" conf="2">Mickledore</enamex>.</s> <s id="s171">To be filled with the sense of the grandeur of the <enamex sw="w26802" long="-3.21333" lat="54.45583" type="manual update" gazref="ZZSH00026" name="Scafell" conf="99992">Scafell crags</enamex>, it is best to approach them from below-- that is, from Wastdale.</s> <s id="s172">On rounding the low shoulder of <enamex sw="w26917" long="-3.245241306110807" lat="54.45619118854639" type="water" gazref="unlock:8788497" name="Lingmell Gill" conf="2.4">Lingmell</enamex> above Wastwater, and following the course of the stream on the right hand, the stranger will find himself in a grand mountain cove.</s> <s id="s173">On either hand are <enamex sw="w27077" long="-3.245241306110807" lat="54.45619118854639" type="water" gazref="unlock:8788497" name="Lingmell Gill" conf="2.4">Lingmell</enamex> and the low shoulder of <enamex sw="w27110" long="-3.211005455493718" lat="54.4566756701955" type="mtn" gazref="unlock:11278548" name="Scafell Pike" conf="2.4">Scafell</enamex>, while the rugged cliffs of <enamex sw="w27146" long="-3.211005455493718" lat="54.4566756701955" type="mtn" gazref="unlock:11278548" name="Scafell Pike" conf="2.4">Scafell</enamex> and <enamex sw="w27158" long="-2.872764887218234" lat="55.23254273841246" type="other" gazref="unlock:11245240" name="Pikes, The" conf="0.7684421707">the Pikes</enamex> are in front.</s> <s id="s174">Between the two mountains is the stranger, square, tooth-like gap called <enamex sw="w27255" long="-3.210740245823551" lat="54.44768964284915" type="other" gazref="unlock:11217740" name="Mickledore" conf="2">Mickledore</enamex>, and from it the <enamex sw="w27283" long="-3.211005455493718" lat="54.4566756701955" type="mtn" gazref="unlock:11278548" name="Scafell Pike" conf="2.4">Scafell</enamex> cliffs rise in a grand serrated curve, like the back of scaled monster rearing itself in air.</s> <s id="s175">From below <enamex sw="w27396" long="-3.210740245823551" lat="54.44768964284915" type="other" gazref="unlock:11217740" name="Mickledore" conf="2">Mickledore</enamex> descends for more than half a mile a long, tapering, grassy mound, locally known as Brown <enamex sw="w27497" long="-3.270378827060867" lat="54.32761167547172" type="water" gazref="unlock:8774041" name="Tongue Beck" conf="2.4">Tongue</enamex>.</s> <s id="s176">The resemblance is complete, and the wild mountain cove in which the tongue reposes may well be likened to the cavernous mouth of a giant.</s> <s id="s177">The place is solitary, remote, impressive.</s> <s id="s178">It becomes more imposing the nearer the cliffs are approached, and when close under the" battlemented front of <enamex sw="w27798" long="-3.211005455493718" lat="54.4566756701955" type="mtn" gazref="unlock:11278548" name="Scafell Pike" conf="2.4">Scafell</enamex>," the wildness of the scene fills the mind.</s> <s id="s179">It is wholly grim and stern; no touch of beauty relieves the austerity.</s> <s id="s180">Whether sun-smitten in the summer noon, or enwreathed with flying mists, the cliffs of <enamex sw="w28009" long="-3.211005455493718" lat="54.4566756701955" type="mtn" gazref="unlock:11278548" name="Scafell Pike" conf="2.4">Scafell</enamex> are always grand.</s> <s id="s181">They compose the finest rock scenery in <enamex  sw="w28075" name="Large admin unit">England</enamex>, and there is nothing grander in Scuir Na-Gillian or the Cuchullins.</s></p>
<p><s id="s182"><enamex sw="w28152" long="-3.210740245823551" lat="54.44768964284915" type="other" gazref="unlock:11217740" name="Mickledore" conf="2">Mickledore</enamex> may be reached by scrambling up the steeply sloping" screes" which form its Wastdale slope; but the easier and more romantic approach is by the grassy ledge, which will be seen projecting from the face of the <enamex sw="w28372" long="-3.211005455493718" lat="54.4566756701955" type="mtn" gazref="unlock:11278548" name="Scafell Pike" conf="2.4">Scafell</enamex> precipice.</s> <s id="s183">This ledge, or shelf, is in but few places less than four feet wide.</s> <s id="s184">In places it is composed of shattered heaps of rock, which seem barely to keep their equilibrium; but though there is a precipice of considerable height on the left hand, the passage along the ledge is free from risk, so long as the rock-wall on the right is closely hugged.</s> <s id="s185">By one who watched from below the passage along the ledge of some of the early pioneers of Lake climbing, it was christened the" <enamex sw="w28864" long="-2.234742025321316" lat="53.68949365659972" type="ppl" gazref="unlock:11252279" name="Rake Head" conf="1.349936479">Rake</enamex>'s Progress," and the name appears apt, when it is remembered that the ledge leads from the lower limb of the Lord's <enamex sw="w28985" long="-2.234742025321316" lat="53.68949365659972" type="ppl" gazref="unlock:11252279" name="Rake Head" conf="1.349936479">Rake</enamex> to the <enamex sw="w28997" long="-3.219909744" lat="54.45114551" type="manual update" gazref="ZZSH00127" name="Mickeldore" conf="99992">Mickledore Ridge</enamex>.</s> <s id="s186">Stepping from the <enamex sw="w29033" long="-2.234742025321316" lat="53.68949365659972" type="ppl" gazref="unlock:11252279" name="Rake Head" conf="1.349936479">Rake</enamex>'s Progress on to <enamex sw="w29055" long="-3.210740245823551" lat="54.44768964284915" type="other" gazref="unlock:11217740" name="Mickledore" conf="2">Mickledore</enamex>, the stranger finds himself in what the guidebooks call" one of Nature's most savage retreats," and truly the scene is wild enough.</s> <s id="s187">The summits of <enamex sw="w29213" long="-3.211005455493718" lat="54.4566756701955" type="mtn" gazref="unlock:11278548" name="Scafell Pike" conf="2.4">Scafell</enamex> and <enamex sw="w29225" long="-3.21333" lat="54.45583" type="manual update" gazref="ZZSH00026" name="Scafell" conf="99992">Scafell Pikes</enamex>-- the two highest mountains in <enamex  sw="w29273" name="Large admin unit">England</enamex>-- are but one thousand two hundred yards apart in a straight line, but between them is the strange gap called <enamex sw="w29394" long="-3.210740245823551" lat="54.44768964284915" type="other" gazref="unlock:11217740" name="Mickledore" conf="2">Mickledore</enamex>.</s> <s id="s188">From the summit of <enamex sw="w29425" long="-3.21333" lat="54.45583" type="manual update" gazref="ZZSH00026" name="Scafell" conf="99992">Scafell Pikes</enamex> is rock-strewn sides slope gradually towards <enamex sw="w29484" long="-3.211005455493718" lat="54.4566756701955" type="mtn" gazref="unlock:11278548" name="Scafell Pike" conf="2.4">Scafell</enamex>.</s> <s id="s189">Presently the slopes steepen on either hand, leaving a saddle-shaped ravine.</s> <s id="s190">The saddle dwindles to a roof-like ridge, which stretches in a gentle curve from mountain to mountain, till it ends abruptly against the wedge-shaped cliffs of <enamex sw="w29730" long="-3.211005455493718" lat="54.4566756701955" type="mtn" gazref="unlock:11278548" name="Scafell Pike" conf="2.4">Scafell</enamex>, which rise almost vertically for five hundred feet and more.</s> <s id="s191">Though the slopes of the ridge are steep, and the ridge itself is so narrow that it may easily be bestrided, there is no danger whatever in walking along it; yet appalling are the terrors of this gorge as told in the older guide-books.</s> <s id="s192">" It may indeed be crossed," says <enamex  sw="w30069" name="Not a placename">Murray</enamex>," but the passage is difficult, and at one point dangerous, and it should be attempted only by experienced cragsmen, or members of the Alpine Club."</s> <s id="s193">In another passage the same writer thus speaks of the southern slope from the ridge to the strange solitudes of Upper <enamex sw="w30343" long="-3.323474574274605" lat="54.38973821999076" type="ppl" gazref="unlock:39694" name="Eskdale Green" conf="2.6">Eskdale</enamex>-- a slope which is indeed steep, stony, and tedious, but nothing more:" The descent into <enamex sw="w30443" long="-3.323474574274605" lat="54.38973821999076" type="ppl" gazref="unlock:39694" name="Eskdale Green" conf="2.6">Eskdale</enamex> is over terraces of slippery turf, and down slanting sheets of bare rock, which makes the enterprise, even with the assistance of a guide, one of peril.</s> <s id="s194">Some have attempted this descent, and turned back in terror at the difficulties before them; but there are places from which a tourist might find it even more difficult to retreat than to advance."</s></p>
<p><s id="s195">Looking up at the <enamex sw="w30820" long="-3.211005455493718" lat="54.4566756701955" type="mtn" gazref="unlock:11278548" name="Scafell Pike" conf="2.4">Scafell</enamex> cliffs from <enamex sw="w30840" long="-3.210740245823551" lat="54.44768964284915" type="other" gazref="unlock:11217740" name="Mickledore" conf="2">Mickledore</enamex>, the direct ascent appears impossible, as, in fact, it has hitherto proved.</s> <s id="s196">But there is more than one way of successfully turning the flank of these forbidding precipices.</s> <s id="s197">The routes by the" <enamex sw="w31043" long="-3.210740245823551" lat="54.44768964284915" type="other" gazref="unlock:11087783" name="Broad Stand" conf="2">Broad Stand</enamex>" and" Chimney," on the left or <enamex sw="w31086" long="-3.3244" lat="54.3879" type="manual update" gazref="Geoname_ID_7733089" name="Eskdale" conf="99992">Eskdale side</enamex> of <enamex sw="w31102" long="-3.210740245823551" lat="54.44768964284915" type="other" gazref="unlock:11217740" name="Mickledore" conf="2">Mickledore</enamex>, are now tolerably well known to lake-climbers; they are even described with more or less accuracy in guide-books.</s> <s id="s198">The <enamex sw="w31232" long="-3.210740245823551" lat="54.44768964284915" type="other" gazref="unlock:11087783" name="Broad Stand" conf="2">Broad Stand</enamex> is reached by descending close under the cliffs for twenty - one yards till a cleft, eighteen inches wide, is seen between two small upright rocks.</s> <s id="s199">Any man of moderate size can worm his way through the cleft, and climb out at the end on to the grassy corner.</s> <s id="s200">From this point there is only one practicable way.</s> <s id="s201">It lies up walls and slopes of rocks, and" to any ordinary cragsman it presents," said Professor Tyndall, writing in the Saturday Review in 1859," a pleasant bit of mountain practice, and nothing more."</s> <s id="s202">The Professor admits, however, that" to persons given to giddiness, or lacking sufficient sureness of foot or strength of grasp," the climb is not recommendable.</s> <s id="s203">The danger consists in slipping on any of the slopes or walls, when the climber would go bumping down many feet without any chance of stopping till, with considerable personal discomfort, he reached the base of the precipice.</s> <s id="s204">The entrance to the <enamex sw="w32163" long="-3.211005455493718" lat="54.4566756701955" type="mtn" gazref="unlock:11278548" name="Scafell Pike" conf="2.4">Scafell</enamex> Chimney( a gulley two feet wide running into and up the face of the cliff) is a few yards lower down than the entrance to the <enamex sw="w32297" long="-3.210740245823551" lat="54.44768964284915" type="other" gazref="unlock:11087783" name="Broad Stand" conf="2">Broad Stand</enamex>.</s> <s id="s205">It is impossible to go straight up the Chimney, as the way is blocked by an overhanging slab, and escape must be effected either by the right-hand wall near the top, where the hand-hold is miserably inadequate, or by the" corner" forty feet up the Chimney.</s> <s id="s206">The passage of the corner is a matter of stride and balance, as there is no positive hold for the hands.</s> <s id="s207">There is a bad drop into the Chimney behind, and a slip in rounding the corner would end in broken limbs, if not a battered skull.</s> <s id="s208">A man essaying the corner must apply himself like a plaister to an unpleasant projecting rock, and then by shifting the weight from one foot to the other( for the legs are stretched widely apart) he can creep round.</s> <s id="s209">These climbs in the Chimney are very little known, and none of them should be attempted in wet weather, when the Chimney is indeed a mere spout.</s> <s id="s210">Even when the escape is made from the Chimney by the routes named, the remainder of the ascent requires care, as the rocks here are smooth, and they slope steeply towards <enamex sw="w33335" long="-3.323474574274605" lat="54.38973821999076" type="ppl" gazref="unlock:39694" name="Eskdale Green" conf="2.6">Eskdale</enamex>, some at as great an angle as fifty - four degrees.</s> <s id="s211">Last August a young and active climber, forgetting for a moment the caution that should always go hand-in-hand with daring, attempted to cross one of these smooth, sloping rocks.</s> <s id="s212">He slipped, and slid rapidly down for twenty - seven feet, vainly catching at the smooth surface and then bounded through the air in a leap of seventy feet, falling full on his face just as the edge of the dry watercourse below the Chimney.</s> <s id="s213">Happily the place on which he fell was loose and not rocky ground; and he escaped with a broken rib and some dangerous face and head wounds.</s> <s id="s214">The escape from death was almost miraculous; many men have been killed by falling a quarter of the distance.</s> <s id="s215">The adventure may serve to remind other climbers that the <enamex sw="w34119" long="-3.211005455493718" lat="54.4566756701955" type="mtn" gazref="unlock:11278548" name="Scafell Pike" conf="2.4">Scafell</enamex> cliffs must be treated with due respect.</s></p>
<p><s id="s216">There is yet another and a more direct way of climbing the <enamex sw="w34227" long="-3.211005455493718" lat="54.4566756701955" type="mtn" gazref="unlock:11278548" name="Scafell Pike" conf="2.4">Scafell</enamex> cliffs from <enamex sw="w34247" long="-3.210740245823551" lat="54.44768964284915" type="other" gazref="unlock:11217740" name="Mickledore" conf="2">Mickledore</enamex>, which, for want of a better name, we may christen the" North Climb."</s> <s id="s217">This route is known to very few.</s> <s id="s218">It was discovered for himself in 1874, by Mr. George Seatree, the author of a pleasantly-written little pamphlet on the Lake District, now, unfortunately, out of print.</s> <s id="s219">When Mr. Seatree ascended, he was with a friend, and the Wastdale people received his story with incredulity," auld Will <enamex sw="w34651" long="-3.708311619636946" lat="50.35923872323487" type="other" gazref="unlock:11256453" name="Ritson" conf="0.4221789421">Ritson</enamex>" declaring that" nowt but a fleeing thing could get up theear."</s> <s id="s220">Mr. Seatree, however, was preceded in this ascent by Major J.P. Cundill, R.A., who climbed this way both up and down alone as long ago as 1869.</s> <s id="s221">For the benefit of climbers we quote here Mr. Seatree's description:" From the ridge we traversed a ledge of grass-covered rock( the <enamex sw="w34999" long="-2.234742025321316" lat="53.68949365659972" type="ppl" gazref="unlock:11252279" name="Rake Head" conf="1.349936479">Rake</enamex>'s Progress) to the right, until we reached a detached boulder, stepping upon which we were enabled to get hand-hold of a crevice six or seven feet from where we stood.</s> <s id="s222">To draw ourselves up so as to get our feet upon this was the difficulty; there is only one small foothold in that distance, and to have slipped here would have precipitated the climber many feed below.</s> <s id="s223">Having succeeded in gaining this foothold, we found ourselves in a small rectangular recess, with barely room to turn round.</s> <s id="s224">From here it was necessary to draw ourselves carefully over two other ledges into a small rift in the rocks, and then traverse on our hands and knees another narrow ledge of about eight feet to the left, which brought us nearly in a line with <enamex sw="w35742" long="-3.219909744" lat="54.45114551" type="manual update" gazref="ZZSH00127" name="Mickeldore" conf="99992">Mickledore Ridge</enamex>.</s> <s id="s225">From here all was comparatively smooth sailing."</s> <s id="s226">The" detached boulder" may be identified with certainty by noticing that it is embedded in the <enamex sw="w35904" long="-2.234742025321316" lat="53.68949365659972" type="ppl" gazref="unlock:11252279" name="Rake Head" conf="1.349936479">Rake</enamex>'s Progress close to the top of a funnel-shaped grassy gully, about ten or twelve yards from <enamex sw="w36001" long="-3.210740245823551" lat="54.44768964284915" type="other" gazref="unlock:11217740" name="Mickledore" conf="2">Mickledore</enamex>.</s> <s id="s227">None but experienced climbers should attempt the" north climb" from <enamex sw="w36081" long="-3.210740245823551" lat="54.44768964284915" type="other" gazref="unlock:11217740" name="Mickledore" conf="2">Mickledore</enamex>.</s> <s id="s228">It is unpleasant to stick on one of the higher ledges, for from these the climber looks almost vertically down to the valley many feet below.</s> <s id="s229">In these circumstances a sudden seizure akin to sea-sickness may assail the cragsman who has not his nerves under thorough control.</s></p>
<p><s id="s230">All who have been on the top of <enamex sw="w36399" long="-3.211005455493718" lat="54.4566756701955" type="mtn" gazref="unlock:11278548" name="Scafell Pike" conf="2.4">Scafell</enamex>, near <enamex sw="w36413" long="-3.210740245823551" lat="54.44768964284915" type="other" gazref="unlock:11217740" name="Mickledore" conf="2">Mickledore</enamex>, must have looked down with wonder and admiration into Deep Ghyll, that vast, almost vertical funnel, which descends from the top of the mountain to the Lord's <enamex sw="w36584" long="-2.234742025321316" lat="53.68949365659972" type="ppl" gazref="unlock:11252279" name="Rake Head" conf="1.349936479">Rake</enamex>.</s> <s id="s231">It can be descended straight down its whole length, though in one palce there is a very steep pitch, and some little danger is incurred from falling stones.</s> <s id="s232">But the most upper part of Deep Ghyll is a pinnacle rock with some slight resemblance, from certain points of view, to the celebrated <enamex sw="w36881" long="145.41667" lat="-16.06667" type="other" gazref="unlock:4135785" name="Mount Pieter Botte" conf="0.2635561839">Pieter Botte</enamex> in <enamex  sw="w36897" name="Large admin unit">Mauritius</enamex>, except that the stone on the top is much smaller than the knob which forms the summit of the <enamex sw="w37001" name="Mauritius mountain">Mauritius mountain</enamex>.</s> <s id="s233">The Deep Ghyll pinnacle is perhaps best named the" <enamex sw="w37072" long="-3.211005455493718" lat="54.4566756701955" type="mtn" gazref="unlock:11278548" name="Scafell Pike" conf="2.4">Scafell</enamex> <enamex sw="w37080" long="-3.2825" lat="54.49917" type="other" gazref="unlock:4564691" name="Pillar" conf="2">Pillar</enamex>," for on examination it will be found to have several features in common with the <enamex sw="w37169" long="-3.429418179792764" lat="54.52620042627977" type="ppl" gazref="unlock:11140131" name="Ennerdale Bridge" conf="2.6">Ennerdale</enamex> <enamex sw="w37179" long="-3.2825" lat="54.49917" type="other" gazref="unlock:4564691" name="Pillar" conf="2">Pillar</enamex>.</s> <s id="s234">Both have a <enamex  sw="w37199" name="Mythical place">Pisgah rock</enamex> and a <enamex  sw="w37217" name="Large admin unit">Jordan</enamex> gap, both have a slating slab in similar positions.</s> <s id="s235">So inaccessible does the <enamex sw="w37301" long="-3.211005455493718" lat="54.4566756701955" type="mtn" gazref="unlock:11278548" name="Scafell Pike" conf="2.4">Scafell</enamex> <enamex sw="w37309" long="-3.2825" lat="54.49917" type="other" gazref="unlock:4564691" name="Pillar" conf="2">Pillar</enamex> appear, that it is probable no one ever thought to making an attempt upon it till Mr. W. P. Haskett Smith, whose climbs on the <enamex sw="w37443" long="-3.429418179792764" lat="54.52620042627977" type="ppl" gazref="unlock:11140131" name="Ennerdale Bridge" conf="2.6">Ennerdale</enamex> <enamex sw="w37453" long="-3.2825" lat="54.49917" type="other" gazref="unlock:4564691" name="Pillar" conf="2">Pillar</enamex> were referred to in a previous article, looking at the Rock with the eye of a genius for climbing, thought he could see a way to the top.</s> <s id="s236">He made the attempt alone in September of this year, and successfully reached the top, being the first man to set foot on the summit of this forbidding peak.</s> <s id="s237">A week or two later, Mr. Haskett Smith, accompanied by Mr. J. W. Robinson, a local cragsman of much enthusiasm, judgment and skill, made another attack upon the rock.</s> <s id="s238">Starting from a point about sixty yards from the lower ned of the <enamex sw="w37989" long="-2.234742025321316" lat="53.68949365659972" type="ppl" gazref="unlock:11252279" name="Rake Head" conf="1.349936479">Rake</enamex>'s Progress, and climbing upwards, they soon entered a very long, narrow, almost vertical chimney, the ascent of which taxed their strength greatly.</s> <s id="s239">Emerging at last, they reached a steep arête, which led direct to the ridge of the <enamex sw="w38225" long="-3.211005455493718" lat="54.4566756701955" type="mtn" gazref="unlock:11278548" name="Scafell Pike" conf="2.4">Scafell</enamex> <enamex sw="w38233" long="-3.2825" lat="54.49917" type="other" gazref="unlock:4564691" name="Pillar" conf="2">Pillar</enamex>, and thus to the top, where they left their names in a glass bottle.</s> <s id="s240">Now that the way is known, the Deep Ghyll <enamex sw="w38351" long="-3.2825" lat="54.49917" type="other" gazref="unlock:4564691" name="Pillar" conf="2">Pillar</enamex> will doubtless be attempted by other climbers.</s> <s id="s241">On the whole Wastdale side of <enamex sw="w38435" long="-3.211005455493718" lat="54.4566756701955" type="mtn" gazref="unlock:11278548" name="Scafell Pike" conf="2.4">Scafell</enamex> there is fine climbing, nor are the minor mountains which buttress the great heights by any means deficient in interest.</s></p>
<p><s id="s242">Of all the natural features of the <enamex sw="w38599" long="-3.2949" lat="54.4417" type="manual_update"  gazref="Geoname_ID_2634705" name="Wast Water" conf="99991">Wastwater District</enamex>, Piers Ghyll is perhaps the most noticeable.</s> <s id="s243">No one coming over the <enamex sw="w38686" long="-3.1961" lat="54.4748" type="manual update" gazref="unlock:11295045" name="Styhead Pass" conf="99992">Sty Head Pass</enamex> from <enamex sw="w38705" long="-3.152840038750234" lat="54.52319628836889" type="civil" gazref="unlock:13403088" name="Borrowdale CP" conf="2.4">Borrowdale</enamex> can fail to see this remarkable fissure which, after making an almost right-angled bend in the low ground at the foot of <enamex sw="w38837" long="-3.245241306110807" lat="54.45619118854639" type="water" gazref="unlock:8788497" name="Lingmell Gill" conf="2.4">Lingmell</enamex>, suddenly narrows, and runs straight into the face of the <enamex sw="w38904" long="-3.2213" lat="54.4628" type="manual update" gazref="Norgate_ID_NY20930818" name="Lingmell" conf="99992">Lingmell crags</enamex>.</s> <s id="s244">So far as can be ascertained, Piers Ghyll has never been climbed.</s> <s id="s245">It is one of the few places which have resisted the assaults of the present generation of climbers.</s> <s id="s246">Of course when we speak of climbing Piers Ghyll we do no mean merely penetrating into the fissure till further progress is barred, and then climbing out up one of the sides.</s> <s id="s247"><enamex  sw="w39260" name="Too ambigious to allocate">The Ghyll</enamex> cannot properly be said to have been climbed until all the obstacles in the ravine are overcome, and the climber emerges at the top, under <enamex sw="w39409" long="-3.2213" lat="54.4628" type="manual update" gazref="Norgate_ID_NY20930818" name="Lingmell" conf="99992">Lingmell crags</enamex>.</s> <s id="s248">In all probability this feat will be soon achieved; but so far, notwithstanding the elaborate attempts which have been made with ropes, ice-axes, and steel wedges, everyone has failed.</s> <s id="s249">Anyone may scamble a good way along the torrent-bed in Piers Ghyll.</s> <s id="s250">Soon the ravine narrows, the stream is pent in narrow bounds, the walls on either hand rise higher and are almost perpendicular.</s> <s id="s251">Daylight is obscured, and after heavy rain the noise of the falling water is deafening.</s> <s id="s252">The first difficult place is a smooth slab of rock on the left hand.</s> <s id="s253">This can be passed; but the difficulties begin at the third waterfall, where there is a vast curving rock shelving towards the stream.</s> <s id="s254">Much, of course, depends on the state of the stream.</s> <s id="s255">Long ago, when Mr. James Payn, then a young man at college, visited the Lake District, it was his ardent delight to roll huge stones down the mountain-side and hark as they thundered into the Pease Ghyll( for so the novelist spells the name).</s> <s id="s256">Mr. Payn tells how a shepherd of Wastdale, collecting his sheep on <enamex sw="w40462" long="-3.245241306110807" lat="54.45619118854639" type="water" gazref="unlock:8788497" name="Lingmell Gill" conf="2.4">Lingmell</enamex> in the snow, slipped and fell into Piers Ghyll.</s> <s id="s257">His iron heel caught in some crevice and wrenched off the boot-sole, thus breaking the fall, the man survived his perilous adventure.</s> <s id="s258">There is a rumour too that a hardy climber, resolved on conquering the passage of the Ghyll, passed difficulty after difficulty till he reached the spot from which advance and retreat seemed equally impossible.</s> <s id="s259">He lost nerve, and dared not make an attempt.</s> <s id="s260">There he remained for twenty - four hours, his shouts rendered impotent by the roaring waters.</s> <s id="s261">At last, when starvation stared him in the face, he gathered courage, and flung himself from his resting-place into the deep pool formed by one of the falls.</s> <s id="s262">The water broke his fall, and he scrambled back a sound man.</s> <s id="s263">But his adventure is not forgotten; and the local guides tell you flatly that Piers Ghyll cannot be climbed, and that its summit was the haunt of evil spirits.</s> <s id="s264">But the <enamex sw="w41390" long="7.729624870708733" lat="45.93817780155658" type="mtn" gazref="unlock:14138040" name="Matterhorn" conf="0.7237045841">Matterhorn</enamex> succumbed nevertheless, and so, we doubt not, will Piers Ghyll when the right man appears.</s> <s id="s265">To climb the whole length of Piers Ghyll, and then scale the <enamex sw="w41553" long="-3.2213" lat="54.4628" type="manual update" gazref="Norgate_ID_NY20930818" name="Lingmell" conf="99992">Lingmell crags</enamex> above, and so reach the summit of the mountain, is pronounced by a competent judge the hardest and finest climb in the English Lake District, and one which would keep the climber as severely on the stretch as any piece of rock-climbing in <enamex  sw="w41807" name="Large admin unit">Switzerland</enamex>.</s></p>
<p><s id="s266">The exhaustible richness of the <enamex sw="w41852" long="-3.2949" lat="54.4417" type="manual_update"  gazref="Geoname_ID_2634705" name="Wast Water" conf="99991">Wastwater district</enamex>, from the climber's point of view, tempts us to linger too long in it, to the exclusion of other districts.</s> <s id="s267">We will not speak, therefore, of the chimneys in the north side of <enamex sw="w42046" long="-3.195844359582791" lat="54.46581531356443" type="mtn" gazref="unlock:11158711" name="Great End" conf="2.4">Great End</enamex>, of the" <enamex sw="w42065" long="-111.0499452" lat="45.0668746" type="other" gazref="unlock:8380059" name="Big Horn Peak" conf="0.6404358655">Horn</enamex>," the" Screen," and" Westmoreland's Chimney" on <enamex sw="w42118" long="-3.211801960536564" lat="54.48363366656892" type="mtn" gazref="unlock:11158752" name="Great Gable" conf="2.4">Great Gable</enamex>, or the Stirrup crags on <enamex sw="w42155" long="-3.272975138161649" lat="54.46502747709917" type="mtn" gazref="unlock:11328681" name="Yewbarrow" conf="2.4">Yewbarrow</enamex>, or of the rotten gulleys in the <enamex sw="w42198" long="-3.214466500836419" lat="54.57349272667725" type="mtn" gazref="unlock:11256013" name="Rigg Screes" conf="2.4">Screes</enamex>, but will pass to the consideration of climbs in other parts of the district.</s></p>
<p><s id="s268">Of these, <enamex sw="w42293" long="-3.012269722421011" lat="54.5304112692593" type="other" gazref="unlock:11294441" name="Striding Edge" conf="2">Striding Edge</enamex>, on <enamex sw="w42311" long="-3.043402327204126" lat="54.53913510713601" type="water" gazref="unlock:11169754" name="Helvellyn Gill" conf="2.4">Helvellyn</enamex>, is by far the best known.</s> <s id="s269">Scott's grandiose poem and Wordsworth's exquisite verses have given immortality to <enamex sw="w42431" long="-3.012269722421011" lat="54.5304112692593" type="other" gazref="unlock:11294441" name="Striding Edge" conf="2">Striding Edge</enamex>.</s> <s id="s270">Save for the ugly dam which banks up the shore of the <enamex sw="w42500" long="-2.996817837581994" lat="54.5305396009496" type="water" gazref="unlock:11253838" name="Red Tarn Beck" conf="2.4">Red Tarn</enamex> for the convenience of the Glenriddging lead-mines, which have almost destroyed the beauty of the upper reach of <enamex sw="w42622" long="-2.933353248091587" lat="54.56025302065807" type="civil" gazref="unlock:13477559" name="Ullswater Ward" conf="2.4">Ullswater</enamex>, all is now as it was when young <enamex sw="w42665" long="-82.2214" lat="28.089" type="other" gazref="unlock:10817888" name="Gough Pless Estates" conf="0.5896829963">Gough</enamex>-- Scott's Pilgrim of Nature-- slipped over, and was killed, in the spring of 1805.</s> <s id="s271">The setting of the two poems is there, all except the eagle.</s> <s id="s272">If you chance to be on <enamex sw="w42844" long="-3.012269722421011" lat="54.5304112692593" type="other" gazref="unlock:11294441" name="Striding Edge" conf="2">Striding Edge</enamex> on a stormy day, when the mists are boiling up from the coves of <enamex sw="w42923" long="-3.011603205107465" lat="54.5034516594409" type="water" gazref="unlock:11161476" name="Grisedale Tarn" conf="2.4">Grisedale</enamex>, you will say it is a place an English <enamex  sw="w42972" name="Not a placename">Manfred</enamex> might choose for his soliloquies.</s> <s id="s273">But as for danger, there is hardly any.</s> <s id="s274">To the cragsman it is a promenade; for ladies, merely a pleasant piece of exertion.</s> <s id="s275">If any persons are rendered giddy by the steepness of the slopes, and on the <enamex sw="w43215" long="-3.0082" lat="54.4991" type="manual update" gazref="Norgate_ID_NY348120" name="Grisedale" conf="99992">Grisedale side</enamex> they are certainly steep, they can be perfectly secure by taking the lower path.</s> <s id="s276">Not far from the <enamex sw="w43328" long="-2.9316" lat="54.5337" type="manual update" gazref="Geoname_ID_2640567" name="Patterdale" conf="99992">Patterdale end</enamex> of the ridge is a small iron cross, set up to the memory of one Robert Dixon, who was killed on <enamex sw="w43439" long="-3.012269722421011" lat="54.5304112692593" type="other" gazref="unlock:11294441" name="Striding Edge" conf="2">Striding Edge</enamex> while following the <enamex sw="w43473" long="-2.938607921075117" lat="54.53595761254276" type="ppl" gazref="unlock:37283" name="Patterdale" conf="2.6">Patterdale</enamex> fox-hounds in November, 1858.</s> <s id="s277">The cross is small, and may easily be missed among the rocks.</s></p>
<p><s id="s278">Far more imposing than the <enamex sw="w43603" long="-3.012269722421011" lat="54.5304112692593" type="other" gazref="unlock:11294441" name="Striding Edge" conf="2">Striding Edge</enamex> on <enamex sw="w43620" long="-3.043402327204126" lat="54.53913510713601" type="water" gazref="unlock:11169754" name="Helvellyn Gill" conf="2.4">Helvellyn</enamex> is the little-known <enamex sw="w43650" long="-3.046162664581634" lat="54.64697107556862" type="other" gazref="unlock:11281603" name="Sharp Edge" conf="2">Sharp Edge</enamex> on <enamex sw="w43664" long="-3.0502" lat="54.6415" type="manual update" gazref="unlock:4563283" name="Saddleback" conf="99992">Blencathara</enamex>.</s> <s id="s279"><enamex sw="w43677" long="-3.0502" lat="54.6415" type="manual update" gazref="unlock:4563283" name="Saddleback" conf="99992">Blencathara</enamex> is one of the very few lake mountains about which legends are told.</s> <s id="s280">On the neighbouring <enamex sw="w43777" long="-3.0058" lat="54.6492" type="manual update" gazref="Norgate_ID_NY352287" name="Souther Fell" conf="99992">Sowter Fall</enamex>, marching regiments, troops of phantom horsemen, and all sorts of strange apparations have been seen; and in <enamex sw="w43898" long="-3.046162664581634" lat="54.64697107556862" type="water" gazref="unlock:11278655" name="Scales Tarn" conf="2.4">Scales Tarn</enamex>, lying at the foot of the precipitous <enamex sw="w43948" long="-2.79453731845977" lat="54.46013146929619" type="mtn" gazref="unlock:11297916" name="Tarn Crag" conf="2.4">Tarn Crag</enamex>, the stars are to be seen at noonday.</s> <s id="s281">The Broad, Narrow, and Sharp Edges on <enamex sw="w44034" long="-3.0502" lat="54.6415" type="manual update" gazref="unlock:4563283" name="Saddleback" conf="99992">Blencathara</enamex> are among the most interesting things to be seen among the lake mountains, and the <enamex sw="w44129" long="-3.046162664581634" lat="54.64697107556862" type="other" gazref="unlock:11281603" name="Sharp Edge" conf="2">Sharp Edge</enamex> is certainly the sharpest in the district.</s> <s id="s282">It is much narrower than <enamex sw="w44208" long="-3.012269722421011" lat="54.5304112692593" type="other" gazref="unlock:11294441" name="Striding Edge" conf="2">Striding Edge</enamex>, but nowhere does it offer any difficulty to the ordinary climber.</s> <s id="s283">The ascent of <enamex sw="w44303" long="-2.79453731845977" lat="54.46013146929619" type="mtn" gazref="unlock:11297916" name="Tarn Crag" conf="2.4">Tarn Crag</enamex>, after leaving the ridge, is indeed much more unpleasant.</s> <s id="s284">In ice and snow these ridges present real difficulties.</s> <s id="s285">In the winter of 1880-01, an overhanging snow-cornice extended for a mile from the first to the second cairn on <enamex sw="w44539" long="-3.0502" lat="54.6415" type="manual update" gazref="unlock:4563283" name="Saddleback" conf="99992">Blencathara</enamex>, and so solid was it that it was possible to stand on the cornice well out beyond the edge of the mountain.</s></p>
<p><s id="s286">In these two papers it has been our aim to furnish the cragsman with a rough guide to the best rock climbing in the Lake District.</s> <s id="s287">Space compels us to omit several interesting places, such as <enamex sw="w44851" long="-3.103282687656051" lat="54.46669575382811" type="mtn" gazref="unlock:11241265" name="Pavey Ark" conf="2.4">Pavey Ark</enamex>, the climbs from <enamex sw="w44878" long="-3.0082" lat="54.4991" type="manual update" gazref="Norgate_ID_NY348120" name="Grisedale" conf="99992">Grisedale Pass</enamex> up to St. Sunday Crag, and others.</s> <s id="s288">A stranger may waste valuable time in finding the climbs best worth doing; for, except in Mr. Prior's convenient little work, he will not find any printed account of them.</s> <s id="s289">Mr. Prior is aware of the existence of the Chimney and <enamex sw="w45155" long="-3.210740245823551" lat="54.44768964284915" type="other" gazref="unlock:11087783" name="Broad Stand" conf="2">Broad Stand</enamex> routes up <enamex sw="w45177" long="-3.211005455493718" lat="54.4566756701955" type="mtn" gazref="unlock:11278548" name="Scafell Pike" conf="2.4">Scafell</enamex>; he even gives a vague little diagram of the" easy way" up the <enamex sw="w45248" long="-3.2812" lat="54.4975" type="manual_update"  gazref="Norgate_ID_NY17121211" name="The Pillar" conf="99991">Pillar Rock</enamex>.</s> <s id="s290">But with this noteworthy exception, the stranger is unaided by the guide-books.</s> <s id="s291">Wherever there are mountains, the climber can always find ascents for himself, but nowhere are the climbs so interesting and so numerous as in the neighbourhood of Wastdale.</s> <s id="s292">To see the Lake District properly, it is best to take a certain number of centres, and explore thoroughly the country round each.</s> <s id="s293">Let no one be persuaded to strap a knapsack on his shoulders and roam the country.</s> <s id="s294">Beautiful scenery is not to be enjoyed by rushing through it with a heavy weight on your back; you must live in it to love it.</s> <s id="s295"><enamex sw="w45855" long="-2.915738676011205" lat="54.36040070757029" type="ppl" gazref="unlock:11084353" name="Bowness-On-Windermere" conf="2.6">Bowness</enamex>, <enamex sw="w45864" long="-3.137880601359804" lat="54.60120234465001" type="ppl" gazref="unlock:11185565" name="Keswick" conf="2.6">Keswick</enamex>, <enamex sw="w45873" long="-3.0642" lat="54.4469" type="manual update" gazref="Geoname_ID_2648072" name="The Langdales" conf="99992">Langdale Valley</enamex>, Wastdale, <enamex sw="w45900" long="-2.938607921075117" lat="54.53595761254276" type="ppl" gazref="unlock:37283" name="Patterdale" conf="2.6">Patterdale</enamex>, and <enamex sw="w45916" long="-2.82696527422053" lat="54.48836227983379" type="water" gazref="unlock:8788937" name="Mardale Beck" conf="2.4">Mardale</enamex> Green will be found excellent centres.</s> <s id="s296">Round each of these places there is scenery of differing character.</s> <s id="s297">Few things are more remarkable in the Lake District than the variety of its scenery.</s> <s id="s298">The elements are of the simplest; the effects produced are most varied.</s> <s id="s299">The district is seamed with mountain valleys, yet no two are alike.</s> <s id="s300">Nature seems to have lavished all her beauties on this unique spot of English earth.</s> <s id="s301">It is exquisitely compact.</s> <s id="s302">The most varied beauties lie side by side, but they never jostle or compete with each other.</s> <s id="s303">There is space enough for each to have its appropriate setting.</s> <s id="s304">It is this compactness of the English Lake District which constitutes at once its charm and its danger.</s> <s id="s305">A very little work in the way of" railway enterprise" would ruin the district for ever.</s> <s id="s306">Already the railways approach perilously near the most sacred solitudes.</s> <s id="s307">Between <enamex sw="w46798" long="-2.749628438755928" lat="54.66475192978902" type="ppl" gazref="unlock:11038" name="Penrith" conf="2.486244318">Penrith</enamex> and <enamex sw="w46810" long="-3.137880601359804" lat="54.60120234465001" type="ppl" gazref="unlock:11185565" name="Keswick" conf="2.6">Keswick</enamex>, the railway actually comes within the mountain rampart, and cuts off <enamex sw="w46888" long="-3.0502" lat="54.6415" type="manual update" gazref="unlock:4563283" name="Saddleback" conf="99992">Blencathara</enamex> from its fellow peaks.</s> <s id="s308">At <enamex sw="w46926" long="-71.9142398" lat="41.582043" type="other" gazref="unlock:7578472" name="Lakeside Airport" conf="0.6458552858">Lakeside</enamex>, at the foot of <enamex sw="w46951" long="-2.907933804199639" lat="54.37599546506077" type="ppl" gazref="unlock:10204" name="Windermere" conf="2.6">Windermere</enamex>, there is a station almost on the lake; at <enamex sw="w47005" long="-3.071790052749298" lat="54.36868891187336" type="ppl" gazref="unlock:25643" name="Coniston" conf="2.6">Coniston</enamex> is another; at <enamex sw="w47029" long="-3.137880601359804" lat="54.60120234465001" type="ppl" gazref="unlock:11185565" name="Keswick" conf="2.6">Keswick</enamex> the station is only a few minutes' walk from <enamex sw="w47082" long="-3.1588" lat="54.6018" type="other" gazref="unlock:5828527" name="Derwentwater Hotel" conf="2">Derwentwater</enamex>; at <enamex sw="w47099" long="-3.26667" lat="54.4" type="other" gazref="unlock:4579575" name="Boot" conf="2">Boot</enamex>, in <enamex sw="w47108" long="-3.323474574274605" lat="54.38973821999076" type="ppl" gazref="unlock:39694" name="Eskdale Green" conf="2.6">Eskdale</enamex>, the terminus is within ten miles of the remotest mountain fastnesses.</s></p>
<p><s id="s309">In <enamex  sw="w47190" name="Large admin unit">England</enamex>, with its vested interests and antique rights, we cannot unfortunately adopt the example so worthily set by the <enamex  sw="w47310" name="Large admin unit">United States</enamex>, in the case of the <enamex sw="w47344" long="-110.9674421" lat="45.0332645" type="other" gazref="unlock:8427519" name="Yellowstone National Park County (historical)" conf="0.6332288502">Yellowstone Park</enamex>, and keep for the enjoyment of the public for ever the most beautiful spots of our overcrowded island.</s> <s id="s310">But with regard to the English Lake District, it should be well understood that any further railways will ruin it beyond hope.</s> <s id="s311">In <enamex  sw="w47594" name="Large admin unit">Switzerland</enamex>, where the distances are much greater, and the heights much vaster, a few mountains railways are almost unnoticed; in <enamex  sw="w47724" name="Large admin unit">Cumberland</enamex> and <enamex  sw="w47739" name="Large admin unit">Westmoreland</enamex> they would dominate the landscape.</s> <s id="s312">The specious plea of the public good cannot be urged in favour of schemes of railway extension in the lakes.</s> <s id="s313">Trains carry tourists to the very confines of the district on all sides.</s> <s id="s314">Private gain is the only motive which can prompt to further" railway enterprise."</s> <s id="s315">The Lake District Defence Association is doing excellent work.</s> <s id="s316">Already it has defeated the <enamex sw="w48142" long="-3.152840038750234" lat="54.52319628836889" type="civil" gazref="unlock:13403088" name="Borrowdale CP" conf="2.4">Borrowdale</enamex> and <enamex sw="w48157" long="-3.429418179792764" lat="54.52620042627977" type="ppl" gazref="unlock:11140131" name="Ennerdale Bridge" conf="2.6">Ennerdale</enamex> schemes-- schemes for mineral railways, which would have absolutely ruined the beauty of the two valleys.</s> <s id="s317">But railway interests are very powerful, and fresh schemes are floated every year.</s> <s id="s318"><enamex sw="w48359" long="-2.248669923114486" lat="53.48271029008382" type="ppl" gazref="unlock:11211893" name="Manchester" conf="2.130655791">Manchester</enamex>, having fouled with sewage and manufactures all the streams in its neighbourhood, has laid violent hands on <enamex sw="w48478" long="-3.058857232315457" lat="54.5390008105236" type="water" gazref="unlock:11299411" name="Thirlmere" conf="2.4">Thirlmere</enamex>, and is only waiting the necessary capital to convert that lake into a reservoir.</s> <s id="s319">The example cannot but be encouraging to the promoters of railway schemes.</s> <s id="s320">That they will triumph before long seems more than probable, and when that day comes the Lake District will be irreparably ruined.</s></p>
</text>
</document>