<?xml version="1.0" encoding="UTF-8"?><document>

<text id="1698_a"><p><s id="s1">Through <enamex  sw="w20" name="Large admin unit">England</enamex> On a Side <enamex  sw="w39" name="Too ambigious to allocate">Saddle</enamex> In The Time Of William And Mary Being The Diary Of Celia Fiennes.</s> </p><p> <s id="s2">With An Introduction By The Hon. Mrs Griffiths.</s> </p><p> <s id="s3"><enamex sw="w166" long="-0.1193526387214661" lat="51.47267150878906" type="ppla" gazref="unlock:14132302" name="London" conf="2.581688396">London</enamex>:</s> </p><p> <s id="s4">Field&amp; <enamex sw="w183" long="-72.78803142700001" lat="46.557853514" type="other" gazref="unlock:5166021" name="Côte à Tuer" conf="0.4861798042">Tuer</enamex>, The Leadenhall Press, E.C.</s></p>
<p> <s id="s5">Simpkin, Marshall&amp; Co.; <enamex sw="w242" long="-79.9496399" lat="43.2334084" type="ppl" gazref="geonames:5969785" name="Hamilton" conf="1.847968837">Hamilton</enamex>, <enamex sw="w252" long="-119.5722541809082" lat="51.19489097595215" type="water" gazref="unlock:14138535" name="Adams Lake" conf="0.8350364544">Adams</enamex>&amp; Co.</s></p>
<p> <s id="s6">New <enamex sw="w269" long="" lat="" type="manual_update"  gazref="unlock:9659" name="" conf="99991">York</enamex>: <enamex sw="w275" long="-71.4745095" lat="42.6434236" type="other" gazref="unlock:7691416" name="Scribner Hill" conf="0.7861271259">Scribner</enamex>&amp; <enamex sw="w286" long="-1.788002672287746" lat="52.1611763487825" type="ppl" gazref="unlock:11315510" name="Welford-on-Avon" conf="1.487733301">Welford</enamex>, 743&amp; 745, <enamex sw="w306" long="-82.3874" lat="27.9643" type="other" gazref="unlock:10817203" name="Broadway" conf="1">Broadway</enamex>.</s></p>
<p> <s id="s7">1888</s></p>
<p><s id="s8">Field&amp; <enamex sw="w330" long="-72.78803142700001" lat="46.557853514" type="other" gazref="unlock:5166021" name="Côte à Tuer" conf="0.4861798042">Tuer</enamex>,</s></p>
<p><s id="s9">The Leadenhall Press, E.C.</s></p>
<p><s id="s10">( T. 4346)</s></p>
<p><s id="s11">The Diary Of Celia Fiennes</s> </p><p><s id="s12">To The Reader.</s>
</p><p><s id="s13">As this was never designed: soe not likely to fall into the hands of any but my near relations, there needs not much to be said to Excuse or recommend it.</s> <s id="s14">Som. thing may be diverting and proffitable though not to Gentlemen that have travelled more about <enamex  sw="w668" name="Large admin unit">England</enamex>, staid longer in places, might have more acquaintance and more opportunity to be informed.</s> <s id="s15">My Journeys as they were begun to regain my health by variety and change of aire and exercise, soe whatever promoted that was pursued; and those informations of things as could be obteined from jnns en passant, or from some acquaintance, inhabitants of such places could ffurnish me with for my diversion, I thought necessary to remark: that as my bodily health was promoted my mind should not appear totally unoccupied, and the collecting it together remain for my after conversation( with such as might be inquisitive after such and such places) to wch might have recourse; and as most I converse with knows both the ffreedom and Easyness I speak and write as well as my deffect in all, so they will not expect exactness or politeness in this book, though such Embellishments might have adorned the descriptions and suited the nicer taste.</s></p>
<p><s id="s16">Now thus much without vanity may be asserted of the subject, that if all persons, both <enamex sw="w1696" long="-2.112711162209778" lat="52.16746316969544" type="ppl" gazref="unlock:40055" name="White Ladies Aston" conf="1.499360457">Ladies</enamex>, much more Gentlemen, would spend some of their tyme in Journeys to visit their native Land, and be curious to Inform themselves and make observations of the pleasant prospects, good buildings, different produces and manufactures of each place, with the variety of sports and recreations they are adapt to, would be a souveraign remedy to cure or preserve ffrom these Epidemick diseases of vapours, should I add Laziness?</s> <s id="s17">-- it would also fform such an Idea of <enamex  sw="w2164" name="Large admin unit">England</enamex>, add much to its Glory and Esteem in our minds and cure the evil Itch of overvalueing fforeign parts; at least ffurnish them with an Equivalent to entertain strangers when amongst us, Or jnform them when abroad of their native Country, which has been often a Reproach to the English, ignorance and being strangers to themselves.</s> <s id="s18">Nay the <enamex sw="w2509" long="-2.112711162209778" lat="52.16746316969544" type="ppl" gazref="unlock:40055" name="White Ladies Aston" conf="1.499360457">Ladies</enamex> might have matter not unworthy their observation, soe subject for conversation, within their own compass in each county to which they relate, and thence studdy now to be serviceable to their neighbours especially the poor among whome they dwell, which would spare them the uneasye thoughts how to pass away tedious dayes, and tyme would not be a burthen when not at a card or dice table, and the ffashions and manners of fforeign parts less minded or desired.</s> <s id="s19">But much more requisite is it for Gentlemen in gl service of their country at home or abroad, in town or country, Especially those that serve in parliament to know and jnform themselves ye nature of Land, ye Genius of the Inhabitants, so as to promote and improve Manufacture and trade suitable to each and encourage all projects tending thereto, putting in practice all Laws made for each particular good, maintaining their priviledges, procuring more as requisite; but to their shame it must be owned many if not most are Jgnorant of anything but the name of the place for which they serve in parliament; how then can they speake for or promote their good or Redress their Grievances?</s> <s id="s20">But now I may be justly blamed to pretend to give acc: of our Constitution, Customs, Laws, Lect, matters farre above my Reach or capacity, but herein I have described what have come within my knowledge either by view and reading, or relation from others which according to my conception have faithfully Rehearsed, but where I have mistaken in any form or subject matter I easily submitt to a correction and will enter such Erratas in a supplement annext to ye Book of some particulars since remarked; and shall conclude with a hearty wish and recommendation to all, but Especially my own Sex, the studdy of those things which tends to Improve the mind and makes our Lives pleasant and comfortable as well as proffitable in all the Stages and Stations of our Lives, and render suffering and age supportable and Death less fformidable and a future State more happy.</s></p>
<p><s id="s21">Celia Fiennes.</s></p>
<p><s id="s22">Leverpoole wch is in <enamex  sw="w4563" name="Large admin unit">Lancashire</enamex> is built just on the River Mersy mostly new built houses of brick and stone after the <enamex sw="w4660" long="-0.1193526387214661" lat="51.47267150878906" type="ppla" gazref="unlock:14132302" name="London" conf="2.581688396">London</enamex> fashion; ye first original was a few fishermens houses and now is grown to a large fine town and but a parish and one Church, though there be 24 streetes in it.</s> <s id="s23">There is Indeed a little <enamex  sw="w4853" name="Too ambigious to allocate">Chappell</enamex> and there are a great many dessenters in the town.</s> <s id="s24">Its a very Rich trading town, ye houses of Brick and stone built high and Even that a streete quite through Lookes very handsome-- the streetes well pitched.</s> <s id="s25">There are abundance of persons you see very well dressed and of good fashion, ye streetes are faire and Long, its <enamex sw="w5186" long="-0.1193526387214661" lat="51.47267150878906" type="ppla" gazref="unlock:14132302" name="London" conf="2.581688396">London</enamex> in miniature as much as ever I saw anything.</s> <s id="s26">There is a very pretty Exchange stands on 8 pillars besides the Corners wch are Each <enamex sw="w5323" long="2.23588943481445" lat="48.8927618477683" type="other" gazref="unlock:9767178" name="Arche de la Défense" conf="0.3665741838">Arche</enamex> pillars all of stone and its railed in, over wch is a very handsome town hall-- over all is a tower and Cupilow thats so high that from thence one has ye whole view of ye town and the Country round-- in a Clear day you may see ye Jsle of Man wch also was in view from out of <enamex  sw="w5606" name="Large admin unit">Wales</enamex> at <enamex sw="w5615" long="-72.0245211" lat="42.416757" type="other" gazref="unlock:7679810" name="Harding Hill" conf="0.7601728538">Harding</enamex> on the high tarrass walke in my Cosen Percivalls garden.</s></p>
<p><s id="s27">Thence to Prescote 7 very long miles, but pretty good way, mostly Lanes; there I passed by Nosel the Earle of Darbys house wch Looked very nobly wth many towers and balls on them; it stands amongst tall trees and Lookes like a pleasant grove all about it, its an old house runs a great Compass of ground.</s> <s id="s28">Ye town of Prescote stands on a high hill, a very pretty neate Market town-- a Large market place and broad streetes well pitched.</s></p>
<p><s id="s29">Thence to Wiggon, 7 long miles more mostly in Lanes and some hollow wayes and some pretty deep stony way so forced us upon ye high <enamex sw="w6248" long="-1.708995993538741" lat="55.24430343366733" type="ppl" gazref="unlock:11101960" name="Causey Park Bridge" conf="1.215212742">Causey</enamex>, but some of ye way was good wch I went pretty fast and yet by reason of the tediousness of ye miles for length I was 5 hours going that 14 mile; I could have gone 30 miles about <enamex sw="w6434" long="-0.1193526387214661" lat="51.47267150878906" type="ppla" gazref="unlock:14132302" name="London" conf="2.581688396">London</enamex> in ye tyme.</s> <s id="s30">There was pretty much woods and Lanes through which I passed, and passed by a mer or Lake of water; there are many of these here about, but not going through Ormskerk.</s> <s id="s31">I avoided going by the famous <enamex sw="w6651" long="-82.5211" lat="27.9495" type="other" gazref="unlock:10816734" name="Ad Mer" conf="0.9489247248">Mer</enamex> Called <enamex sw="w6662" long="-85.92073440551758" lat="32.83310508728027" type="water" gazref="unlock:14134890" name="Martin Lake" conf="0.8928267488">Martin</enamex> mer that as ye proverb sayes has parted many a man and his mare-- indeed it being neare evening and not getting a Guide I was a little afraid to go that way it being very hazardous for Strangers to passe by it.</s> <s id="s32">Some part of yt mer one Mr Ffleetewood has been at ye Expence to draine so as to be able to use the ground for tillage, having by trenches and floodgates wth banks shutt out ye waters yt still kept it a marsh and moorish ground, but it was a very great Charge; however it shews by industry and some Expence, if Gentlemen would set about it, Most of ye waste ground thats now a ffenny Moor and Mostly water might be rendered usefull and in a few yeares answere ye first great Charge on it.</s> <s id="s33">Wiggons is another pretty Market town built of stone and brick: here it is that the fine Channell Coales are in perfection-- burns as light as a Candle-- set the Coales together wth some fire and it shall give a snap and burn up light.</s> <s id="s34">Of this <enamex sw="w7616" long="-95.4002172" lat="29.1269106" type="other" gazref="unlock:7425031" name="Coale Dam" conf="0.4166161105">Coale</enamex> they make Saltcellars, Stand Dishes and many boxes and things wch are sent about for Curiositys and sold in <enamex sw="w7730" long="-0.1193526387214661" lat="51.47267150878906" type="ppla" gazref="unlock:14132302" name="London" conf="2.581688396">London</enamex> and are often offered in the Exchange in Company wth white or black marble and most people deceived by them wch have not been in those Countrys and know it, but such persons discover it and will Call for a Candle to trye them whether marble or <enamex sw="w7981" long="-95.4002172" lat="29.1269106" type="other" gazref="unlock:7425031" name="Coale Dam" conf="0.4166161105">Coale</enamex>: its very finely pollished and Lookes much like jett or Ebany wood for wch one might Easily take it when in boxes&amp; c&amp; c.</s> <s id="s35">I bought some of them for Curiosity sake.</s> <s id="s36">2 mile off Wigon towards <enamex sw="w8175" long="-2.554683566093445" lat="53.38736343383789" type="civila" gazref="unlock:14126032" name="Warrington" conf="2.277757561">Warrington</enamex>( wch was some of my way back againe but for ye Curiosity's sake I did,) is the Burning well wch burns like brandy; its a little sorry hole in one of ye grounds 100 yards from ye Road that Comes from <enamex sw="w8385" long="-2.554683566093445" lat="53.38736343383789" type="civila" gazref="unlock:14126032" name="Warrington" conf="2.277757561">Warrington</enamex> to Wiggon just by a hedge or banck, its full of dirt and mud almost but the water Continually bubbles up as if it were a pott boyling wch is the spring or severall springs in that place; Nevertheless I felt ye water and it was a Cold Spring.</s> <s id="s37">Ye man wch shewed it me, wth a dish tooke out a good quantety of ye water and threw away and then wth a piece of Rush he lighted by a Candle yt he brought in a lanthorne, he set ye water in ye well on fire and it burned blewish just like spirits and Continued a good while, but by reason of ye great raines yt ffell ye night before ye spring was weaker and had not thrown off the raine water, otherwise it used to flame all over ye well a good height, now it burnt weaker; at last the wind blew out ye mans Candle and he severall tymes lighted ye bitt of Rush or splinter of wood by ye flame yt burnt in ye well.</s> <s id="s38">This is a little unaccountable; I apprehended its a sort of an unctious matter in ye Earth and soe through its veines the springs run wch Causes it so to burn, for I observed when they dug into ye banche and opened the sort of Clay or mudd, it burnt fiercer and more from ye well.</s> <s id="s39">I returned againe to Wiggon two mile and thence to <enamex sw="w9583" long="-2.700788395198065" lat="53.73570150206997" type="ppl" gazref="unlock:10830" name="Preston" conf="2.038812711">Preston</enamex> and passed by Sr John Bradshaws house wch stood on ye declineing of a hill in ye midst of a fine grove of trees.</s> <s id="s40">Severall fine walkes and Rows of trees thereabout; just in the Road on the banck where on the hedge stood was Errected a high stone pillar Carved and a ball on ye top with an jnscription Cutt on it shewing the Cause of it, being the monument of an officer that in a fight just there, his horse takeing ye hedge and Ditch on some distaste he tooke at ye Gunns and smoake, flung out his sword out of ye scabbard and flung his Master down on ye poynt of it wch ran him through that he dyed and Lyes buried on ye <enamex sw="w10213" long="-2.520771482293367" lat="55.97144262719242" type="ppl" gazref="unlock:11289227" name="Spott" conf="1.1864242">Spott</enamex>.</s></p>
<p><s id="s41"><enamex sw="w10220" long="-2.700788395198065" lat="53.73570150206997" type="ppl" gazref="unlock:10830" name="Preston" conf="2.038812711">Preston</enamex> is reckoned but 12 mile from Wiggon but they Exceed in Length by farre those yt I thought long the day before from Leverpoole; its true to avoid the many <enamex sw="w10382" long="-104.6174633" lat="41.8808036" type="other" gazref="unlock:8571910" name="Mers Hill" conf="0.3326895171">Mers</enamex> and marshy places it was a great Compass I tooke, and passed down and up very steep hills, and this way was good Gravell way; but passing by many very Large arches yt were only single ones but as Large as two great gate wayes, and ye water I went through yt ran under them was so shallow notwithstanding there were Extreme high arches, I enquired the Meaneing and was informed that on great raines those brookes would be swelled to so great a height that unless those arches were so high, noe passing while it were so.</s></p>
<p><s id="s42">They are but narrow bridges for foote or horse and at such floods they are fforced in many places to boate it till they Come to those arches on the great Bridges wch are across their great Rivers; this happens sometymes on sudden great showers for a day or two in ye summer, but ye winter is often or mostly soe that there are deep waters so as not Easily Crossed; but once in 3 or 4 years there is some of those very greate floods I mentioned before, that they are fforced to boate from bridge to bridge wch is little Enough then to secure them.</s> <s id="s43">I passed by at Least half a dozn of these high single arches besides severall great stone Bridges of 4 or 6 arches which are very high also over their greatest rivers.</s> <s id="s44"><enamex sw="w11621" long="-2.700788395198065" lat="53.73570150206997" type="ppl" gazref="unlock:10830" name="Preston" conf="2.038812711">Preston</enamex> stands on a hill and is a very good market town; Satterday is their market wch day I was there and saw it was provided with all sorts of things-- Leather, Corn Coales, butter, Cheese and fruite and garden things: there is a very spacious Market place and pretty Church and severall good houses.</s> <s id="s45">At ye Entrance of ye town was a very good house wch was a Lawyers all stone work 5 windows in ye front and high built according to ye Eastern building near <enamex sw="w12081" long="-0.1193526387214661" lat="51.47267150878906" type="ppla" gazref="unlock:14132302" name="London" conf="2.581688396">London</enamex>; the ascent to ye house was 14 or 15 stone stepps Large and a handsome Court with open jron Pallasadoes in the gate, and on Each side, the whole breadth of ye house, wch discovered the gardens on Each side of the house, neately kept flowers and greens; there was also many steps up to ye house from ye Court-- it was a Compleate building.</s> <s id="s46">There was 2 or 3 more such houses in ye town and Indeed the Generallity of ye buildings, Especially in 2 or 3 of ye great streetes were very handsome, better than in most Country towns and ye streetes spacious and well pitched.</s> <s id="s47">I was about 4 houres going this twelve mile and Could have gone 20 in the tyme in most Countrys, nay by the people of these parts this twelve is as long and as much tyme taken up in going it as to go from thence to <enamex sw="w12871" long="-2.801902525771824" lat="54.04660667916625" type="ppl" gazref="unlock:11190914" name="Lancaster" conf="2.910761038">Lancaster</enamex> wch is 20 mile, and I Can Confirme this by my own Experience for I went to Goscoyne wch is 10 miles and halfe way to <enamex sw="w12998" long="-2.801902525771824" lat="54.04660667916625" type="ppl" gazref="unlock:11190914" name="Lancaster" conf="2.910761038">Lancaster</enamex> in two houres, where I baited, and here it was I was first presented wth ye Clap bread wch is much talked of made all of oates.</s> <s id="s48">I was surprised when the Cloth was Laid, they brought a great Basket such as one uses to undress Children with and set it on the table full of thin waffers as big as Pancakes and drye that they Easily breake into shivers, but Coming to dinner found it to be ye only thing I must Eate for bread.</s> <s id="s49">Ye taste of oate bread is pleasant enough and where its well made is very acceptable, but for ye most part its scarce baked and full of drye flour on ye outside.</s> <s id="s50">Ye description of how its made ought to Come in here but I reserve it to ye place I saw it made at the best way.</s> <s id="s51">As I Come to this place which was much over downs or a <enamex  sw="w13761" name="Too ambigious to allocate">Race ground</enamex> I Came along by some of ye old Picts walls, ye ruines of which here and there remaines in many parts of ye Country.</s> <s id="s52">Gascoyn is a little market town-- one Church in it wch is a mile off from ye town, and ye parish is 8 miles long, which discouraged me in staying there being Satterday night and so pressed on to <enamex sw="w14085" long="-2.801902525771824" lat="54.04660667916625" type="ppl" gazref="unlock:11190914" name="Lancaster" conf="2.910761038">Lancaster</enamex>.</s></p>
<p><s id="s53">I percieve most of ye parishes are a great tract of Land and very Large and also beneficial, for all over Lancastershire the revenues of ye parsonages are Considerable 2 and 300 £ 500 and 800 a piece, ye parson at Liverpoole has 1100 a yeare, and its frequent Everywhere 3 or 400 £.</s> <s id="s54">Thence to <enamex sw="w14387" long="-2.801902525771824" lat="54.04660667916625" type="ppl" gazref="unlock:11190914" name="Lancaster" conf="2.910761038">Lancaster</enamex> town 10 mile more which I Easily Reached in 2 hours and a halfe or 3 hours; I passed through abundance of villages almost at ye End of Every mile, mostly all along Lanes being an Enclosed Country.</s> <s id="s55">They have one good thing in most parts of this principality, or County palatine its rather Called, that at all Cross wayes there are posts wth hands pointing to each road wth ye names of ye great town or market towns that it Leads to, wch does make up for ye Length of ye miles yt strangers may not Loose their Road and have it to goe back againe.</s> <s id="s56">You have a great divertion on this road haveing a pleasing prospect of ye Countrys a great distance round, and see it full of jnclosures and some woods, three miles off ye town you see it very plaine and ye sea, Even ye main ocean; in one place an arm of it Comes up wth in 2 mile of ye town.</s> <s id="s57">Ye River Liene runs by the town and so into ye sea.</s> <s id="s58">Ye situation of <enamex sw="w15303" long="-2.801902525771824" lat="54.04660667916625" type="ppl" gazref="unlock:11190914" name="Lancaster" conf="2.910761038">Lancaster</enamex> town is very good, ye Church neately built of stone, ye Castle wch is just by, both on a very great ascent from ye Rest of ye town and so is in open view, ye town and River Lying Round it beneath.</s> <s id="s59">On ye Castle tower walking quite round by ye battlements I saw ye whole town and river at a view, wch runs almost quite round and returns againe by ye town, and saw ye sea beyond and ye great high hills beyond yt part of ye sea, wch are in <enamex  sw="w15750" name="Large admin unit">Wales</enamex>, and also into <enamex  sw="w15771" name="Large admin unit">Westmoreland</enamex> to the great hills there Called ffurness ffells or hills, being a string of vast high hills together: also into <enamex  sw="w15896" name="Large admin unit">Cumberland</enamex> to ye great hill Called <enamex sw="w15931" long="-3.3293" lat="54.2578" type="manual update" gazref="Norgate_ID_SD135855" name="Black Comb" conf="99992">Black Comb hill</enamex> whence they digg their black Lead and no where Else; but they open ye mine but once in Severall yeares.</s> <s id="s60">I also saw into <enamex  sw="w16067" name="Large admin unit">Yorkshire</enamex>,-- there is Lead, Copper, gold and silver in some of those hills and marble and Christall also.</s></p>
<p><s id="s61"><enamex sw="w16174" long="-2.801902525771824" lat="54.04660667916625" type="ppl" gazref="unlock:11190914" name="Lancaster" conf="2.910761038">Lancaster</enamex> town is old and much decayed: there has been a monastery, the walls of part of it remaine and some of ye Carved stones and ffigures; there is in it a good garden and a pond in it wth a little jsland on wch an apple tree grows-- a Jenitin; and Strawberys all round its Rootes and ye banks of the Little jsle.</s> <s id="s62">There are 2 pretty wells and a vault that Leads a great way under ground up as farre as ye Castle, wch is a good distance.</s> <s id="s63">In the River there are great weres or falls of water made for Salmon ffishing, where they hang their nets and Catch great quantety's of ffish, wch is neare the bridge.</s> <s id="s64">The town seemes not to be much in trade as some others, but the great store of fish makes them Live plentifully as also the great plenty of all provisions.</s> <s id="s65">The streets are some of them well pitched and of a good size; when I came into the town the stones were so slippery Crossing some Channells that my horse was quite down on his nose, but did at length recover himself, and so I was not thrown off or jnjured wch I desire to bless God for, as for the many preservations I mett with.</s> <s id="s66">I Cannot say the town seemes a lazy town and there are trades of all sorts, there is a Large meeteing house, but their minister was but a mean preacher; there are 2 Churches in the town which are pretty near Each other.</s></p>
<p><s id="s67">Thence I went to <enamex sw="w17507" long="-2.73716" lat="54.32385" type="manual_update"  gazref="ZZSH00067" name="Kendal" conf="99991">Kendall</enamex> in <enamex  sw="w17518" name="Large admin unit">Westmoreland</enamex> over steepe stony hills all like Rocks, 6 miles to one Lady <enamex sw="w17591" long="-2.188706003740421" lat="53.55473560667793" type="ppl" gazref="unlock:11218550" name="Middleton" conf="1.95307894">Middleton</enamex>, and by some Gentlemen wch were travelling that way that was their acquaintance, had the advantage of going through her <enamex  sw="w17721" name="Too ambigious to allocate">parke</enamex>, and saved the going Round a bad stony passage.</s> <s id="s68">It was very pleasant under the shade of the tall trees.</s> <s id="s69">It was an old timber house, but the family being from home we had a free passage through it on to the Road againe, much of wch was stony and steep-- far worse than the <enamex sw="w18000" long="-1.095171706031437" lat="50.98885191792722" type="fac" gazref="unlock:11241382" name="Peake Fm" conf="0.8140963435">Peake</enamex> in <enamex  sw="w18009" name="Large admin unit">Darbyshire</enamex>.</s> <s id="s70">This Lady <enamex sw="w18031" long="-2.188706003740421" lat="53.55473560667793" type="ppl" gazref="unlock:11218550" name="Middleton" conf="1.95307894">Middleton</enamex> was a papist and I believe the Gentlemen yt was travelling were too.</s> <s id="s71">Thence to <enamex sw="w18120" long="-2.73716" lat="54.32385" type="manual_update"  gazref="ZZSH00067" name="Kendal" conf="99991">Kendall</enamex> ten mile more, most of ye way was in Lanes when I was out of the stony hills, and then into jnclosed Lands, here in 6 miles to the town you have very Rich good Land Enclosed-- Little round green hills flourishing wth Corn and grass as green and fresh, being in the prime season in July.</s> <s id="s72">There is not much woods but only the hedge rows round the grounds wch Looks very fine.</s> <s id="s73">In these Northern Countyes they have only the summer <enamex sw="w18556" long="0.71667" lat="45.86667" type="other" gazref="unlock:5753233" name="Graine" conf="0.3729747376">Graine</enamex>, as barley, oates, peas, beans, and Lentils, now wheate or Rhye for they are so cold and Late in their yeare they Cannot venture at that sort of tillage, so have none but what they are supplyed out of other Countys adjacent.</s> <s id="s74">The Land seemes here in many places very ffertile; they have much Rhye in <enamex  sw="w18862" name="Large admin unit">Lancashire</enamex> <enamex  sw="w18873" name="Large admin unit">Yorkshire</enamex> and <enamex sw="w18887" long="-2.114699143004987" lat="52.80318774439213" type="ppl" gazref="unlock:11224" name="Stafford" conf="2.012455151">Stafford</enamex> and <enamex sw="w18900" long="-2.721327185630798" lat="52.64655494689941" type="civila" gazref="unlock:14122458" name="Shropshire" conf="1.571173492">Shropshire</enamex> and so Herriford and <enamex sw="w18932" long="-2.200402855873108" lat="52.20364952087402" type="civila" gazref="unlock:14126033" name="Worcestershire" conf="1.633780479">Worcestershire</enamex>, wch I found very troublesome in my journeys, for they would not own they had any such thing in their bread, but it so disagrees wth me as allwayes to make me sick wch I found by its Effects whenever I met wth any, though I did not discern it by the taste; in Suffolke and Norfolke I also met wth it, but in these parts its altogether ye oatbread.</s> <s id="s75"><enamex sw="w19295" long="-2.73716" lat="54.32385" type="manual_update"  gazref="ZZSH00067" name="Kendal" conf="99991">Kendall</enamex> is a town built all of stone, one very broad streete in which is the Market <enamex sw="w19379" long="-91.25001907348633" lat="43.84222030639648" type="ppla" gazref="unlock:14126953" name="La Crosse" conf="1.233985264">Crosse</enamex>; its a goode tradeing town mostly famed for the <enamex sw="w19434" long="-1.300750487819041" lat="52.46500317865793" type="rgn" gazref="unlock:11117287" name="Cottons Furze" conf="1.16385674">Cottons</enamex>: <enamex sw="w19443" long="-2.73716" lat="54.32385" type="manual_update"  gazref="ZZSH00067" name="Kendal" conf="99991">Kendall</enamex> Cotton is used for blanckets and the <enamex  sw="w19488" name="Not a placename">Scotts</enamex> use them for their Plodds and there is much made here and also Linsiwoolseys, and a great deale of Leather and tanned here, and all sorts of Commodityes-- twice a weeke is ye market ffurnished wth all sorts of things.</s></p>
<p><s id="s76">The <enamex sw="w19718" long="0.3702976480221752" lat="51.77779871894531" type="water" gazref="unlock:11256691" name="River Can" conf="1.086672733">River Can</enamex> wch gives name to the town is pretty Large but full of Rocks and stones that makes shelves and falls in the water, its stored wth plenty of good ffish and there are great ffalls of water partly naturall and added to by putting more stones in manner of <enamex sw="w19980" long="-81.8726364" lat="39.281186" type="other" gazref="unlock:7278296" name="Wyers Cemetery" conf="0.4997290202">Wyers</enamex>, at wch they Catch Salmon when they Leape with speares.</s> <s id="s77">The Roaring of ye water at these places sometymes does foretell wet weather; they do observe when the water roares most in the fall on the <enamex sw="w20181" long="-82.437" lat="28.084" type="other" gazref="unlock:10818959" name="Northside Mobile Villa" conf="0.9214660185">Northside</enamex> it will be ffaire, if on the <enamex sw="w20220" long="-81.5581463" lat="30.2982959" type="other" gazref="unlock:6923326" name="Southside Estates" conf="0.7445263218">Southside</enamex> of the town it will be wet.</s> <s id="s78">Some of them are falls as high as a house.</s> <s id="s79">The same observation is at <enamex sw="w20328" long="-2.801902525771824" lat="54.04660667916625" type="ppl" gazref="unlock:11190914" name="Lancaster" conf="2.910761038">Lancaster</enamex> at the Wires where they Catch Salmon; against Stormes or raines it will be turbulent and Rore as may be heard into the town.</s> <s id="s80">There are 3 or 4 good houses in the town, ye rest are like good traders houses very neate and tight.</s> <s id="s81">The streetes are all pitched wch is Extreame Easy to be repaired, for the whole Country is like one Entire Rock or pitching almost all ye Roads.</s> <s id="s82">At the Kings arms, one Mrs Rowlandson, she does pott up the Charr ffish the best of any in the Country: I was Curious to have some and so bespoke some of her, and also was as Curious to see the great water wch is the only place that ffish is to be found in, and so went from <enamex sw="w20984" long="-2.73716" lat="54.32385" type="manual_update"  gazref="ZZSH00067" name="Kendal" conf="99991">Kendall</enamex> to Bondor 6 miles through narrow Lanes, but the Lands in ye jnclosures are Rich.</s> <s id="s83">But here Can be noe Carriages, but very narrow ones like Little wheele-barrows that with a horse they Convey their fewell and all things Else.</s> <s id="s84">They also use horses on which they have a sort of Pannyers some Close, some open, that they strew full of hay turff and Lime and Dung and Every thing they would use, and the reason is plaine, from the narrowness of the Lanes where is good Lands they will Loose as Little as they Can, and where its hilly and stoney no other Carriages Can pass, so they use these horse Carriages, and abundance of horses I see all about <enamex sw="w21635" long="-2.73716" lat="54.32385" type="manual_update"  gazref="ZZSH00067" name="Kendal" conf="99991">Kendall</enamex> streetes with their Burdens.</s> <s id="s85">This <enamex sw="w21677" long="-2.73716" lat="54.32385" type="manual_update"  gazref="ZZSH00067" name="Kendal" conf="99991">Kendall</enamex> is the biggest town and much in ye heart of <enamex  sw="w21729" name="Large admin unit">Westmoreland</enamex>, but <enamex sw="w21747" long="-2.487384668217222" lat="54.57860495430396" type="ppl" gazref="unlock:11062898" name="Appleby-in-Westmorland" conf="2.355850976">Appleby</enamex> 10 mile off is the shire town where the session and assizes are held and is 7 miles to this great Lake Wiandermer or great standing water wch is 10 mile long and near halfe a mile over in some places.</s> <s id="s86">It has many Little hills or jsles in it, one of a great bigness of 30 acres of ground on which is a house, ye Gentleman that is Lord of ye Manour Lives in it-- Sr Christopher Phillips; he has a great Command of ye water and of ye villages thereabout and many Priviledges, he makes a Major or Bailiff of ye place during life; its but a small mean place, Mr Majors was the best Entertaining house where I was.</s> <s id="s87">Ye Isle did not Looke to be so bigg at ye shore, but takeing boate I went on it and found it as large and very good Barley and oates and grass.</s> <s id="s88">The water is very Cleer and full of good ffish, but ye Charr ffish being out of season Could not Easily be taken, so I saw none alive but of other ffish I had a very good supper.</s> <s id="s89">The season of the Charr ffish is between Michaelmas and Christmas; at that tyme I have had of them, wch they pott with sweete spices.</s> <s id="s90">They are as big as a small trout, Rather slenderer and ye skinn full of spotts, some Red like the finns of a Perch and the jnside flesh Looks as Red as any salmon if they are in season; their taste is very Rich and fatt though not so strong or Clogging as the Lamprys are, but its as fatt and Rich a food.</s> <s id="s91">This great water seemes to flow and wane about with ye wind but it does not Ebb and flow Like the sea with the tyde, neither does it run so as to be perceivable, though at ye End of it a Little Rivulet trills from it into the Sea, but it seemes to be a standing Lake Encompassed with vast high hills, yt are perfect Rocks and barren ground of a vast height, from which many Little Springs out of ye Rock does bubble up and descend down and fall into this water.</s> <s id="s92">Notwithstanding great raines ye water does not seem much Encreased though it must be so, then it does draine off more at the End of the Lake.</s> <s id="s93">These hills wch they Call Ffurness Ffells a long Row Continued some miles, and some of them are Called Donum ffells and soe from the places they adjoyne to are named, but they hold the whole length of the water wch is 10 mile; they have fome parts of them that has wayes that they Can by degrees in a Compass ascend them and so they go onward.</s> <s id="s94">In the Countrys, they are fferried over the Lake when they go to market.</s> <s id="s95">On ye other side over those ffells there is a sort of Stones Like Rubbish or Broken pieces of stones, wch Lies about a quarry, that Lies all in the bottom of ye water; where its so shallow as at the shores it is and very Cleer you see the bottom; between these stones are weeds wc grows up, that I had some taken up just Like samfyer and I have a fancy its a sort of sampire that Indeed is gathered in ye Rocks by the sea and water, and this grows in the water but it resembles it in Coullour, ffigure and the taste not much unlike-- it was somewhat waterish.</s> <s id="s96">There was also fine moss growing in the bottom of ye water.</s> <s id="s97">Here it was I saw ye oat Clap bread made.</s> <s id="s98">They mix their flour with water, so soft as to rowle it in their hands into a ball, and then they have a board made round and something hollow in the middle riseing by degrees all round to the Edge a little higher, but so little as one would take it to be only a board warped, this is to Cast out the Cake thinn and so they Clap it round and drive it to ye Edge in a Due proportion till drove as thinn as a paper and still they Clap it and drive it round, and then they have a plaite of jron same size wth their Clap board, and so shove off the Cake on it and so set it on Coales and bake it; when Enough on one side they slide it off and put the other side; if their jron plaite is smooth and they take Care their Coales or Embers are not too hot but just to make it Looke yellow, it will bake and be as crisp and pleasant to Eate as any thing you Can jmagine, but as we say of all sorts of bread there is a vast deal of difference in what is housewifely made and what is ill made, so this if its well mixed and Rowled up and but a little flour on the outside which will drye on and make it mealy is a very good sort of food.</s> <s id="s99">This is the sort of bread they use in all these Countrys, and in <enamex  sw="w26004" name="Large admin unit">Scotland</enamex> they breake into their milk or broth or Else sup that up and bite off their bread between while they spread butter on it and Eate it with their meate.</s> <s id="s100">They have no other Sort of bread unless at market towns and that is scarce to be had unless the market dayes, soe they make their Cake and Eate it presently, for its not so good if 2 or 3 dayes old.</s> <s id="s101">It made me reflect on the description made in Scripture of this Kneeding Cakes and bakeing them on the hearth whenever they had Company Come to their houses, and I Cannot but thinke it was after this manner they made their bread in ye old tymes Especially those Eastern Countryes where their bread might be soone dryed and spoiled.</s> <s id="s102">Their little Carts I was speakeing of they use hereabout, the wheeles are fastned to the axletree and so turn altogether, they hold not above what 5 wheelbarrows would Carry at three or four tymes, which the Girles and Boys and women does go about with drawn by one horse to Carry any thing they want.</s> <s id="s103">Here is a great deal of good grass and Summer Corn and pastures, its Rich Land in the bottoms as one may Call them Considering the vast hills above them on all sides, yet they Contain a number of Lesser hills one below another, so that though at one Looke you think it but a little Land Every body has; Yet it being so full of hills its many acres wch if at Length in a plain would Extend a vast way.</s> <s id="s104">I was about a quarter of an hour in the boate before I reached ye island wch is in the midst of the water so by that you may guesse at the breadth of the water in the whole, they fferry man and horse over it; its sometymes perfectly Calme.</s> <s id="s105">Thence I Rode almost all the waye in sight of this great water, some tymes I lost it by reason of ye great hills interposeing and so a Continued up hill and down hill and that pretty steep, even when I was in that they Called bottoms wch are very rich good grounds, and so I gained by degrees from Lower to higher hills wch I allwayes went up and down before I Came to another hill.</s> <s id="s106">At last I attained to the side of one of these hills or ffells of Rocks, wch I passed on the side much about the Middle, for Looking down to the bottom it was at Least a Mile all full of those Lesser hills and jnclosures, so Looking upward I was as farre from the top which was all Rocks, and something more barren though there was some trees and woods growing in ye Rocks and hanging over all down ye <enamex sw="w28423" long="-2.990087506142731" lat="54.25194957957786" type="ppl" gazref="unlock:11089804" name="Brow Edge" conf="2.416637587">Brow</enamex> of some of the hills.</s> <s id="s107">From these great ffells there are severall springs out of ye Rock that trickle down their sides, and as they meete with stones and Rocks in the way, when something obstructs their passage and so they Come with more violence, that gives a pleaseing sound and murmuring noise.</s> <s id="s108">These descend by degrees at last fall into <enamex sw="w28768" long="-3.222948263035822" lat="54.3397013177194" type="other" gazref="unlock:11207601" name="Low, The" conf="1.789970116">the Low</enamex> grounds and fructifye it wch makes ye Land soe ffruit full in the valleys, and upon those very high ffells or Rocky hills its( though) soe high yet a moorish sort of ground whence they digg abundance of Peat wch they use for their fewell, being in many places a barren ground yeilding noe wood&amp; c.</s> <s id="s109">I rode in sight of this Winander water as I was ascending another of those barren ffells wch though I at last was not halfe way up, yet was an hour going it up and down on the other side, going only on the side of it about ye middle of it, but it was of such a height as to shew one a great deale of ye Country when it happens to be between those hills, Else those interposeing hinders any sight but of ye <enamex sw="w29480" long="-2.411843342259774" lat="54.38262720582438" type="water" gazref="unlock:8771932" name="Clouds Gill" conf="2.134799404">Clouds</enamex>.</s> <s id="s110">I see a good way behind me another of those waters or mers but not very bigge.</s> <s id="s111">These great hills are so full of Loose stones and shelves of Rocks yt its very unsafe to Ride them down.</s></p>
<p><s id="s112">There is good Marble amongst those Rocks.</s> <s id="s113">As I walked down at this place I was walled on both sides by those inaccessible high rocky barren hills wch hangs over ones head in some places and appears very terrible, and from them springs many Little Currents of water from the sides and Clefts, wch trickle down to some Lower part where it runs swiftly over the stones and shelves in the way, wch makes a pleasant Rush and murmuring noise, and Like a snowball is Encreased by Each spring trickling down on either side of those hills, and so descends into the bottoms wch are a moorish ground in wch in many places the waters stand, and so forme some of those Lakes as it did here.</s> <s id="s114">Ye Confluence of all these little springs being gathered together in this lake, wch was soe deep as the Current of water yt passed through it was scarce to be perceived till one Came to the farther End from whence it run a good little River and pretty quick, over wch many bridges are Laid.</s> <s id="s115">Here I Came to villages of sad little hutts made up of drye walls, only stones piled together and ye Roofs of same slatt; there seemed to be little or noe tunnells for their Chimneys and have no morter or Plaister within or without.</s> <s id="s116">For the most part I tooke them at first sight for a sort of houses or Barns to fodder Cattle in, not thinking them to be dwelling houses, they being scattering houses, here one, there another, in some places they be 20 or 30 together; and the Churches the same.</s> <s id="s117">It must needs be very Cold dwellings, but it shews some thing of ye Lazyness of ye people; indeed here and there there was a house plaistered, but there is sad Entertainment-- that sort of Clap bread and butter and Cheese and a Cup of beer all one Can have, they are 8 mile from a market town and their miles are tedious to go both for illness of way and length of ye miles.</s></p>
<p><s id="s118">They reckon it but 8 mile from the place I was at the night before, but I was 3 or 4 hours at Least going it.</s> <s id="s119">Here I found a very good smith to shoe ye horses, for these stony hills and wayes pulls off a shoe presently, and wears them as thinn that it was a Constant Charge to shoe my horses every 2 or 3 dayes, but this smith did shoe them so well and so good shoes yt they held some of the shooes 6 weekes.</s> <s id="s120">Ye stonyness of the wayes all here about teaches them ye art of makeing good shooes and setting them on fast.</s> <s id="s121">Here I crossed one of ye stone bridges yt was pretty Large wch Entred me into Cumberlandshire.</s> <s id="s122">This River together with ye additionall springs Continually running into it all the way from those vaste precipices Comes into a Low place and form a broad water wch is very Cleer and Reaches 7 mile in Length, Uleswater its Called, such another water as that of Wiandermer only that reaches 10 mile in Length, from Amblside to ye sea, and this is but 7 such miles Long.</s> <s id="s123">Its full of such sort of Stones and flatts in the bottom as ye other, neer the brimm where its Shallowe you see it Cleer to ye bottom; this is secured on Each side by such formidable heights as those Rocky ffells in same manner as the other was.</s> <s id="s124">I rode the whole Length of this water by its side, sometyme a Little higher upon the side of the hill and sometyme just by the shore, and for 3 or 4 miles I Rode through a fine fforest or <enamex  sw="w32930" name="Too ambigious to allocate">Parke</enamex> where was deer skipping about and haires, wch by meanes of a good Greyhound I had a Little Course, but we being strangers could not so fast pursue it in the grounds full of hillocks and ffurse and soe she Escaped us.</s> <s id="s125">I observed the boundaries of all these great waters( which are a sort of deep Lakes or kind of standing waters) are those sort of Barren Rocky hills wch are so vastly high.</s> <s id="s126">I Call this a standing water because its not like other great Rivers as ye Trent Severne, <enamex sw="w33416" long="-0.3596921055833155" lat="53.75646176313663" type="ppl" gazref="unlock:9762" name="Kingston Upon Hull" conf="1.410406406">Hull</enamex> or <enamex sw="w33424" long="-0.2985421493649483" lat="51.43580055236816" type="civila" gazref="unlock:14121770" name="Richmond upon Thames" conf="1.633926139">Thames</enamex>&amp; c.</s> <s id="s127">to appear to Run wth a streame or Current, but only as it Rowles from side to side Like waves as the wind moves it; its true at the End of this being a Low fall of Ground it runs off in a Little streame.</s> <s id="s128">There is Exceeding good ffish here and all sorts of provision at ye market towns.</s> <s id="s129">Their market town was Peroth 10 long miles.</s> <s id="s130">A mile or two beyond this <enamex sw="w33791" long="-2.933353248091587" lat="54.56025302065807" type="civil" gazref="unlock:13477559" name="Ullswater Ward" conf="2.179823295">Ullswater</enamex>,-- Tuesday is the market day wch was the Day I came thither.</s> <s id="s131">Its a Long way for ye market people to goe but they and their horses are used to it and go wth much more facility than strangers.</s> <s id="s132">At ye end of this <enamex sw="w34011" long="-2.933353248091587" lat="54.56025302065807" type="civil" gazref="unlock:13477559" name="Ullswater Ward" conf="2.179823295">Ullswater</enamex> is a fine round hill Looked as green and full of wood very pleasant, wth grass and <enamex sw="w34104" long="-73.049116445" lat="47.450078803" type="other" gazref="unlock:5243080" name="Lac Corne" conf="0.5225698233">Corne</enamex> very ffruitefull, and hereabout we Leave these Desart and Barren Rocky hills, not that they are Limitted to <enamex  sw="w34218" name="Large admin unit">Westmoreland</enamex> only for had I gone farther to ye Left hand into <enamex  sw="w34280" name="Large admin unit">Cumberland</enamex> I should have found more such, and they tell me farr worse for height and stony-nesse about <enamex sw="w34383" long="-3.5841" lat="54.549" type="manual_update"  gazref="unlock:4558509" name="Whitehaven" conf="99991">White haven</enamex> side and <enamex sw="w34404" long="-3.356649935752379" lat="54.66186838800157" type="ppl" gazref="unlock:11111547" name="Cockermouth" conf="2.355833756">Cockermouth</enamex>, so yt though both the County's have very good land and fruitfull, so they equally partake of ye bad, though Indeed <enamex  sw="w34532" name="Large admin unit">Westmoreland</enamex> takes it name from its aboundings in springs which distilling itself on Lower ground, if of a spungy soile made it marshy or Lakes, and in many places very fruitfull in summer graine and grasse, but ye northerly winds blow Cold so long on them yt they never attempt sowing their Land with wheate or Rhye.</s> <s id="s133">Ye stones and slatt about Peroth Looked so Red yt at my Entrance into the town thought its buildings were all of brick, but after found it to be the Coullour of the stone wch I saw in the Quarrys Look very Red, their slatt is the same wch Cover their houses.</s> <s id="s134">Its a pretty Large town-- a good Market for Cloth that they spinn in the Country-- hempe and also woolen.</s> <s id="s135">Its a great Market for all sorts of Cattle, meate <enamex sw="w35267" long="-73.049116445" lat="47.450078803" type="other" gazref="unlock:5243080" name="Lac Corne" conf="0.5225698233">Corne</enamex>&amp; c&amp; c.</s> <s id="s136">Here are two Rivers one Called ye Emount wch parts <enamex  sw="w35331" name="Large admin unit">Cumberland</enamex> and <enamex  sw="w35346" name="Large admin unit">Westmoreland</enamex>, wch bridge I should have passed over had I Come the direct <enamex sw="w35419" long="-0.8947436661556825" lat="52.15860272640851" type="ppl" gazref="unlock:25887" name="Roade" conf="1.42006577">Roade</enamex> from <enamex sw="w35430" long="-2.73716" lat="54.32385" type="manual_update"  gazref="ZZSH00067" name="Kendal" conf="99991">Kendall</enamex> to Peroth, but strikeing off to <enamex sw="w35470" long="-2.959272920560253" lat="54.43199742280473" type="ppl" gazref="unlock:11255" name="Ambleside" conf="2.401309089">Ambleside</enamex> to Wiandermer I came another End of ye town.</s> <s id="s137">In this River are greate falls of waters Called Cataracts, by Reason of the Rock and shelves in it wch makes a great noise wch is heard more against foul weathers into the town, though the bridge be halfe a mile out of ye town.</s> <s id="s138">The other River is Called <enamex sw="w35779" long="-82.93544079999999" lat="36.8756476" type="other" gazref="unlock:7048897" name="Louder Creek" conf="0.5913822234">Louder</enamex> wch gives name to Lord Landsdown's house Called <enamex sw="w35834" long="-2.74" lat="54.6071" type="manual update" gazref="Norgate_ID_NY523238" name="Lowther Castle" conf="99992">Louder hall</enamex> wch is four mile from Peroth.</s> <s id="s139">I went to it through fine woods, the front is just faceing the great roade from <enamex sw="w35956" long="-2.73716" lat="54.32385" type="manual_update"  gazref="ZZSH00067" name="Kendal" conf="99991">Kendall</enamex> and Lookes very nobly, wth severall Rows of trees wch Leads to Large jron gates, open barres, into the stable yard wch is a fine building on ye one side of ye house very uniform, and just against it is such another Row of buildings ye other side of ye house Like two wings wch is the offices.</s> <s id="s140">Its built Each Like a fine house jutting out at <enamex sw="w36305" long="1.305431919862235" lat="51.27842565527318" type="ppl" gazref="unlock:11135104" name="Each End" conf="1.169271464">Each End</enamex> and ye middle is wth Pillars, white, and Carvings Like the Entrance of a building.</s> <s id="s141">These are just Equal and alike and Encompass the two sides of the first Court wch Enters, with Large jron gates and jron Palasadoes in the breadth, and then there is an ascent of 15 stone steps turned round, very Large, and on the top Large jron gates pallisad of jron betweene stone pillars, wch runs the breadth of the front.</s> <s id="s142">This Court is with paved walks of broad stone, one broad one to the house, ye other of same breadth runs aCrosse to the stables and offices, and so there is 4 Large Squares of grass in wch there is a large Statue of Stone in the midst of Each, and 4 Little Cupids or Little Boys in Each Corner of the 4 squares.</s> <s id="s143">Then one ascends severall more steps to another <enamex sw="w37085" long="-1.100351630199957" lat="52.18491149409777" type="fac" gazref="unlock:11196120" name="Little Court" conf="0.9965600924">Little Court</enamex> vth open Iron Railes, and this is divided Into severall grass plotts by paved walks of stone to the severall doores, some of wch are straight, others slope: the grass plotts being seven and in Each statue the middlemost is taller than the rest, this is just the front of ye house where you Enter a porch wth Pillars of Lime stone, but ye house is ye Red sort of stone of ye Country.</s> <s id="s144">Below staires you Enter a space that Leads severall wayes to all the offices, and on one side is a Large parlour wch Lookes out on these green plotts wth images.</s> <s id="s145">The staircase very well wanscoated and Carved, at ye top you are Landed into a noble hall very Lofty, the top and sides are exquisitely painted by ye best hand in <enamex  sw="w37806" name="Large admin unit">England</enamex> which did the painting at <enamex sw="w37840" long="-0.6" lat="51.48333" type="manual_update"  gazref="ZZSH00055" name="Windsor" conf="99991">Windsor</enamex>.</s> <s id="s146">The Top is the Gods and goddesses that are sitting at some great feast and a great tribunal before ym; Each Corner is the seasons of the yeare wth the variety of weather <enamex sw="w38019" long="-82.50839999999999" lat="27.9293" type="other" gazref="unlock:10818520" name="Raines" conf="0.9470059035">Raines</enamex> and rainbows, stormy winds, sun shine, snow and frost with multitudes of other fancys and varietyes in painting and Looks very natural-- it Cost 500 £ that roome alone.</s> <s id="s147">Thence into a Dineing room and drawing roome well wanscoated of oake, Large pannells plaine, no frettwork nor Carvings or Glass worke, only in Chimney pieces.</s> <s id="s148">3 handsome Chambers, one scarlet Cloth striped and very fashionably made up, the hangings the same, another flowered Damaske Lined with fine jndian Embroidery, the third Roome had a blew satten bed Embroidered.</s> <s id="s149">In this Roome was very fine orris hangings in wch was much silk and gold and silver; a Little Roome by in wch was a green and white Damaske Canopy bed wch was hung wth some of the same hangings being made for ye Duke of Lortherdale and has his armes in many places-- by his Dying were sold to Lord Landsdon.</s></p>
<p><s id="s150">They Containe a Scottish story of the 4 quarters of the yeare.</s> <s id="s151">The roomes are all well pitched and well ffinished, and many good Pictures of ye family, and severall good fancy's of human and animals, a good gallery so adorned wch Leads to a Closet that Looks into ye <enamex  sw="w39141" name="Too ambigious to allocate">Chappell</enamex>; all things very neate though nothing Extraordy besides ye hall painting.</s> <s id="s152">The Chimney pieces are of a dark Coulld Marble wch is taken out of the ground just by-- its well polished.</s> <s id="s153">There was some few white marble veined, but that is not Dug out of this Country.</s> <s id="s154">The house is a flatt rooffe and stands amidst a wood of Rows of trees, wch wth these statues and those in two gardens on Each side( wch for their walks and plantations is not ffinished but full of Statues) which with the house is so well Contrived to be seen at one view.</s> <s id="s155">Ye Lady Landsdown sent and treated me with a Breakfast, Cold things and sweete meates all served in plaite, but it was so Early in the morning that she being jndisposed was not up.</s> <s id="s156">So I returned back 4 mile to Peroth and Came in sight of Severall Genteele seates or Gentlemens houses, and Came by a Round green spott of a Large Circumfference which they keep Cut round wth a banke round it like a Bench; its story is that it was the table a great Giant 6 yards tall, used to Dine at, and there Entertained anothr of nine yards tall which he afterwards killed; there is the Length in the Church yard how far he Could Leape-- a great many Yards.</s> <s id="s157">There was also on the Church at Peroth a fine Clock wch had severall motions-- there was the Starrs and signes, there was the Encrease and Changes of ye moone, by a <enamex sw="w40496" long="-84.52995300000001" lat="40.2042148" type="other" gazref="unlock:7892073" name="Darke County Airport" conf="0.5526653321">Darke</enamex> and golden side of a Little Globe.</s> <s id="s158">A mile from Peroth in a Low bottom and moorish place stands Mag and her sisters; the story is that these soliciting her to an unlawfull Love by an Enchantment are turned wth her into stone; the stone in the middle wch is Called Mag is much bigger and have some fforme Like a statue or ffigure of a body, but the Rest are but soe many Craggy stones, but they affirme they Cannot be Counted twice alike as is the story of Stonidge, but the number of these are not above 30.</s> <s id="s159">However what the first design of placeing them there Either as a marke of yt sort of moorish Ground or what Else, the thing is not so wonderfull as that of Stonidge, because there is noe such sort of stone in 20 miles off those downs and how they of so vast a bulk and weight should be brought thither, whereas all this Country abounds with Quarrys of stone and its mostly Rocks.</s> <s id="s160">The waye from thence to <enamex sw="w41413" long="-2.923743724822998" lat="54.89435005187988" type="ppla" gazref="unlock:14127466" name="Carlisle" conf="3.068206336">Carlisle</enamex> over much heath where they have many stone Quarrys and Cut much peate and turff wch is their Chief fuel.</s> <s id="s161">Its reckoned but 16 mile from Peroth to <enamex sw="w41567" long="-2.923743724822998" lat="54.89435005187988" type="ppla" gazref="unlock:14127466" name="Carlisle" conf="3.068206336">Carlisle</enamex>, but they are pretty Long, besides my going out of ye waye above 3 or 4 mile wch made it 20.</s> <s id="s162">They were very Long and I was a great while Rideing it.</s> <s id="s163">You pass by the Little hutts and hovels the poor Live in Like <enamex sw="w41787" long="-0.235977388223896" lat="51.47369756001655" type="ppl" gazref="unlock:11070456" name="Barnes" conf="1.439672295">Barnes</enamex>-- some have them daubed wth mud-wall-- others drye walls.</s></p>
<p><s id="s164"><enamex sw="w41854" long="-2.923743724822998" lat="54.89435005187988" type="ppla" gazref="unlock:14127466" name="Carlisle" conf="3.068206336">Carlisle</enamex> stands in view at Least 4 mile distant, ye town is walled in and all built of stone.</s> <s id="s165">The Cathedrall stands high and very Eminent to be seen above ye town.</s> <s id="s166">You Enter over the Bridge and Double gates wch are jron gates and Lined wth a Case of doores of thick timber, there are 3 gates to the town, one Called the English gate at which I entred.</s> <s id="s167">The other the jrish wch Leads on to <enamex sw="w42242" long="-3.574638671553102" lat="54.54261524067765" type="ppl" gazref="unlock:11063" name="Whitehaven" conf="2.809480201">Whitehaven</enamex> and <enamex sw="w42257" long="-3.356649935752379" lat="54.66186838800157" type="ppl" gazref="unlock:11111547" name="Cockermouth" conf="2.355833756">Cockermouth</enamex>, the other ye Scottish gate through which I went into <enamex  sw="w42323" name="Large admin unit">Scotland</enamex>.</s> <s id="s168">The walls of the town and Battlements and towers are in very good <enamex sw="w42399" long="-74.58250222700001" lat="47.116816426" type="other" gazref="unlock:5277329" name="Lac Repaire" conf="0.4090855334">Repaire</enamex> and Looks well.</s> <s id="s169">Ye Cathedrall all built of stone which Looked stately but nothing Curious; there was some few houses as ye Deans and treasurer and some of ye Doctors houses walled in with Little gardens, their fronts Looked Gracefully; Else I saw no house Except the present Majors house of brick and stone, and one house which was ye Chancellors built of stone very Lofty, 5 good sarshe windows in ye front, and this within a Stone walled Garden well kept, and Iron gates to discover it to view with stone Pillars.</s> <s id="s170">Ye streetes are very broad and handsome well Pitched.</s></p>
<p><s id="s171">I walked round the walls and saw the River wch twists and turns itself round the grounds, Called the Emount, wch at 3 or 4 miles off is flowed by the sea.</s> <s id="s172">The other River is the Essex wch is very broad and Ebbs and flows about a mile or two off.</s> <s id="s173">There Remaines only some of the walls and ruines of ye Castle, wch does shew it to have been a very strong town formerly.</s> <s id="s174">The walls are of a prodigious thickness and vast great stones, its moated round and with draw bridges.</s> <s id="s175">There is a Large Market place wth a good Cross and hall, and is well supplyed as I am Informed wth provision at Easye rate, but my Landlady notwithstanding ran me up the Largest Reckoning for allmost nothing, it was ye dearest Lodging I met with and she pretended she Could get me nothing else; so for 2 joynts of mutton and a pinte of wine and bread and beer I had a 12 shilling Reckoning, but since I find though I was in the biggest house in town I was in the worst accomodation, and so found it, and a young giddy Landlady yt Could only Dress fine and Entertain the soldiers.</s></p>
</text>
</document>