<?xml version="1.0" encoding="UTF-8"?><document>

<text id="1881_a"><p><s id="s1">Wanderings In Wordsworthshire.</s>
</p><p><s id="s2">There is a certain section of the English people which, when spring is advancing, begins to think of a" little outing."</s> <s id="s3">" In the spring," the poet tells us," the young man's fancy, lightly turns to thoughts of love"( or" Nancy," as we have heard it quoted).</s> <s id="s4">In like manner many older people turn to thoughts of travel, and seek information according to the mood they are in-- possibly imperative, generally indefinite.</s> <s id="s5">We have seen many lands in our chequered lifetime; but, given only a moderate sum and moderate time, we know of no district which, for a Londoner, can be so pleasantly visited as" Wordsworthshire," the English Lake District.</s> <s id="s6">There we find mountains, small it is true, but beautiful; lakes of contracted dimensions no doubt, but surrounded by exquisite views; we are not chilled in snow nor parboiled by the sun; we need no alpenstock, and scarce a guide by our trusty book.</s> <s id="s7">We can view nature in all her charming moods, petulant, gay, weeping, laughing, in a day.</s> <s id="s8">Nature up the Lakes is certainly apt to be weeping too often, but our experience has been that her charms lie in this diversity of her moods, as Samuel Lover sings,--</s> </p>
<p><s id="s9">" Half sunshine, half tears, Like the girl I love best."</s></p>
<p><s id="s10">We may be old-fashioned, but we must tell those who go to the District that a" doing" of the Lakes by the quickest route is a grave mistake.</s> <s id="s11">To hurry up to <enamex sw="w1409" long="-2.9079" lat="54.376" type="manual_update"  gazref="unlock:10204" name="Windermere" conf="99991">Windermere</enamex>, and by coach to <enamex sw="w1437" long="-3.125370693283439" lat="54.60160037173823" type="ppl" gazref="unlock:10824" name="Keswick" conf="2.6">Keswick</enamex>, see <enamex sw="w1450" long="-3.1588" lat="54.6018" type="other" gazref="unlock:5828527" name="Derwentwater Hotel" conf="2">Derwentwater</enamex> and return, is not seeing the Lakes.</s> <s id="s12">They should be enjoyed--" taken in at the pores," as Joey <enamex sw="w1561" long="-1.318520521383275" lat="51.30512982254338" type="mtn" gazref="unlock:11189845" name="Ladle Hill" conf="1.083111905">Ladle</enamex> says.</s> <s id="s13">No hurry-skurry will suit" Wordsworthshire."</s> <s id="s14">Such people as we refer to - and we have met many in our pedestrian excursions - will tell you that it always rains in <enamex  sw="w1737" name="Large admin unit">Westmoreland</enamex>.</s> <s id="s15">It is probably beautiful before they are out of bed, and lovely in the sunset glow while they doze after dinner.</s></p>
<p><s id="s16">To see the Lakes, go afoot.</s> <s id="s17">Take an umbrella and stout boots, a haversack and waterproof; send on your portmanteau by coach or rail, and walk like a Briton-- with your wife, if you have one.</s> <s id="s18">I speak from happy experience.</s> <s id="s19">" What man has done man may do," and( in this age of" rights" more particularly) we may apply the saying to women.</s> <s id="s20">Then afoot we will go, and you may depend upon your present guide, who has" tramped over moss and fell" many a summer day in the Lake District.</s></p>
<p><s id="s21">There would be nothing easier than to extend this article to very large dimensions by long" Recollections" of" Christopher North," Wordsworth, <enamex  sw="w2490" name="Not a placename">Coleridge</enamex>, <enamex  sw="w2501" name="Not a placename">Southey</enamex>, and the poet Close, who," if he's not gone, is living there still," like the eldery lade of our youthful days," under the hill."</s> <s id="s22">We can quote Wordsworth and Harriet Martineau, we can fill half - a-column with the tumbledown falls of <enamex sw="w2741" long="-3.13662933748405" lat="54.55627196668239" type="water" gazref="unlock:11204948" name="Lodore Falls" conf="2.4">Lodore</enamex>, after <enamex  sw="w2755" name="Not a placename">Southey</enamex>, and chat with De Quincey and Wilson, the" North" aforesaid.</s> <s id="s23">But we wish rather to look again at the Lakes as we have seen them, and while indicating spots associated with the poets and celebrated ones of the past and tracing their footsteps in the" sands of time," we would rather take the present in the foreground, leaving the" <enamex sw="w3094" long="-0.5119025971376117" lat="54.29577665747411" type="water" gazref="unlock:8772683" name="Back Race" conf="1.220770523">Race</enamex> of Giants," as Professor Wilson called the mountains, to fill in our picture.</s></p>
<p><s id="s24">The best time to go to the Lakes and the best way to go are questions which are always asked and never satisfactorily answered.</s> <s id="s25">Our advice is to go when you can, except in mid-winter( unless there is skating on <enamex sw="w3388" long="-3.1588" lat="54.6018" type="other" gazref="unlock:5828527" name="Derwentwater Hotel" conf="2">Derwentwater</enamex>), and in any direction you fancy.</s> <s id="s26">You ca n't go far wrong, and that's a comfort.</s> <s id="s27">If there be a choice we should say, enter the District via <enamex sw="w3540" long="-2.801902525771824" lat="54.04660667916625" type="ppl" gazref="unlock:11190914" name="Lancaster" conf="3.100684626">Lancaster</enamex>, <enamex sw="w3551" long="-2.92160766030129" lat="54.18534760100247" type="ppl" gazref="unlock:10557" name="Grange-Over-Sands" conf="2.6">Grange</enamex>, and <enamex sw="w3563" long="-3.205728845294711" lat="54.27695240936971" type="ppl" gazref="unlock:11089765" name="Broughton in Furness" conf="2.581169039">Furness</enamex> Abbey, and come out by <enamex sw="w3594" long="-2.9079" lat="54.376" type="manual_update"  gazref="unlock:10204" name="Windermere" conf="99991">Windermere</enamex>.</s> <s id="s28">We do not lay this route down as a challenge, we merely give it expression.</s> <s id="s29">If the tourist leave <enamex sw="w3703" long="0.7882384625458971" lat="52.37620623799812" type="ppl" gazref="unlock:31054" name="Euston" conf="1.289206285">Euston</enamex> on Saturday night he will confess we are right, and for this reason: he will have a less crowded train, for no Scotch passengers are carried so late on Saturday, and he will be able to remain quietly at <enamex sw="w3913" long="-3.205728845294711" lat="54.27695240936971" type="ppl" gazref="unlock:11089765" name="Broughton in Furness" conf="2.581169039">Furness</enamex> on Sunday, to gather strength for the toil of the coming week.</s></p>
<p><s id="s30">A Sunday passed in quiet contemplation at <enamex sw="w4026" long="-3.201549006999698" lat="54.13316968437257" type="fac" gazref="unlock:11148990" name="Furness Abbey" conf="2.121161037">Furness Abbey</enamex>, if the day be fine-- and we have always been fortunate in that respect-- will prove a lasting remembrance.</s> <s id="s31">You will probably arrive at 5 a.m. and go to bed.</s> <s id="s32">But a few hours' sleep will refresh you, and the songs of the birds in the fine trees all round the hotel will awake you, and the glimpse of the most picturesque ruin in <enamex  sw="w4374" name="Large admin unit">England</enamex>, save, perhaps," Fountains," will call you out of bed.</s> <s id="s33">After breakfast, service, and after church a long afternoon in the abbey.</s></p>
<p><s id="s34">It will be well spent in this" Valley of the Deadly Nightshade," ominous as the title is.</s> <s id="s35">Founded in 1127 by Stephen," afterwards" King, as the play-bills write it, the <enamex  sw="w4680" name="Too ambigious to allocate">Cistercian Monastery</enamex> was a very powerful one.</s> <s id="s36">It is beautifully situated in the midst of fertile meadows and surrounded by woods; a trout-stream, now sans trout, runs gently by the ruins, babbling in its old age of the days gone by when it was a bigger stream and of great consequence.</s> <s id="s37">No people had such taste, no people had such an eye for effect and for the effect upon Number One, as the monks of old! The situations of the numerous ruins of their establishments testify to their love of the picturesque and of plentiful seclusion, as they took care</s></p>
<p><s id="s38">" To live on the daintiest cheer"</s></p>
<p><s id="s39">furnished by <enamex sw="w5280" long="-3.205728845294711" lat="54.27695240936971" type="ppl" gazref="unlock:11089765" name="Broughton in Furness" conf="2.581169039">Furness</enamex>, or by the wood and water surrounding the district.</s></p>
<p><s id="s40">The abbot was a great man in the days of old.</s> <s id="s41">He possessed almost regal authority within the lordship of <enamex sw="w5445" long="-3.205728845294711" lat="54.27695240936971" type="ppl" gazref="unlock:11089765" name="Broughton in Furness" conf="2.581169039">Furness</enamex>, which included a large tract of country from <enamex sw="w5499" long="-2.9079" lat="54.376" type="manual_update"  gazref="unlock:10204" name="Windermere" conf="99991">Windermere</enamex> and <enamex sw="w5514" long="-3.051865815747152" lat="54.42093505077031" type="ppl" gazref="unlock:34442" name="Little Langdale" conf="2.6">Langdale</enamex> to the sea.</s> <s id="s42">The abbots did as they pleased till the" Great Harry" put an extinguisher upon them, and so cooled the warmest adherents of <enamex sw="w5659" long="-3.205728845294711" lat="54.27695240936971" type="ppl" gazref="unlock:11089765" name="Broughton in Furness" conf="2.581169039">Furness</enamex>.</s> <s id="s43">The last abbot retired upon a pension, and no doubt died in the odour of sanctity.</s> <s id="s44">Could the worthy monks now revisit their favourite haunts they would find things slightly changed; the locomotive would, we think, call for a considerable expenditure of holy water.</s></p>
<p><s id="s45">Every guide-book describes the Abbey, and like most abbeys it will" grow upon" the attention.</s> <s id="s46">Picture the olden times, mark the enormous extent of the building, the beautiful arches, the pillars, the gateways, and all the architectural beauties of cloister and chapel.</s> <s id="s47">Sit quietly down and think this Sunday morning of all that has passed within these massive walls, the incense rolling heavenward with the chants of monkish devotion, the penances, the scourgings, it may be the sins that were committed and repented of in this quiet and lonely spot," far from the madding crowd."</s> <s id="s48">Think of all these things; the ruins have survived them all! The cold and senseless stone has long outlived the builder, made in the image of his Creator.</s> <s id="s49">Dust to dust! Yet the ruin lives, and speaks to all who care to question it of its glory long departed.</s></p>
<p><s id="s50">Such thoughts as these are not unfitted for our day of rest, and all will take leave of the Abbey with regret.</s> <s id="s51">Next morning we are up betimes to take another look, and then the train will carry us to <enamex sw="w6973" long="-2.96495694909774" lat="54.26698463408014" type="ppl" gazref="unlock:32206" name="Newby Bridge" conf="2.6">Newby Bridge</enamex> by <enamex sw="w6989" long="-2.93438" lat="54.37296" type="manual_update"  gazref="Norgate_ID_SD402977" name="Winderemere (Lake)" conf="99991">Windermere Lake</enamex> for <enamex sw="w7009" long="-2.915738676011205" lat="54.36040070757029" type="ppl" gazref="unlock:11084353" name="Bowness-On-Windermere" conf="2.6">Bowness</enamex>, or( if we prefer it) <enamex sw="w7039" long="-3.005216563799839" lat="54.24283559423841" type="ppl" gazref="unlock:11207661" name="Low Wood" conf="2.6">Low Wood</enamex> at the farther end which we reach by steamer.</s> <s id="s52">At present we are inclined to put up at the" <enamex sw="w7139" long="-2.9222" lat="54.3641" type="other" gazref="unlock:10717674" name="macdonald old england spa" conf="2">Old England</enamex>" Hotel at <enamex sw="w7161" long="-2.915738676011205" lat="54.36040070757029" type="ppl" gazref="unlock:11084353" name="Bowness-On-Windermere" conf="2.6">Bowness</enamex>, and in the trim gardens we can have a game of lawn-tennis while luncheon is made ready.</s> <s id="s53">On this occasion we are four in party, and after luncheon we think we will hire a boat, hot though the day is, and pull gently across <enamex sw="w7392" long="-2.9079" lat="54.376" type="manual_update"  gazref="unlock:10204" name="Windermere" conf="99991">Windermere</enamex> to the old ferry.</s> <s id="s54">It is a lovely day.</s> <s id="s55">Scarce a cat's paw ripples the glassy surface as we push gently forth, the light boat dividing the water with a pleasant soothing murmur of breaking bubbles, as we pass over the lake.</s> <s id="s56">We were delighted, and vowed that wet weather in the Lakes was at any rate only a probability.</s> <s id="s57">The idea of any one bringing an umbrella except to keep the sun off! What's that?</s> <s id="s58">Thunder?</s> <s id="s59">Well, it was like it.</s> <s id="s60">" But it cannot be," says one of the party;" there is no cloud."</s> <s id="s61">We went on.</s> <s id="s62">Soon some cloud-tendrils pushed themselves over the hills at the end of the lake, and gripped the rocks tightly, lifting great masses of cumuli after them.</s> <s id="s63">Here it comes.</s> <s id="s64">The gusts of wind now race headlong down the gullies, and skate over the lake, tearing up the foam and waves.</s> <s id="s65">" Pull under the lee of the island, quick."</s> <s id="s66">A flash-- a rattling peal is echoed from the" Pikes," and back again.</s> <s id="s67">Ere it has ceased, another gleam, and a great dash of rain; then another and a lesser roar.</s> <s id="s68">The clouds limber up, and Heaven's artillery goes over beyond <enamex sw="w8460" long="-2.9079" lat="54.376" type="manual_update"  gazref="unlock:10204" name="Windermere" conf="99991">Windermere</enamex>, and soon the sun has it all his own way again.</s> <s id="s69">Yes; there is wet weather up in <enamex  sw="w8551" name="Large admin unit">Cumberland</enamex>, no doubt.</s></p>
<p><s id="s70">Still, it was a glorious day, and we could sing with the poet of the Lakes--</s> </p>
<p><s id="s71">" Our pastime was, on bright half - holidays, To sweep along the plain of <enamex sw="w8724" long="-2.9079" lat="54.376" type="manual_update"  gazref="unlock:10204" name="Windermere" conf="99991">Windermere</enamex> With rival oars."</s></p>
<p><s id="s72">These rival oars were with us no fiction either.</s> <s id="s73">It has been before stated that we were four in party, and it subsequently in the evening occurred to one of the men( there were three) to ask the single lady to" come for a row" in the twilight.</s> <s id="s74">There was no objection made, and this couple proceeded to drift about in real romantic style.</s> <s id="s75">The others, driven to despair and tobacco, also hired a skiff, and meanly haunted the track of the pair; yet stopped entranced, to listen to a song she sang amid the silence of the stars.</s> <s id="s76">The gentle breeze drifted the boats along.</s> <s id="s77">The hotel hung out its lights, and then all obeyed the signal to turn in.</s></p>
<p><s id="s78">Wanderers as we were, it did not matter whither we directed our steps.</s> <s id="s79">We were all good pedestrians, and walking in moderation was resolved upon.</s> <s id="s80">It was at length decided that <enamex sw="w9572" long="-3.02591946706321" lat="54.45838873427238" type="ppl" gazref="unlock:11158165" name="Grasmere" conf="2.6">Grasmere</enamex> should be out next stopping place.</s> <s id="s81">I think the lake and the evening light were powerful attractions for two of our party-- and brothers are indulgent to an only sister.</s> <s id="s82">At any rate we took steamer to <enamex sw="w9784" long="-2.960419711215013" lat="54.4210900343525" type="ppl" gazref="unlock:31457" name="Waterhead" conf="2.6">Waterhead</enamex>, and while the two most interested managed to" take care of the luggage," and proceed by coach to the" Prince of Wales" Hotel, the other two walked by the very pretty road to <enamex sw="w9969" long="-3.020752642" lat="54.44328602" type="manual_update"  gazref="ZZSH00054" name="Red Bank" conf="99991">Red Bank</enamex>, by <enamex sw="w9982" long="-2.993866462466064" lat="54.44746550347175" type="water" gazref="unlock:8796733" name="Rydal Water" conf="2.4">Rydal Water</enamex>.</s></p>
<p><s id="s83">This is a charming stroll, and well worth the time expended; the distance and fatigue are nil.</s> <s id="s84">Proceeding by the road to the elft, and crossing <enamex sw="w10139" long="-2.9693" lat="54.4265" type="manual update" gazref="Norgate_ID_NY37210388" name="Rothay Bridge" conf="99992">Rothay Bridge</enamex>, the pedestrian will see a gate opposite, leading apparently into private grounds.</s> <s id="s85">But enter boldly, and a beautiful part-like road will be traversed.</s> <s id="s86">We may pause awhile on the bridge to note the Rothay and the Brathay, twin streams, in which the char and trout divide-- one fish ascending one and the other the other river.</s> <s id="s87">We think perchance of <enamex sw="w10504" long="-2.959272920560253" lat="54.43199742280473" type="ppl" gazref="unlock:11255" name="Ambleside" conf="2.6">Ambleside</enamex>, which we hope to visit again, and of Harriet Martineau and her charming residence," <enamex sw="w10599" long="-0.6778100733898417" lat="51.63239288464108" type="fac" gazref="unlock:11189236" name="Knoll, The" conf="1.00156525">The Knoll</enamex>."</s> <s id="s88">As we turn our faces <enamex sw="w10632" long="-2.98206973035289" lat="54.44823197501312" type="ppl" gazref="unlock:15013" name="Rydal" conf="2.6">Rydal</enamex> Ward we pass a series of pretty houses embosomed in evergreens and with beautiful gardens.</s> <s id="s89">The peacefulness of these retreats is enviable, and we think we should like to live out our lives in such a spot as this.</s> <s id="s90">On our way to <enamex sw="w10865" long="-3.02591946706321" lat="54.45838873427238" type="ppl" gazref="unlock:11158165" name="Grasmere" conf="2.6">Grasmere</enamex> we pass <enamex sw="w10882" long="-3.450605990407781" lat="54.68774566691986" type="fac" gazref="unlock:11147553" name="Fox House Fm" conf="2.097387345">Fox House</enamex>, at one time the residence of Doctor Arnold, on the right; and <enamex sw="w10955" long="-2.98" lat="54.4483" type="manual update" gazref="Norgate_ID_NY36550632" name="Rydal Hall" conf="99992">Rydal Hall</enamex> and <enamex sw="w10970" long="-2.97943049851992" lat="54.44978599662359" type="fac" gazref="unlock:11275810" name="Rydal Mount" conf="2.2">Rydal Mount</enamex> are prominent.</s> <s id="s91">These two last mentioned are celebrated; one as the seat of the <enamex  sw="w11061" name="Not a placename">Flemings</enamex>, and the other as the residence of Wordsworth.</s></p>
<p><s id="s92"><enamex sw="w11117" long="-2.97943049851992" lat="54.44978599662359" type="fac" gazref="unlock:11275810" name="Rydal Mount" conf="2.2">Rydal Mount</enamex> is an unpretending edifice, wreathed with ivy and creepers--</s> </p>
<p><s id="s93">"... Mid cliff and stream and cultured rose, In love with nature's self, and she with thee."</s></p>
<p><s id="s94">as Mrs. Sigourney writes apropos of Wordsworth's residence.</s></p>
<p><s id="s95">But our present walk will not lead us to the poet's house.</s> <s id="s96">We continue our way as far as <enamex sw="w11435" long="-2.9792" lat="54.4449" type="manual update" gazref="Norgate_ID_NY36600594" name="Pelter Bridge" conf="99992">Pelter Bridge</enamex>, and then turn up the rugged footpath to the left.</s> <s id="s97">Mounting for a little time, we suddenly come in full view of <enamex sw="w11561" long="-2.993866462466064" lat="54.44746550347175" type="water" gazref="unlock:8796733" name="Rydal Water" conf="2.4">Rydal Water</enamex>, its tiny island reflected in the glassy surface.</s> <s id="s98">To suddenly rise up and get such a beautiful view is well worth the little trouble, and this prospect from <enamex sw="w11730" long="-3.009831197912694" lat="54.43155875017555" type="water" gazref="unlock:11206668" name="Loughrigg Tarn" conf="2.4">Loughrigg</enamex> is far <enamex sw="w11747" long="-4.99258216412324" lat="54.99219438715534" type="water" gazref="unlock:8788263" name="Lake Superior" conf="0.9476096128">superior</enamex> to the views of the Lake from the coach road opposite.</s></p>
<p><s id="s99">Proceeding straight forward, skirting the Lake, and then bearing slightly to the left, the pedestrian will soon reach <enamex sw="w11929" long="-3.020752642" lat="54.44328602" type="manual_update"  gazref="ZZSH00054" name="Red Bank" conf="99991">Red Bank</enamex>, and from the elevated path will look down upon <enamex sw="w11986" long="-3.02591946706321" lat="54.45838873427238" type="ppl" gazref="unlock:11158165" name="Grasmere" conf="2.6">Grasmere</enamex>.</s> <s id="s100"><enamex sw="w11996" long="-3.010052272531424" lat="54.4405454128785" type="mtn" gazref="unlock:11206667" name="Loughrigg Fell" conf="2.4">Loughrigg Fell</enamex> rises steeply, musical with rippling streams, high on the left.</s> <s id="s101">The ascent can be made without any difficulty, though there are many damp spots to be avoided.</s> <s id="s102">From <enamex sw="w12175" long="-3.020752642" lat="54.44328602" type="manual_update"  gazref="ZZSH00054" name="Red Bank" conf="99991">Red Bank</enamex> ordinary people will walk on, taking the road to the right through <enamex sw="w12251" long="-3.02591946706321" lat="54.45838873427238" type="ppl" gazref="unlock:11158165" name="Grasmere" conf="2.6">Grasmere</enamex> all round the Lake; the knowing ones, who wish to avoid so long a walk by which nothing is gained, will have desired a boat from the Hotel opposite to come across and pick them up on the strand at the foot of <enamex sw="w12469" long="-3.020752642" lat="54.44328602" type="manual_update"  gazref="ZZSH00054" name="Red Bank" conf="99991">Red Bank</enamex>.</s> <s id="s103">When two of the party are given to boating in a" pair," this is not difficult.</s> <s id="s104">It saves time, and brings one" within a measurable distance of the civil war" of knives and forks, and the artillery of Bass and Co's bottles.</s></p>
<p><s id="s105">One is apt to whistle or hum a very popular air upon entering the hotel, for the arrangements of the" Prince of Wales" are very excellent.</s> <s id="s106">I have frequently put up there, and can speak from experience, but they do not know my name, and therefore this testimony need not be accepted as in any way interested.</s> <s id="s107"><enamex sw="w13009" long="-3.02591946706321" lat="54.45838873427238" type="ppl" gazref="unlock:11158165" name="Grasmere" conf="2.6">Grasmere</enamex>-- or rather this hotel-- is a most charming head-quarters, and we had many wanderings in the neighbourhood.</s></p>
<p><s id="s108">Of course we had a boat after dinner that evening, and the stillness and charm of the night are quite beyond description.</s> <s id="s109">The shadows of the hills were as sharply defined in the clear water as in a picture.</s> <s id="s110">The light very reluctantly quitted the sky; the purple mountains, the pale blue firmament in which bright diamond points glittered one by one to see themselves reflected in the darkening water-- all were lovely and soothing.</s> <s id="s111">The curling smoke from our cigars or pipes ascended, and once more the clear soprano voice arose, this time with the cheery notes of" Twickenham Ferry," as we gently sculled in unison.</s></p>
<p><s id="s112">At lenght the song died away; the boat's head was put about, and we left <enamex sw="w13825" long="-3.0216" lat="54.45" type="manual_update"  gazref="Geoname_ID_6956554" name="Grasmere Water" conf="99991">Grasmere Lake</enamex> to the shadows and the stars...</s></p>
<p><s id="s113"><enamex sw="w13871" long="-3.02591946706321" lat="54.45838873427238" type="ppl" gazref="unlock:11158165" name="Grasmere" conf="2.6">Grasmere</enamex>, or <enamex sw="w13884" long="-3.0252" lat="54.4584" type="manual update" gazref="Geoname_ID_2648201" name="Grasmere" conf="99992">Grismere</enamex>, received its name from the grise, or wild swine, with which this district formerly abounded, and not from the grassy-mere, for originally the word was never written <enamex sw="w14059" long="-3.02591946706321" lat="54.45838873427238" type="ppl" gazref="unlock:11158165" name="Grasmere" conf="2.6">Grasmere</enamex>.</s> <s id="s114">That the name was derived from the Swinish may be accepted as certain, as <enamex sw="w14143" long="-2.896687262" lat="54.55211784" type="manual update" gazref="ZZSH00118" name="Boredale" conf="99992">Boardale</enamex>, <enamex sw="w14153" long="-3.012937342451819" lat="54.55737075303468" type="mtn" gazref="unlock:11295036" name="Stybarrow Dodd" conf="2.4">Stybarrow</enamex>, <enamex sw="w14164" long="-2.342892021320547" lat="54.33192813067511" type="ppl" gazref="unlock:35064" name="Grisedale" conf="2.547773332">Grisedale</enamex>,&amp; c., still witness, and," please the pigs," will long continue so.</s> <s id="s115"><enamex sw="w14242" long="-3.02591946706321" lat="54.45838873427238" type="ppl" gazref="unlock:11158165" name="Grasmere" conf="2.6">Grasmere</enamex> is full of interest, and we devoted some time to it.</s> <s id="s116">There are numerous charming excursions, but as we are not writing a guide-book, we will only say that we did, and leave others to follow us or not, as they may be advised.</s> <s id="s117">The little excursion to <enamex sw="w14500" long="-3.072427712902664" lat="54.46697348382565" type="water" gazref="unlock:11135517" name="Easedale Tarn" conf="2.4">Easedale Tarn</enamex> is a pleasant way of spending an afternoon.</s> <s id="s118">But our first visit in the neighbourhood was to the church, for there, or rather in the churchyard, was Wordsworth buried.</s> <s id="s119">He had occupied a house at <enamex sw="w14708" long="-2.78764996061143" lat="54.10063406112774" type="ppl" gazref="unlock:11082638" name="Bolton Town End" conf="2.6">Town End</enamex> for many years, which residence he afterwards vacated for De Quincey.</s> <s id="s120">The epitaph in the church is by the reverend author of the" Christian Year," and all details concerning the monuments and the hallowed resting-places of the poet and his family, and <enamex  sw="w14969" name="Not a placename">Hartley</enamex> Coleridge, we must pass by with this mere reference.</s></p>
<p><s id="s121">Now off to <enamex sw="w15041" long="-3.072427712902664" lat="54.46697348382565" type="water" gazref="unlock:11135517" name="Easedale Tarn" conf="2.4">Easedale Tarn</enamex>; and here again we noticed a strong disposition on the part of two of our companions to" pair."</s> <s id="s122">They had already in the interval between coming downstairs and the somewhat tardy appearance of breakfast strolled off to the <enamex sw="w15277" long="-3.0144" lat="54.4496" type="manual_update"  gazref="Norgate_ID_NY34320650" name="Wishing Gate" conf="99991">Wishing</enamex> Gate, and no doubt read the lines tête - à-tête--</s> </p>
<p><s id="s123">" Yes, even the stranger from afar, Reclining on the moss-grown bar"--</s> </p>
<p><s id="s124">and remembered that</s></p>
<p><s id="s125">" Hope rules a land for ever green.</s> <s id="s126">All powers that serve that bright-eyed queen, Are confident and gay.</s> <s id="s127"><enamex sw="w15531" long="-2.411843342259774" lat="54.38262720582438" type="water" gazref="unlock:8771932" name="Clouds Gill" conf="2.378597831">Clouds</enamex> at her bidding disappear.</s> <s id="s128">Points she to aught?</s>  <s id="s129">-- the bliss draws near, And fancy smooths the way."</s></p>
<p><s id="s130">No doubt the whole poem from a guidebook of the period was read, but personally I doubt whether they wished half as sincerely as the others who were waiting breakfast and wishing fervently for their return.</s></p>
<p><s id="s131">When they did stroll in unconsciously and wondering why we had waited, the truly innocent faces were a study-- but any reference to the wishing-gate subsequently brought forth a conscious look that was amusing.</s></p>
<p><s id="s132">Under these circumstances the elders of the party who had compassion upon the young people, proposed a slight alteration in the arrangements.</s> <s id="s133">It was suggested that the walkers should go up to <enamex sw="w16253" long="-3.06846230620796" lat="54.47455704420266" type="water" gazref="unlock:8786268" name="Far Easedale Gill" conf="2.4">Easedale</enamex> and beyond across the <enamex sw="w16284" long="-3.118464887566315" lat="54.45756762847756" type="mtn" gazref="unlock:11191353" name="Langdale Pikes" conf="2.4">Langdale Pikes</enamex>, and so round to <enamex sw="w16316" long="-3.02591946706321" lat="54.45838873427238" type="ppl" gazref="unlock:11158165" name="Grasmere" conf="2.6">Grasmere</enamex> again by Dungeon Gill and the high road.</s> <s id="s134">The younger ones were thus permitted to return alone to the hotel, on condition that they met the others with the boat, as on the previous day.</s></p>
<p><s id="s135">So we started up to <enamex sw="w16530" long="-3.072427712902664" lat="54.46697348382565" type="water" gazref="unlock:11135517" name="Easedale Tarn" conf="2.4">Easedale Tarn</enamex>.</s> <s id="s136">The way is easy to find, and the distance is close upon three miles.</s> <s id="s137">Ponies can be taken, that is if they will go.</s> <s id="s138">We hired one, but he was so dreadfully" rough" that the fair rider was fain to dismount, and the animal was sent back in disgrace.</s> <s id="s139">I thought I perceived a lurking smile upon his countenance, and I am sure I detected a wink at the boy who was leading him, as the pair started for the hotel.</s> <s id="s140">We wondered whether this was an understood arrangement between the boy and the horse, after a certain distance had been traversed.</s></p>
<p><s id="s141">We followed the second turning to the left as directed, and arrived at a pretty little bridge, we crossed it, and then walked through fields, by the stream all the way.</s> <s id="s142">It is certainly a charming excursion and no one should miss it.</s> <s id="s143">On previous occasions we had come in the reverse direction over <enamex sw="w17378" long="-2.872764887218234" lat="55.23254273841246" type="other" gazref="unlock:11245240" name="Pikes, The" conf="0.7158141422">the Pikes</enamex> from <enamex sw="w17393" long="-3.051865815747152" lat="54.42093505077031" type="ppl" gazref="unlock:34442" name="Little Langdale" conf="2.6">Langdale</enamex>.</s> <s id="s144">This time our experience was different.</s> <s id="s145">A good-looking waterfall, termed Sour Milk Force, is seen as one ascends.</s> <s id="s146">The scenery all around is wild and very beautiful, and fortunately the day was delightful.</s> <s id="s147">Fine clouds at a good elevation swept across the sun occasionally, and gave us a pleasant respite from this heat.</s></p>
<p><s id="s148">We reached <enamex sw="w17733" long="-3.072427712902664" lat="54.46697348382565" type="water" gazref="unlock:11135517" name="Easedale Tarn" conf="2.4">Easedale Tarn</enamex> at length, and found the man in the hut with his visitor's book and his stumpy pen, and his light refreshments as of old.</s> <s id="s149">We found the record of our former excursion thither, when a certain person of the party accompanied by another of the opposite sex, hired the boat and rowed about the lake, after a long ramble across the <enamex sw="w18073" long="-3.118464887566315" lat="54.45756762847756" type="mtn" gazref="unlock:11191353" name="Langdale Pikes" conf="2.4">Langdale Pikes</enamex>.</s> <s id="s150">On this present occasion, the" pair" took possession of the boat, and as we walked on towards <enamex sw="w18183" long="-3.10304097696897" lat="54.45770939997526" type="water" gazref="unlock:11292038" name="Stickle Tarn" conf="2.4">Stickle Tarn</enamex> and <enamex sw="w18200" long="-2.872764887218234" lat="55.23254273841246" type="other" gazref="unlock:11245240" name="Pikes, The" conf="0.7158141422">the Pikes</enamex>, we could see him sculling gently about, while she leant forward to catch the" sweet words."</s> <s id="s151">We waved them an adieu, and then we set our faces for the hills.</s></p>
<p><s id="s152">We kept directly up the face of the hill, and found the ground very wet in places, but without any great difficulty we got to the top and to <enamex sw="w18509" long="-3.10304097696897" lat="54.45770939997526" type="water" gazref="unlock:11292038" name="Stickle Tarn" conf="2.4">Stickle Tarn</enamex>, which lies under a beautiful precipice that is very imposing.</s> <s id="s153">We climbed to the top of the Pike, and crossing more wet ground got a lovely view over the mountains and into <enamex sw="w18695" long="-3.0642" lat="54.4469" type="manual update" gazref="Geoname_ID_2648072" name="The Langdales" conf="99992">Langdale Valley</enamex>.</s> <s id="s154">We climbed round the base of the rocky elevation, and struck a path, or what appeared to be a path-- it was very indistinct, however.</s> <s id="s155">At any rate we descended in as direct a line as possible, and soon found a pony track which led us to the Dungeon Gill path in the ravine.</s> <s id="s156">It was fortunate that the day continued fine, for had a mist suddenly descended we might have had a" bad quarter of an hour" on the mountain.</s> <s id="s157">But as it was, we descended in safety, and reached the terrace above the <enamex sw="w19203" long="-3.0216" lat="54.45" type="manual_update"  gazref="Geoname_ID_6956554" name="Grasmere Water" conf="99991">Grasmere Lake</enamex>, in good time to watch the youthful" pair" coming across the water to take us up as arranged.</s> <s id="s158">We had a capital view of <enamex sw="w19336" long="-3.02591946706321" lat="54.45838873427238" type="ppl" gazref="unlock:11158165" name="Grasmere" conf="2.6">Grasmere</enamex>, and Wordsworth's lines certainly accurately sketch the place--</s> </p>
<p><s id="s159">" Upon a rising ground a grey church tower Whose battlements were screened by tufted trees, And towards a crystal mere that lay beyond, Among steep hills and woods embosomed, flowed A copious stream with boldly, winding course--. . . . . A cheerful, quiet scene."</s></p>
<p><s id="s160">We had a little direction that evening as to the direction in which we should next day proceed.</s> <s id="s161">If the weather continued fine, <enamex sw="w19805" long="-3.0082" lat="54.4991" type="manual update" gazref="Norgate_ID_NY348120" name="Grisedale" conf="99992">Grisedale Pass</enamex> to <enamex sw="w19823" long="-2.938607921075117" lat="54.53595761254276" type="ppl" gazref="unlock:37283" name="Patterdale" conf="2.6">Patterdale</enamex> was voted as the correct excursion, and if anyone wished to ascend <enamex sw="w19901" long="-3.043402327204126" lat="54.53913510713601" type="water" gazref="unlock:11169754" name="Helvellyn Gill" conf="2.4">Helvellyn</enamex>, why he could.</s> <s id="s162">The pony was ordered, not the rough gentleman of the previous day, and after an excellent breakfast-- no wishing this time-- we started for <enamex sw="w20072" long="-2.885404073107643" lat="54.57527677327518" type="water" gazref="unlock:8796991" name="Ullswater" conf="2.4">Ullswater</enamex> and <enamex sw="w20086" long="-2.938607921075117" lat="54.53595761254276" type="ppl" gazref="unlock:37283" name="Patterdale" conf="2.6">Patterdale</enamex>.</s> <s id="s163">The distance is but nine miles, and the excursion there and back can easily be accomplished in a day, even including the ascent of <enamex sw="w20229" long="-3.043402327204126" lat="54.53913510713601" type="water" gazref="unlock:11169754" name="Helvellyn Gill" conf="2.4">Helvellyn</enamex>, which one of us once united with the trip.</s></p>
<p><s id="s164">The direction cannot be mistaken.</s> <s id="s165">About a mile from the hotel a path leads to the right.</s> <s id="s166">There is, or was, a sign-post there, and then by a rugged path the <enamex sw="w20439" long="-3.011603205107465" lat="54.5034516594409" type="water" gazref="unlock:11161476" name="Grisedale Tarn" conf="2.4">Grisedale Tarn</enamex> is reached.</s> <s id="s167">The path up to <enamex sw="w20481" long="-3.043402327204126" lat="54.53913510713601" type="water" gazref="unlock:11169754" name="Helvellyn Gill" conf="2.4">Helvellyn</enamex> keeping on the left and rising rapidly after the stream is crossed.</s> <s id="s168">The path zig-zags up the Dolly <enamex sw="w20590" long="-1.827918526840531" lat="53.17719420181479" type="other" gazref="unlock:11312133" name="Waggon Low" conf="0.9184727809">Waggon</enamex> Pike, but a direct ascent can be made.</s> <s id="s169">It is rather steep work, though, and the heart must be pretty tough to asccend rapidly.</s> <s id="s170">The weather was again lovely, and the views that opened at every yard's ascent were more comprehensive.</s> <s id="s171">At length, after a steep climb, the level portion is reached, and a long, and it may be, solitary walk is to be taken.</s> <s id="s172">We remember on one previous occasion, when we had ascended alone, we found the wind blowing with tremendous force, so much so that it was dangerous to keep too near the precipices which lie to the right.</s> <s id="s173">There is no beaten path, but the prints of the horses' feet will serve as indications of the route.</s> <s id="s174">More than once on that memorable afternoon we had to throw ourselves down on the ground to avoid being blown over, and gladly we rested to enjoy the view, which embraces a very extensive prospect.</s> <s id="s175">Numerous lakes and tarns are visible, and nearly all the District Peaks can be counted, and named in order by any one who knows them or who has a good map.</s> <s id="s176">We were content to rest and gaze, seated some paces down the mountain side to windward.</s></p>
<p><s id="s177">It was certainly impressive.</s> <s id="s178">There was not a sound to be heard but the hissing of the tufts of grass, as the wind swept in fearful gusts up the mountain.</s> <s id="s179">The clouds came hurrying up and passed overhead, with hanging and ragged edges, as if electricity was at work up there, as doubtless it was.</s> <s id="s180">The sea was distinctly visible, and as we gazed over the almost boundless prospect," behold there arose a little cloud over the sea."</s> <s id="s181">This is no figure of speech, but a literal fact.</s> <s id="s182">We watched that cloud very attentively, because we had had some experience of these apparently innocent patches of vapour.</s> <s id="s183">We saw that the cloud had extended itself, and in about ten minutes had worked out into a long, low wall of dark grey on the horizon, right in the wind's eye.</s></p>
<p><s id="s184">We had still a long distance to go, and the way was quite unknown to us.</s> <s id="s185">We recalled the accounts of various accidents, and as luck would have it, the poem of <enamex  sw="w22611" name="Not a placename">Sir Walter Scott</enamex>, commencing--</s> </p>
<p><s id="s186">" I climbed the dark brow of the mighty <enamex sw="w22684" long="-3.043402327204126" lat="54.53913510713601" type="water" gazref="unlock:11169754" name="Helvellyn Gill" conf="2.4">Helvellyn</enamex>,"</s></p>
<p><s id="s187">came ringing through our memory, and as we rose and proceeded, our feet at a rapid pace kept time to the rhythm of the verse which would obtrude--</s> </p>
<p><s id="s188">" Dark green was that spot' mid the brown mountain heather, When the Pilgrim of Nature lay stretched in decay, Like the corpse of an outcast abandoned to weather, Till the mountain winds wasted the tenantless clay, Not yet quite deserted though lonely extended, For faithful in death his brute favourite attended, The much-loved remains of his master defended, And chased the hill-fox and the raven away."</s></p>
<p><s id="s189">We wished we had never learnt that poem, for every time we turned to gaze upon the scene things were looking worse and worse.</s> <s id="s190">The little cloud had extended itself and hidden <enamex sw="w23425" long="-2.9079" lat="54.376" type="manual_update"  gazref="unlock:10204" name="Windermere" conf="99991">Windermere</enamex> in fog, which now came sweeping up the slopes beneath us, and was already high in the air swooping overhead.</s> <s id="s191">There was no time to lose, and none was lost, until the striding edge was gained, and then the fog descended with us, keeping us company most closely nearly all the way to <enamex sw="w23717" long="-2.938607921075117" lat="54.53595761254276" type="ppl" gazref="unlock:37283" name="Patterdale" conf="2.6">Patterdale</enamex>, where, at the <enamex sw="w23743" long="-2.885404073107643" lat="54.57527677327518" type="water" gazref="unlock:8796991" name="Ullswater" conf="2.4">Ullswater</enamex> Hotel, we found our friends quite unprepared for so quick a return to them.</s></p>
<p><s id="s192">This is the only thing ever approaching an adventure that we have ever experienced in the Lake District, and it is noticed here not because there is anything wonderful in it, but because it may serve as a warning to inexperienced people not to trust themselves upon a mountain alone.</s> <s id="s193">Fogs and thick mists descend very rapidly in <enamex  sw="w24158" name="Large admin unit">Cumberland</enamex>, and in all mountain districts, and care should be taken not to wander, like the" goosey-gander" of our childhood, foolishly.</s></p>
<p><s id="s194">But to resume.</s> <s id="s195">We succeeded in our expedition to <enamex sw="w24344" long="-2.342892021320547" lat="54.33192813067511" type="ppl" gazref="unlock:35064" name="Grisedale" conf="2.547773332">Grisedale</enamex> and back on the next trip, the lady attended by her faithful squire.</s> <s id="s196">We did not ascend the mountains, for clouds were gathering around us, but we reached <enamex sw="w24508" long="-2.938607921075117" lat="54.53595761254276" type="ppl" gazref="unlock:37283" name="Patterdale" conf="2.6">Patterdale</enamex> without adventure, and after an early dinner returned to <enamex sw="w24576" long="-3.02591946706321" lat="54.45838873427238" type="ppl" gazref="unlock:11158165" name="Grasmere" conf="2.6">Grasmere</enamex> in the evening in time for another row and another song.</s> <s id="s197">It was on that occasion that we made up our minds to cross by <enamex sw="w24704" long="-3.03068" lat="54.48221" type="other" gazref="unlock:4575087" name="Dunmail Raise" conf="2">Dunmail Raise</enamex> to <enamex sw="w24721" long="-3.125370693283439" lat="54.60160037173823" type="ppl" gazref="unlock:10824" name="Keswick" conf="2.6">Keswick</enamex>, and by doing so quit" Wordsworthshire" proper, which does not extend to <enamex sw="w24802" long="-3.1588" lat="54.6018" type="other" gazref="unlock:5828527" name="Derwentwater Hotel" conf="2">Derwentwater</enamex>, though we proceeded thither, and crossed many passes and hills ere we returned to <enamex sw="w24898" long="-2.801902525771824" lat="54.04660667916625" type="ppl" gazref="unlock:11190914" name="Lancaster" conf="3.100684626">Lancaster</enamex> and <enamex sw="w24912" long="-0.08573711413610305" lat="51.48768230024373" type="civila" gazref="unlock:13326794" name="Greater London Authority" conf="2.700530202">London</enamex>.</s></p>
<p><s id="s198"><enamex sw="w24920" long="-3.03068" lat="54.48221" type="other" gazref="unlock:4575087" name="Dunmail Raise" conf="2">Dunmail Raise</enamex> carries a history and a legend.</s> <s id="s199">The <enamex sw="w24970" long="-2.926489460396839" lat="54.8366934638748" type="ppl" gazref="unlock:11293048" name="Stone Raise" conf="2.479630922">Raise</enamex> is a bare track rising between <enamex sw="w25007" long="-3.01138127729091" lat="54.49446509482051" type="mtn" gazref="unlock:11279836" name="Seat Sandal" conf="2.4">Seat Sandal</enamex> and <enamex sw="w25023" long="-3.057695522673377" lat="54.49406878163224" type="mtn" gazref="unlock:11291661" name="Steel Fell" conf="2.4">Steel Fell</enamex>.</s> <s id="s200">The pass is 700 feet above the sea, and a cairn indicates the place where Dunmail, king of <enamex  sw="w25126" name="Large admin unit">Cumberland</enamex>, was defeated by Edward, king of <enamex  sw="w25170" name="Large admin unit">England</enamex>, in the year of grace 945.</s> <s id="s201">Not content with beating the king of <enamex sw="w25242" long="-2.892220973968506" lat="54.62741470336914" type="civila" gazref="unlock:14121846" name="Cumbria" conf="2.8">Cumbria</enamex>, <enamex sw="w25251" long="0.02745494959318116" lat="52.69940411603515" type="ppl" gazref="unlock:25728" name="Sutton St Edmund" conf="1.298145774">Edmund</enamex> put out the eyes of his( the defeated monarch's) sons, and then gave the kingdom to Malcolm of <enamex  sw="w25353" name="Large admin unit">Scotland</enamex>" to hold in fee."</s> <s id="s202">The stream on the right hand divides the counties of <enamex  sw="w25433" name="Large admin unit">Cumberland</enamex> and <enamex  sw="w25448" name="Large admin unit">Westmoreland</enamex>.</s> <s id="s203">The cairn has been celebrated by Wordsworth,</s></p>
<p><s id="s204">" That pile of stones Heaped over brave king Dunmail's bones, He who had once supreme command, Last king of rocky <enamex  sw="w25620" name="Large admin unit">Cumberland</enamex>."</s></p>
<p><s id="s205">The legend tells us how a price had been set upon the head of Dunmail, and as he and his faithful Leolf were wandering about the hills, hoping that an opportunity would arise to call his followers to arms, Leolf left him to arouse his adherents and to rejoice them with the news that the king still lived, and Dunmail was left alone among the hills.</s></p>
<p><s id="s206">He was suddenly awakened or aroused by a gleam of light, and a beautiful Druidess appeared.</s></p>
<p><s id="s207">" Why are thou here, Dunmail?" she inquired, though, if she were as knowing as spectres usually are supposed to be, the question was somewhat superfluous.</s> <s id="s208">Indeed the king appears to have been somewhat of this opinion, as he replied--</s> </p>
<p><s id="s209">" Need I answer?</s> <s id="s210">Thou who hast recognised me at first sight cannot require to be told that I have been driven from my throne to become a joint tenant of the wilderness with the eagle and the wolf."</s></p>
<p><s id="s211">After this gentle hint the Druidess seems to have descended to prophecy, but wished to make the king's deliverance from his enemies the subject of an exchange.</s> <s id="s212">Alas that female Druids, and their apparitions even, are not above barter! The prudent king replied that so long as his people's rights or his own honour was not compromised he was ready to make bargain with the ghost, and accordingly he entered warmly into the spirit of the transaction.</s> <s id="s213">He pledged his faith, his life.</s> <s id="s214">She accepted it, giving him a ring from her spectral hand, and in exchange borrowed the king's neck ornament.</s> <s id="s215">The monarch was rather unprepared for this, but the vision having got all she wanted, conveniently rendered herself invisible, and Dunmail felt he was blackmailed upon his own highway.</s></p>
<p><s id="s216">In a short time Leolf had succeeded in arousing the adherents, but the king was again wandering by <enamex sw="w27383" long="-2.9079" lat="54.376" type="manual_update"  gazref="unlock:10204" name="Windermere" conf="99991">Windermere</enamex>, when a Saxon soldier encountered him, and attempted to seize him.</s> <s id="s217">He got the poor king down, and, after the manner of James and Roderick Dhu, desired him to yield.</s> <s id="s218">At that moment a young and lovely girl appeared upon the scene, and, casting herself before the soldier, implored mercy.</s></p>
<p><s id="s219">But the Saxon, it appeared, had been in pursuit of his damsel, in which case her rashness in venturing within reach is unaccountable, and he proceeded to despatch the king first before" drying her tears."</s> <s id="s220">But the damsel just then fortunately perceived the king's dagger, which had dropped.</s> <s id="s221">Seizing it, she stabbed the soldier in the back, and--</s> </p>
<p><s id="s222">" Unwounded from the dreadful close, But breathless all, the king arose;"</s></p>
<p><s id="s223">and then away the merry maiden and the monarch hurried to <enamex sw="w28159" long="-2.938607921075117" lat="54.53595761254276" type="ppl" gazref="unlock:37283" name="Patterdale" conf="2.6">Patterdale</enamex>, where they learnt that the Saxon had managed to live long enough to put soldiers on their track.</s> <s id="s224">But the rising of Dunmail's men succeeded.</s> <s id="s225">The Saxon's were routed, and the king, flushed with success, determined to set morality at defiance and to raise the beautiful Guonoline to a seat beside the throne.</s> <s id="s226">As he was already married, this conduct was resented, and caused a deadly feud between his wife's relations and the king.</s> <s id="s227">Dunmail put everything aside in his desire to win the lovely Guonoline, and, notwithstanding a supernatural warning, declined to alter the plans he had made to carry her off, if she were quite innocent.</s> <s id="s228">A vision in his castle warned him, and when it disappeared he found a messenger informing him that the Saxons were advancing upon him.</s> <s id="s229">He did all he could to gather his men, but, his whole attention having been lately fixed upon an unworthy object, nothing was prepared.</s> <s id="s230">His men were surprised near the fort of <enamex sw="w29113" long="-3.043402327204126" lat="54.53913510713601" type="water" gazref="unlock:11169754" name="Helvellyn Gill" conf="2.4">Helvellyn</enamex>.</s> <s id="s231">He himself fell fighting, and all were buried where they fell.</s> <s id="s232">The cairn still exists, and even now when the wintry wind rages over the fells the phantom of the king may be seen pursuing a beautiful damsel arrayed in white," who ever and anon seems within his grasp, but as he stretches forth his hand to seize her she vanishes in a snow-wreath."</s></p>
<p><s id="s233">It is reported of Guonoline that the female Druid carried her off in safety from the castle, and that she married and brought up a numerous family.</s> <s id="s234">But of this the old tradition is uncertain.</s> <s id="s235">Such is the legend of <enamex sw="w29685" long="-3.03068" lat="54.48221" type="other" gazref="unlock:4575087" name="Dunmail Raise" conf="2">Dunmail Raise</enamex>, and we think the moral is a very obvious one and a very food one too.</s></p>
<p><s id="s236">We read this little legend aloud before we started on our way to <enamex sw="w29835" long="-3.125370693283439" lat="54.60160037173823" type="ppl" gazref="unlock:10824" name="Keswick" conf="2.6">Keswick</enamex>, which we did by the coach.</s> <s id="s237">Under these circumstances we were unable to add a stone to the king's cairn, or the explore the beauties of <enamex sw="w29979" long="-3.0632" lat="54.5346" type="manual update" gazref="Norgate_ID_NY313160" name="Thirlmeer" conf="99992">Thirlmere Lake</enamex>, from which <enamex sw="w30006" long="-2.248669923114486" lat="53.48271029008382" type="ppl" gazref="unlock:11211893" name="Manchester" conf="2.140451597">Manchester</enamex> derives its water supply.</s> <s id="s238">The lake is well worth seeing from the path on the western bank.</s> <s id="s239">Once upon a time the trees stood here so thickly that it is said a squirrel could go from <enamex sw="w30198" long="-3.060646544049678" lat="54.54323368129527" type="civil" gazref="unlock:13403099" name="St. John's Castlerigg and Wythburn CP" conf="2.4">Wythburn</enamex> to <enamex sw="w30210" long="-3.125370693283439" lat="54.60160037173823" type="ppl" gazref="unlock:10824" name="Keswick" conf="2.6">Keswick</enamex> without touching the ground.</s> <s id="s240">It is not much out of the direct road to traverse this cart track, and from it only can the beautiful if somewhat sombre surroundings of <enamex sw="w30384" long="-3.058713394258698" lat="54.53486670386065" type="water" gazref="unlock:8796940" name="Thirlmere" conf="2.4">Thirlmere</enamex> be appreciated.</s></p>
<p><s id="s241"><enamex sw="w30410" long="-3.125370693283439" lat="54.60160037173823" type="ppl" gazref="unlock:10824" name="Keswick" conf="2.6">Keswick</enamex> is well furnished with hotels, but we have always pushed on to <enamex sw="w30481" long="-3.13662933748405" lat="54.55627196668239" type="water" gazref="unlock:11204948" name="Lodore Falls" conf="2.4">Lodore</enamex>, where close by the splashing and dashing waterfall we have the lake before us and <enamex sw="w30571" long="-3.152840038750234" lat="54.52319628836889" type="civil" gazref="unlock:13403088" name="Borrowdale CP" conf="2.4">Borrowdale</enamex> at hand to ramble in.</s> <s id="s242"><enamex sw="w30604" long="-3.152840038750234" lat="54.52319628836889" type="civil" gazref="unlock:13403088" name="Borrowdale CP" conf="2.4">Borrowdale</enamex> is very attractive, and much could be said of it, but our notes must soon be brought to a conclusion.</s> <s id="s243">There are one or two excursions which we would indicate before turning homewards, and we must not fail to recount our great expedition in the storm across the <enamex sw="w30876" long="-3.2166667" lat="54.5166667" type="other" gazref="unlock:4571050" name="Honister Pass" conf="2">Honister Pass</enamex>, and the various routes that can be taken by pedestrians.</s></p>
<p><s id="s244">There was an otter hunt the morning after we arrived at <enamex sw="w31004" long="-3.13662933748405" lat="54.55627196668239" type="water" gazref="unlock:11204948" name="Lodore Falls" conf="2.4">Lodore</enamex>, and everybody who possessed a dog, and several people who did not, went forth to hunt the wily otter.</s> <s id="s245">But he proved one too many for all of us, and, after much beated and a great deal of walking and leaping and ferrying across arms of the lake, the hunt was relinquished, and a visit to <enamex sw="w31299" long="-3.125370693283439" lat="54.60160037173823" type="ppl" gazref="unlock:10824" name="Keswick" conf="2.6">Keswick</enamex> by water indulged in, to see the pencils made, and to get our names and those of our friends printed in gold letters upon the cedar tubes.</s></p>
<p><s id="s246"><enamex sw="w31446" long="-3.125370693283439" lat="54.60160037173823" type="ppl" gazref="unlock:10824" name="Keswick" conf="2.6">Keswick</enamex> is indissolubly associated with <enamex  sw="w31486" name="Not a placename">Southey</enamex>, and his letters dated from there give us many glimpses of his intercourse with Wordsworth.</s> <s id="s247">Before <enamex  sw="w31593" name="Not a placename">Southey</enamex> came to <enamex sw="w31609" long="-3.139015605" lat="54.603823" type="manual update" gazref="ZZSH00161" name="Greta Hall" conf="99992">Greta Hall</enamex>, Samuel Taylor Coleridge inhabited it.</s> <s id="s248">" On our right the lovely vale, on our left <enamex sw="w31702" long="-3.1588" lat="54.6018" type="other" gazref="unlock:5828527" name="Derwentwater Hotel" conf="2">Derwentwater</enamex>, <enamex sw="w31716" long="-3.13662933748405" lat="54.55627196668239" type="water" gazref="unlock:11204948" name="Lodore Falls" conf="2.4">Lodore</enamex> in full view, and the fantastic mountains of <enamex sw="w31768" long="-3.152840038750234" lat="54.52319628836889" type="civil" gazref="unlock:13403088" name="Borrowdale CP" conf="2.4">Borrowdale</enamex>."</s> <s id="s249">Of <enamex sw="w31784" long="-3.152840038750234" lat="54.52319628836889" type="civil" gazref="unlock:13403088" name="Borrowdale CP" conf="2.4">Borrowdale</enamex> and <enamex sw="w31799" long="-3.1588" lat="54.6018" type="other" gazref="unlock:5828527" name="Derwentwater Hotel" conf="2">Derwentwater</enamex> and its picturesque island pages might be written, even as we are seated for a pleasant hour beneath the historical yews of <enamex sw="w31936" long="-2.209297314157944" lat="54.66029554589857" type="other" gazref="unlock:11126474" name="Dale, The" conf="1.904498279">the Dale</enamex>.</s> <s id="s250">Many a time have we wandered alone and in company into <enamex sw="w32001" long="-3.152840038750234" lat="54.52319628836889" type="civil" gazref="unlock:13403088" name="Borrowdale CP" conf="2.4">Borrowdale</enamex>, and thence to the <enamex sw="w32031" long="-3.1961" lat="54.4748" type="manual update" gazref="unlock:11295045" name="Styhead Pass" conf="99992">Sty Head Pass</enamex> to Wastwater.</s> <s id="s251">Those who do not mind from twelve to eighteen miles walk will do well to stroll up the <enamex sw="w32146" long="-3.1961" lat="54.4748" type="manual update" gazref="unlock:11295045" name="Styhead Pass" conf="99992">Sty Head Pass</enamex>, and on to <enamex sw="w32171" long="-3.25097916800018" lat="54.2495244452591" type="ppl" gazref="unlock:11293904" name="Strands" conf="2.553209807">Strands</enamex> to see the" <enamex sw="w32191" long="-3.214466500836419" lat="54.57349272667725" type="mtn" gazref="unlock:11256013" name="Rigg Screes" conf="2.4">Screes</enamex>" above the lake in all their varied colouring.</s></p>
<p><s id="s252">All tourists will of course drive to <enamex sw="w32282" long="-3.27658381338002" lat="54.54100201454608" type="ppl" gazref="unlock:33661" name="Buttermere" conf="2.6">Buttermere</enamex>, but those who want a walk will leave the car at the end of the lake and ascend the hillside to get a peep into the Valley of Liza, with <enamex sw="w32430" long="-3.038911920944466" lat="55.57275312213699" type="mtn" gazref="unlock:11278826" name="Scarf Rig" conf="1.119946238">Scarf</enamex> <enamex  sw="w32436" name="Too ambigious to allocate">Gap</enamex> and <enamex sw="w32444" long="-3.258376654691391" lat="54.49214646710725" type="other" gazref="unlock:11079003" name="Black Sail Pass" conf="2">Black Sail</enamex> Passes, and the beautifully set if gloomy Lake of <enamex sw="w32505" long="-3.437363629991824" lat="54.53063642381277" type="ppl" gazref="unlock:23123" name="Ennerdale Bridge" conf="2.6">Ennerdale</enamex> at the end of the valley.</s> <s id="s253">Here the scenery is really imposing, and the tramp across to Wastwater can be accomplished without any difficulty in fine weather.</s> <s id="s254">We venture to predict that those who will go out of the more beaten track to <enamex sw="w32749" long="-3.437363629991824" lat="54.53063642381277" type="ppl" gazref="unlock:23123" name="Ennerdale Bridge" conf="2.6">Ennerdale</enamex> will not complain of the little extra exertion they will encounter.</s></p>
<p><s id="s255">But on the occasion which I have more immediately in mind we continued our quiet way to <enamex sw="w32915" long="-3.27658381338002" lat="54.54100201454608" type="ppl" gazref="unlock:33661" name="Buttermere" conf="2.6">Buttermere</enamex> and <enamex sw="w32930" long="-3.185804700514816" lat="54.57418107642148" type="water" gazref="unlock:8790063" name="Newlands Beck" conf="2.4">Newlands</enamex>.</s> <s id="s256">We saw a waterfall by <enamex sw="w32962" long="-3.30669123730051" lat="54.55455472767663" type="water" gazref="unlock:11124107" name="Crummock Water" conf="2.4">Crummock Water</enamex>, and we missed our two companions.</s> <s id="s257">We had had a sharp storm in the <enamex sw="w33044" long="-3.2166667" lat="54.5166667" type="other" gazref="unlock:4571050" name="Honister Pass" conf="2">Honister Pass</enamex>, and one umbrella had been found sufficient for our" pair" of turtles.</s> <s id="s258">But they could not have been wafted away upon it, although it had been in requisition.</s> <s id="s259">They were found at last seated on a rock decidedly small for two people under ordinary circumstances, but still under the umbrella-- for shade this time, and not for shelter.</s> <s id="s260">Rosy cheeks and sparkling eyes and hands just touching, so as to facilitate the transfer of a ring-- we saw so much, no more! It was enough.</s> <s id="s261">The pair had settled all their plans, but henceforth our wanderings were made towards home.</s></p>
<p><s id="s262">We felt constrained to return homewards, and our time was delightfully spent at <enamex sw="w33710" long="-2.885404073107643" lat="54.57527677327518" type="water" gazref="unlock:8796991" name="Ullswater" conf="2.4">Ullswater</enamex>, and varied by the trip over the <enamex sw="w33753" long="-2.918346653571202" lat="54.47723084526071" type="other" gazref="unlock:11188149" name="Kirkstone Pass" conf="2">Kirkstone Pass</enamex> to <enamex sw="w33771" long="-3.005216563799839" lat="54.24283559423841" type="ppl" gazref="unlock:11207661" name="Low Wood" conf="2.6">Low Wood</enamex> and <enamex sw="w33784" long="-2.9079" lat="54.376" type="manual_update"  gazref="unlock:10204" name="Windermere" conf="99991">Windermere</enamex>.</s> <s id="s263">Here the unromantic train received us, and our wanderings in Wordsworthshire were over.</s> <s id="s264">But the" pair," since reduced to one by matrimonal bonds, are at this moment studying the" Practical Guide to the Lakes," with a view to another excursion before the honeymoon has quite waned, and actually want us to go with them!</s></p>
<p><s id="s265">Henry <enamex sw="w34121" long="-2.473993404988601" lat="54.59786031164339" type="water" gazref="unlock:8786658" name="Frith Beck" conf="2.368868697">Frith</enamex>.</s></p>
</text>
</document>