<?xml version="1.0" encoding="UTF-8"?><document>

<text id="1775_a"><p><s id="s1">To Dr. Thomas <enamex sw="w26" long="-2.5166667" lat="53.2" type="other" gazref="unlock:4558592" name="Wharton" conf="0.8164867434">Wharton</enamex></s></p>
<p><s id="s2">Wd at N: W. clouds&amp; sunshine.</s> <s id="s3">a mile&amp; ½ from <enamex sw="w80" long="-2.317311763232068" lat="54.52390316061246" type="ppl" gazref="unlock:36930" name="Brough" conf="2.548467734">Brough</enamex> on a hill lay a great army encamped.</s> <s id="s4">to the left opened a fine valley with green meadows&amp; hedge-rows, a Gentleman's house peeping forth from a grove of old trees.</s> <s id="s5">on a nearer approach appeared myriads of horses&amp; cattle in the road itself&amp; in all the fields round me, a brisk stream hurrying cross the way, thousands of clean healthy People in their best party-colored apparel, Farmers&amp; their families, Esquires&amp; their daughters, hastening up from the dales&amp; down the fells on every side, glittering in the sun&amp; pressing forward to join the throng: while the dark hills, on many of whose tops the mists were yet hanging, served as a contrast to this gay&amp; moving scene, which continued for near two miles more along the road, and the crowd( coming towards it) reached on as far <enamex sw="w871" long="-2.487384668217222" lat="54.57860495430396" type="ppl" gazref="unlock:11062898" name="Appleby-in-Westmorland" conf="2.547867416">Appleby</enamex>.</s></p>
<p><s id="s6">On the ascent of the hill above <enamex sw="w913" long="-2.487384668217222" lat="54.57860495430396" type="ppl" gazref="unlock:11062898" name="Appleby-in-Westmorland" conf="2.547867416">Appleby</enamex> the thick hanging wood&amp; the long reaches of the Eden( rapid, clear&amp; full as ever) winding below with views of <enamex sw="w1033" long="-2.890464102233929" lat="53.18298073394839" type="fac" gazref="unlock:11101187" name="Castle, The" conf="1.045029877">the Castle</enamex>&amp; <enamex sw="w1046" long="-0.2050741913149671" lat="51.52718949103711" type="ppl" gazref="unlock:11185214" name="Kensal Town" conf="1.572291846">Town</enamex> gave much employment to the mirror: but the sun was wanting&amp; the sky overcast.</s> <s id="s7">oats&amp; barley cut every where, but not carried in.</s> <s id="s8">passed Kirby Thore, Sr W: <enamex sw="w1209" long="-2.984754201232311" lat="54.83794653692937" type="ppl" gazref="unlock:32873" name="Dalston" conf="2.450473727">Dalston</enamex>' s house at <enamex sw="w1229" long="-2.596737456393797" lat="54.65001884181451" type="fac" gazref="unlock:11056445" name="Acorn Bank" conf="2.2">Acorn Bank</enamex>, <enamex sw="w1242" long="-2.687445" lat="54.652038" type="manual update" gazref="Norgate_ID_NY57350029" name="Whinfell Park" conf="99992">Whinfield Park</enamex>, <enamex sw="w1259" long="-1.332857437893088" lat="54.8014136905774" type="water" gazref="unlock:8772402" name="Hawthorn Burn" conf="1.128486182">Hawthorn</enamex> <enamex sw="w1268" long="-118.4503595" lat="34.1600059" type="other" gazref="unlock:8135435" name="Sherman Oaks Community Hospital Heliport" conf="0.8014022733">Oaks</enamex>, <enamex sw="w1275" long="-2.705382389506818" lat="54.65842288150599" type="fac" gazref="unlock:11117430" name="Countess' Pillar" conf="2.2">Countess Pillar</enamex>, <enamex sw="w1293" long="-2.720724891391479" lat="54.64934460899606" type="fac" gazref="unlock:11089698" name="Brougham Castle" conf="2.2">Brougham Castle</enamex>, Mr Brown( one of y six Clerks) his large new house??</s> <s id="s9">, crossed the Eden&amp; the Eimot( pronounce Eeman) with its green vale,&amp; at 3 o'clock dined with Mrs Buchanan, at <enamex sw="w1481" long="-2.749628438755928" lat="54.66475192978902" type="ppl" gazref="unlock:11038" name="Penrith" conf="2.6">Penrith</enamex> on trout&amp; partridge.</s> <s id="s10">in the afternoon walked up the <enamex  sw="w1542" name="Too ambigious to allocate">Beacon Hill</enamex> a mile to the top, saw <enamex sw="w1577" long="-3.141573303591644" lat="54.17869857547983" type="other" gazref="unlock:11319948" name="Whinfield" conf="1.941423615">Whinfield</enamex> and <enamex sw="w1591" long="-2.714587092202354" lat="54.60426562927525" type="ppl" gazref="unlock:13699" name="Lowther" conf="2.6">Lowther</enamex> Parks,&amp; through an opening in the bosom of that cluster of mountains, which the Doctor well remembers, the Lake of <enamex sw="w1716" long="-2.89078" lat="54.57564" type="manual update" gazref="ZZSH00028" name="Ullswater" conf="99992">Ulz Water</enamex>, with the craggy tops of a hundred nameless hills.</s> <s id="s11">these to W:&amp; s., to the N: a great extent of black&amp; dreary plains, to E: <enamex sw="w1853" long="-2.488892044911392" lat="54.70442893932375" type="mtn" gazref="unlock:11122882" name="Cross Fell" conf="2.334199475">Cross Fell</enamex> just visible through mists&amp; vapours hovering round it.</s></p>
<p><s id="s12">Oct: I. Wd at s: W: a grey autumnal day, air perfectly calm&amp; gentle.</s> <s id="s13">went to see <enamex sw="w2001" long="-2.89078" lat="54.57564" type="manual update" gazref="ZZSH00028" name="Ullswater" conf="99992">Ulz Water</enamex> 5 miles distant.</s> <s id="s14">soon left the <enamex sw="w2042" long="-3.137880601359804" lat="54.60120234465001" type="ppl" gazref="unlock:11185565" name="Keswick" conf="2.6">Keswick</enamex> Road&amp; turned to the left through shady lanes along the Vale of Eeman, which runs rapidly on near the way, ripling over the stones.</s> <s id="s15">to the right is Delmaine, a large fabrick of pale red stone with 9 windows in front&amp; 7 on the side built by Mr Hassell, behind it a fine <enamex  sw="w2323" name="Too ambigious to allocate">lawn</enamex> surrounded by woods&amp; a long rocky eminence rising over them.</s> <s id="s16">a clear&amp; brisk rivulet runs by the house to join the Eeman, whose course is in sight&amp; at a small distance.</s></p>
<p><s id="s17">Farther on appears <enamex sw="w2519" long="-2.8695" lat="54.6346" type="manual update" gazref="Norgate_ID_NY43972696" name="Hutton St John" conf="99992">Hatton</enamex> <enamex sw="w2526" long="-1.683939854346278" lat="54.49795383225262" type="ppl" gazref="unlock:35385" name="Aldbrough St John" conf="1.490104493">St John</enamex>, a castle-like old mansion of Mr Huddleston. approached Dunmallert, a fine pointed hill covered with wood planted by old Mr Hassle beforementioned, who lives always at home&amp; delights in planting.</s> <s id="s18">walked over a spungy meadow or two&amp; began to mount this hill through a broad&amp; strait green alley among the trees,&amp; with some toil gained the summit. from hence saw the Lake opening directly at my feet majestic in its calmness, clear&amp; smooth as a blew mirror with winding shores&amp; low points of land covered with green inclosures, white farm-houses looking out among the trees,&amp; cattle feeding.</s> <s id="s19">the water is almost every where bordered with cultivated lands gently sloping upwards till they reach the feet of the mountains, which rise very rude&amp; aweful with their broken tops on either hand.</s> <s id="s20">directly in front at better than 3 mile's distance, <enamex sw="w3385" long="-2.919758694594441" lat="54.54013840748837" type="mtn" gazref="unlock:11246208" name="Place Fell" conf="2.4">Place Fell</enamex>, one of the bravest among them, pushes its bold broad breast into the midst of the Lake&amp; forces it to alter it's course, forming first a large bay to the left&amp; then bending to the right.</s></p>
<p><s id="s21">I descended Dunmallert again by a side avenue, that was only not perpendicular,&amp; came to <enamex sw="w3676" long="-2.8221" lat="54.6121" type="manual_update"  gazref="Norgate_ID_NY47002442" name="Barton Bridge" conf="99991">Barton Bridge</enamex> over the Eeman, then walking through a path in the wood round the bottom of the hill came forth, where the Eeman issues out of the lake,&amp; continued my way along it's western shore close to the water,&amp; generally on a level with it.</s> <s id="s22">Saw a cormorant flying over it&amp; fishing. . .</s></p>
<p> <s id="s23">The figure of <enamex sw="w3987" long="-2.89078" lat="54.57564" type="manual update" gazref="ZZSH00028" name="Ullswater" conf="99992">Ulz Water</enamex>[??] shore nothing resembles that laid down in our maps: it is 9 miles long,&amp;( at widest) under a mile in breadth.</s> <s id="s24">after extending itself 3m:&amp; ½ in a line to s: W: it turns at the foot of <enamex sw="w4187" long="-2.919758694594441" lat="54.54013840748837" type="mtn" gazref="unlock:11246208" name="Place Fell" conf="2.4">Place Fell</enamex>, almost due West, and is here not twice the breadth of the <enamex sw="w4258" long="-0.2985421493649483" lat="51.43580055236816" type="civila" gazref="unlock:14121770" name="Richmond upon Thames" conf="1.692212825">Thames</enamex> at <enamex sw="w4268" long="-0.1193526387214661" lat="51.47267150878906" type="ppla" gazref="unlock:14132302" name="London" conf="2.685745215">London</enamex>. it is soon again interrupted by the roots of <enamex sw="w4322" long="-3.012269722421011" lat="54.5304112692593" type="mtn" gazref="unlock:11169753" name="Helvellyn" conf="2.4">Helvellyn</enamex>, a lofty&amp; very rugged mountain,&amp; spreading again turns off to s: E:.</s> <s id="s25">&amp; is lost among the deep recesses of the hills.</s> <s id="s26">to this second turning I pursued my way about four miles along its borders beyond a village scattered among trees&amp; calleed Water Malloch, in a pleasant grave day, perfectly calm&amp; warm, but without a gleam of sunshine: then the sky seeming to thicken, the valley to grow more desolate,&amp; evening drawing on, I returned by the way I came to <enamex sw="w4794" long="-2.749628438755928" lat="54.66475192978902" type="ppl" gazref="unlock:11038" name="Penrith" conf="2.6">Penrith</enamex>.</s></p>
<p><s id="s27">Oct: 2.</s> <s id="s28">Wd at s: E:, sky clearing, <enamex sw="w4839" long="-2.488892044911392" lat="54.70442893932375" type="mtn" gazref="unlock:11122882" name="Cross Fell" conf="2.334199475">Cross Fell</enamex> misty, but the outline of the other hills very distinct.</s> <s id="s29">set out at 10 for <enamex sw="w4925" long="-3.137880601359804" lat="54.60120234465001" type="ppl" gazref="unlock:11185565" name="Keswick" conf="2.6">Keswick</enamex>, by the road we went in 1767.</s> <s id="s30">saw <enamex sw="w4968" long="-2.877" lat="54.6699" type="manual_update"  gazref="Norgate_ID_NY43543089" name="Greystoke" conf="99991">Greystock</enamex> - town&amp; castle to the right, which lie only 3 miles( over the Fells) from <enamex sw="w5052" long="-2.89078" lat="54.57564" type="manual update" gazref="ZZSH00028" name="Ullswater" conf="99992">Ulz Water</enamex>. passed through Penradock&amp; <enamex sw="w5091" long="-3.0515" lat="54.6192" type="manual update" gazref="Norgate_ID_NY322254" name="Threlcot" conf="99992">Threlcot</enamex> at the feet of <enamex sw="w5115" long="-3.05017" lat="54.64151" type="other" gazref="unlock:4563283" name="Saddleback" conf="2">Saddleback</enamex>, whose furrowed sides were gilt by the noon-day Sun, while its brow appeared of a sad purple from the shadow of the clouds, as they sailed slowly by it.</s> <s id="s31">the broad&amp; green valley of Gardies and Low Side, with a swift stream glittering among the cottages&amp; meadows to the left;&amp; the much finer( but narrower) valley of <enamex sw="w5446" long="-1.683939854346278" lat="54.49795383225262" type="ppl" gazref="unlock:35385" name="Aldbrough St John" conf="1.490104493">St John</enamex>'s opening into it: <enamex sw="w5473" long="-1.35908" lat="53.65237" type="other" gazref="unlock:13897714" name="Hessle and Hill Top" conf="0.8608144952">Hill Top</enamex> the large, though low, mansion of the Gaskarths, now a Farm House, seated on an eminence among woods under a steep fell, was what appeared the most conspicuous,&amp; beside it a great rock like some antient tower nodding to its fall.</s> <s id="s32">passed by the side of <enamex sw="w5737" long="-3.139386682889271" lat="54.65511833106305" type="mtn" gazref="unlock:11284754" name="Skiddaw" conf="2.4">Skiddaw</enamex>&amp; its cub called Latter Rig,&amp; saw from an eminence at two miles distance the Vale of <enamex sw="w5832" long="-77.2249819" lat="39.1198299" type="other" gazref="unlock:7103912" name="Elysium Lake" conf="0.7139895952">Elysium</enamex> in all its verdure, the sun then playing on the bosom of the lake,&amp; lighting up all the mountains with its lustre.</s></p>
<p><s id="s33">Dined by two o'clock at the <enamex sw="w5985" long="-2.978329224014967" lat="52.83455433705558" type="ppl" gazref="unlock:38434" name="Queens Head" conf="1.298261627">Queen's Head</enamex>,&amp; then straggled out alone to the Parsonage, fell down on my back across a dirty lane with my glass open in one hand, but broke only my knuckles: stayed nevertheless,&amp; saw the sun set in all its glory.</s></p>
<p><s id="s34">Oct: 3.</s> <s id="s35">Wd at s: E:, a heavenly day.</s> <s id="s36">rose at seven,&amp; walked out under the conduct of my Landlord to <enamex sw="w6306" long="-3.15327" lat="54.52342" type="manual_update"  gazref="ZZSH00036" name="Borrowdale" conf="99991">Borrodale</enamex> the grass was covered with a hoar-frost, which soon melted,&amp; exhaled in a thin blewish smoke.</s> <s id="s37">crossed the meadows obliquely, catching a diversity of views among the hills over the lake&amp; islands,&amp; changing prospect at every ten paces, left <enamex sw="w6558" long="0.009526153528289172" lat="50.85998354208964" type="water" gazref="unlock:8773816" name="The Cockshut" conf="0.990808936">Cockshut</enamex>&amp; <enamex sw="w6569" long="-74.53765989999999" lat="41.3842608" type="other" gazref="unlock:7852125" name="Castle Hill" conf="0.6757472657">Castle Hill</enamex>( which we formerly mounted) behind me,&amp; drew near the foot of <enamex sw="w6644" long="-3.121908443508131" lat="54.58337464086533" type="other" gazref="unlock:11312503" name="Walla Crag" conf="2">Walla Crag</enamex>, whose bare&amp; rocky brow, cut perpendicularly down above 400 feet, as I guess, awefully overlooks the way: our path here tends to the left,&amp; the ground gently rising,&amp; covered with a glade of scattering trees&amp; bushes on the very margin of the water, opens both ways the most delcious view, that my eyes ever beheld.</s></p>
<p><s id="s38">Behind you are the magnificent heights of Walla - crag; opposite lie the thick hanging woods of Lord <enamex sw="w7077" long="-3.520433015525314" lat="54.48014542681776" type="ppl" gazref="unlock:11138309" name="Egremont" conf="2.541743978">Egremont</enamex>,&amp; <enamex sw="w7090" long="-3.076287446746557" lat="54.22462373102203" type="water" gazref="unlock:8790061" name="Newland Beck" conf="2.390489069">Newland</enamex> - valley with green&amp; smiling fields embosomed in the dark cliffs; to the left the jaws of <enamex sw="w7188" long="-3.15327" lat="54.52342" type="manual_update"  gazref="ZZSH00036" name="Borrowdale" conf="99991">Borodale</enamex>, with that turbulent Chaos of mountain behind mountain rolled in confusion; beneath you,&amp; stretching far away to the right, the shining purity of the Lake, just ruffled by the breeze enough to shew it is alive, reflecting rocks, woods, fields,&amp; inverted tops of mountains, with the white buildings of <enamex sw="w7502" long="-3.137880601359804" lat="54.60120234465001" type="ppl" gazref="unlock:11185565" name="Keswick" conf="2.6">Keswick</enamex>, <enamex sw="w7512" long="-2.8586" lat="54.3148" type="manual update" gazref="Norgate_ID_SD44249136" name="Village of Crosthwaite" conf="99992">Crosthwait</enamex> - church,&amp; <enamex sw="w7535" long="-3.139386682889271" lat="54.65511833106305" type="mtn" gazref="unlock:11284754" name="Skiddaw" conf="2.4">Skiddaw</enamex> for a back-ground at a distance.</s> <s id="s39">oh Doctor! I never wished more for you;&amp; pray think, how the glass played its part in such a spot, which is called Carf Close-reeds: I chuse to set down these barbarous names, that any body may enquire on the place,&amp; easily find the particular station, that I mean.</s></p>
<p><s id="s40">This scene continues to Barrow Gate,&amp; a little farther, passing a brook called <enamex sw="w7927" long="-2.968895689956923" lat="54.65660194601128" type="water" gazref="unlock:11070960" name="Barrow Beck" conf="2.4">Barrow Beck</enamex>, we entered <enamex sw="w7952" long="-3.15327" lat="54.52342" type="manual_update"  gazref="ZZSH00036" name="Borrowdale" conf="99991">Borodale</enamex>. the crags, named <enamex sw="w7980" long="-3.1366" lat="54.5563" type="manual update" gazref="unlock:11204948" name="Lodore Falls" conf="99992">Lodoor</enamex> Banks now begin to impend terribly over your way;&amp; more terribly, when you hear, that three years since an immense mass of rock tumbled at once from the brow,&amp; bared all access to the dale( for this is the only road) till they could work their way through it.</s> <s id="s41">luckily no one was passing at the time of this fall; but down the side of the mountain&amp; far into the lake lie dispersed the huge fragments of this ruin in all shapes&amp; in all directions.</s></p>
<p><s id="s42">Something farther we turned aside into a coppice, ascending a little in front of <enamex sw="w8519" long="-3.1366" lat="54.5563" type="manual update" gazref="unlock:11204948" name="Lodore Falls" conf="99992">Lodoor</enamex> water-fall. the height appears to be about 200 feet, the quantity of water not great, though( these three days excepted) it had rained daily in the hills for near two months before: but then the stream was nobly broken, leaping from rock to rock,&amp; foaming with fury.</s> <s id="s43">on one side a towering crag, that spired up to equal, if not overtop, the neighbouring cliffs( this lay all in shade&amp; darkness on the other hand a rounder broader projecting hill shaged with wood&amp; illumined by the sun, which glanced sideways on the upper part of the cataract.</s> <s id="s44">the force of the water wearing a deep channel in the ground hurries away to join the lake. we descended again,&amp; passed the stream over a rude bridge, soon after we came under <enamex sw="w9252" long="-3.320119718790907" lat="54.49148798935828" type="other" gazref="unlock:11196334" name="Little Gowder Crag" conf="1.986950395">Gowder Crag</enamex>, a hill more formidable to the eye&amp; to the apprehension than that of <enamex sw="w9335" long="-3.1366" lat="54.5563" type="manual update" gazref="unlock:11204948" name="Lodore Falls" conf="99992">Lodoor</enamex>; the rocks atop, deep-cloven perpendicularly by the rains, hanging loose&amp; nodding forwards, seem just starting from their base in shivers: the whole way down&amp; the road on both sides is strewed with piles of the fragments strangely thrown across each other&amp; of a dreadful bulk.</s> <s id="s45">the place reminds one of those passes in the Alps, where the Guides tell you to move on with speed,&amp; say nothing, lest the agitation of the air should loosen the snows above,&amp; bring down a mass that would overwhelm a caravan.</s> <s id="s46">I took their counsel here and hastened on in silence.</s></p>
<p><s id="s47">Oct: 3.</s> <s id="s48">The hills here are clothed all up their steep sides with oak, ash, birch, holly&amp; c: some of it has been cut 40 years ago, some within these 8 years, yet all is sprung again green, flourishing,&amp; tall for its age, in a place where no soil appears but the staring rock,&amp; where a man could scarce stand upright.</s></p>
<p><s id="s49">Met a civil young Farmer overseeing his reapers( for it is oat-harvest here) who conducted us to a neat white house in the village of Grange, which is built on a rising ground in the midst of a valley.</s> <s id="s50">round it the mountains form an aweful ampitheatre,&amp; through it obliquely runs the Darwent clear as glass,&amp; shewing under it's bridge every trout that passes. beside the village rises a round eminence of rock covered entirely with old trees,&amp; over that more proudly towers <enamex sw="w10705" long="-3.090245821198284" lat="54.55669882687418" type="fac" gazref="unlock:11100762" name="Castle Crag (Fort)" conf="2.2">Castle Crag</enamex>, invested also with wood on its sides,&amp; bearing on its naked top some traces of a fort said to be Roman.</s></p>
<p><s id="s51">By the side of this hill, the valley turns to the left&amp; contracts its dimensions, till there is hardly any road but the rocky bed of the river. the wood of the mountains increases&amp; their summits grow loftier to the eye,&amp; of more fantastic forms: among them appear Eagle's - cliff, Dove's - nest, <enamex sw="w11123" name="Whitedale Pike">Whitedale Pike</enamex>,&amp; c: celebrated names in the annals of <enamex sw="w11178" long="-3.137880601359804" lat="54.60120234465001" type="ppl" gazref="unlock:11185565" name="Keswick" conf="2.6">Keswick</enamex>. the dale opens about four miles higher till you come to Sea <enamex sw="w11248" long="-3.1909" lat="54.3536" type="manual update" gazref="Norgate_ID_SD227960" name="Seathwaite" conf="99992">Whaite</enamex>( where lies the way mounting the hills to the right, that leads to the Wadd Mines) all farther access is here barred to prying Mortals, only there is a little path winding over the Fells,&amp; for some weeks in the year passable to <enamex sw="w11486" long="-2.209297314157944" lat="54.66029554589857" type="other" gazref="unlock:11126474" name="Dale, The" conf="1.941698637">the Dale</enamex>'s - men; but the Mountains know well, that these innocent people will not reveal the mysteries of their ancient kingdom, the reign of Chaos&amp; old Night.</s> <s id="s52">only I learned, that this dreadful road dividing again leads one branch to <enamex sw="w11721" long="-3.408100873751759" lat="54.355660853968" type="ppl" gazref="unlock:11252934" name="Ravenglass" conf="2.481140274">Ravenglass</enamex>,&amp; the other to <enamex sw="w11749" long="-2.993112822792783" lat="54.37776609422815" type="ppl" gazref="unlock:11167809" name="Hawkshead" conf="2.6">Hawkshead</enamex>.</s></p>
<p><s id="s53">For me I went no farther than the Farmer's( better than 4m: from <enamex sw="w11826" long="-3.137880601359804" lat="54.60120234465001" type="ppl" gazref="unlock:11185565" name="Keswick" conf="2.6">Keswick</enamex>) at Grange: his Mother&amp; he brought us butter, that Siserah would have jumped at, though not in a lordly dish, bowls of milk, thin oaten-cakes,&amp; ale;&amp; we had carried a cold tongue thither with us.</s> <s id="s54">our Farmer was himself the Man, that last year plundered the Eagle's eirie: all the dale are up in arms on such an occasion, for they lose abundance of lambs yearly, not to mention hares, partridge, grous,&amp; c: he was let down from the cliff in ropes to the shelf of rock, on which the nest was built, the people above shouting&amp; hollowing to fright the old birds, which flew screaming round, but did not dare to attack him.</s> <s id="s55">he brought off the eaglet( for there is rarely more than one)&amp; an addle egg.</s> <s id="s56">the nest was roundish&amp; more than a yard over, made of twigs twisted together.</s> <s id="s57">seldom a year passes but they take the brood or eggs,&amp; sometimes they shoot one, sometimes the other Parent, but the surviver has always found a mate( probably in <enamex  sw="w12780" name="Large admin unit">Ireland</enamex>)&amp; they breed near the old place.</s> <s id="s58">by his description I learn, that this species is the <enamex sw="w12875" long="-2.995288045448744" lat="54.46763335269049" type="other" gazref="unlock:11140324" name="Erne Crag" conf="2">Erne</enamex>( the Vultur Albicilla of Linnaeus in his last edition, but in yours Falco Albicilla) so consult Pennant about it.</s></p>
<p><s id="s59">Walked leisurely home the way we came, but saw a new landscape: the features indeed were the same in part, but many new ones were disclosed by the mid-day Sun,&amp; the tints were entirely changed.</s> <s id="s60">take notice this was the best or perhaps the one day for going up <enamex sw="w13256" long="-3.139386682889271" lat="54.65511833106305" type="mtn" gazref="unlock:11284754" name="Skiddaw" conf="2.4">Skiddaw</enamex>, but I thought it better employed: it was perfectly serene,&amp; hot as midsummer.</s></p>
<p><s id="s61">In the evening walked alone down to the Lake by the side of <enamex sw="w13405" long="-0.9883475275881595" lat="53.24494530095355" type="rgn" gazref="unlock:11123428" name="Crow Park" conf="1.135043325">Crow Park</enamex> after sunset&amp; saw the solemn colouring of night draw on, the last gleam of sunshine fading away on the hill-tops, the deep serene of the waters,&amp; the long shadows of the mountains thrown across them, till they nearly touched the hithermost shore.</s> <s id="s62">at distance heard the murmur of many waterfalls not audible in the day-time.</s> <s id="s63">wished for the Moon, but she was dark to me&amp; silent, hid in her vacant interlunar cave.</s></p>
<p><s id="s64">Oct: 4.</s> <s id="s65">Wd E:, clouds&amp; sunshine,&amp; in the course of the day a few drops of rain.</s> <s id="s66">Walked to <enamex sw="w13922" long="-0.9883475275881595" lat="53.24494530095355" type="rgn" gazref="unlock:11123428" name="Crow Park" conf="1.135043325">Crow Park</enamex>, now a rough pasture once a glade of ancient oaks, whose large roots still remain on the ground, but nothing has sprung from them.</s> <s id="s67">if one single tree had remained, this would have been an unparalleled spot,&amp; Smith judged right, when he took his print of the Lake hence, for it is a gentle eminence, not too high, on the very margin of the water&amp; commanding it from end to end, looking full into the gorge of <enamex sw="w14343" long="-3.15327" lat="54.52342" type="manual_update"  gazref="ZZSH00036" name="Borrowdale" conf="99991">Borodale</enamex>. I prefer it even to <enamex sw="w14374" long="-3.139" lat="54.5932" type="manual update" gazref="Norgate_ID_NY265226" name="Cockshut Hill" conf="99992">Cockshut Hill</enamex>, which lies beside it,&amp; to which I walked in the afternoon: it is covered with young trees both sown&amp; planted, oak, spruce, scotch-fir,&amp; c: all which thrive wonderfully.</s> <s id="s68">there is an easy ascent to the top,&amp; the view far preferable to that on <enamex sw="w14634" long="-74.53765989999999" lat="41.3842608" type="other" gazref="unlock:7852125" name="Castle Hill" conf="0.6757472657">Castle Hill</enamex>( which you remember) because this is lower&amp; nearer to the Lake: for I find all points, that are much elevated, spoil the beauty of the valley,&amp; make its parts( which are not large) look poor&amp; diminutive.</s> <s id="s69">while I was here, a little shower fell, red clouds came marching up the hills from the east,&amp; part of a bright rainbow seemed to rise along the side of <enamex sw="w15007" long="-74.53765989999999" lat="41.3842608" type="other" gazref="unlock:7852125" name="Castle Hill" conf="0.6757472657">Castle Hill</enamex>.</s></p>
<p><s id="s70">From hence I got to the Parsonage a little before Sunset,&amp; saw in my glass a picture, that if I could transmitt to you,&amp; fix it in all the softness of its living colours, would fairly sell for a thousand pounds.</s> <s id="s71">this is the sweetest scene I can yet discover in point of pastoral beauty.</s> <s id="s72">the rest are in a sublimer style.</s></p>
<p><s id="s73">Oct: 5.</s> <s id="s74">Wd N: E: <enamex sw="w15360" long="-2.411843342259774" lat="54.38262720582438" type="water" gazref="unlock:8771932" name="Clouds Gill" conf="2.237515714">Clouds</enamex>&amp; sunshine.</s> <s id="s75">Walked through the meadows&amp; corn-fields to the <enamex sw="w15427" long="-3.137630072408776" lat="54.59221629737263" type="rgn" gazref="unlock:11128985" name="Derwent Isle" conf="2.4">Derwent</enamex>&amp; crossing it went up <enamex sw="w15457" long="-2.939139684294291" lat="54.71076482516751" type="mtn" gazref="unlock:11180227" name="How Hill" conf="2.382794979">How Hill</enamex>. it looks along <enamex sw="w15483" long="-3.2167" lat="54.65" type="manual update" gazref="Geoname_ID_2656187" name="Basenthwaite" conf="99992">Bassinthwaite</enamex> Water&amp; sees at the same time the course of the river&amp; a part of the <enamex  sw="w15567" name="Too ambigious to allocate">Upper Lake</enamex> with a full view of <enamex sw="w15598" long="-3.139386682889271" lat="54.65511833106305" type="mtn" gazref="unlock:11284754" name="Skiddaw" conf="2.4">Skiddaw</enamex>. then I took my way through Portingskall village to <enamex sw="w15659" long="-119.1387166" lat="34.1636164" type="other" gazref="unlock:8142141" name="The Colony Mobile Home Park" conf="0.6327033877">the Park</enamex>, a hill so called covered entirely with wood: it is all a mass of crumbling slate.</s> <s id="s76">passed round its foot between the trees&amp; the edge of the water,&amp; came to a Peninsula that juts out into the lake&amp; looks along it both ways.</s> <s id="s77">in front rises <enamex sw="w15911" long="-3.121908443508131" lat="54.58337464086533" type="other" gazref="unlock:11312503" name="Walla Crag" conf="2">Walla Crag</enamex>,&amp; <enamex sw="w15926" long="-74.53765989999999" lat="41.3842608" type="other" gazref="unlock:7852125" name="Castle Hill" conf="0.6757472657">Castle Hill</enamex>, the <enamex sw="w15944" long="-0.2050741913149671" lat="51.52718949103711" type="ppl" gazref="unlock:11185214" name="Kensal Town" conf="1.572291846">Town</enamex>, the road to <enamex sw="w15963" long="-2.749628438755928" lat="54.66475192978902" type="ppl" gazref="unlock:11038" name="Penrith" conf="2.6">Penrith</enamex>, <enamex sw="w15973" long="-3.139386682889271" lat="54.65511833106305" type="mtn" gazref="unlock:11284754" name="Skiddaw" conf="2.4">Skiddaw</enamex>&amp; <enamex sw="w15983" long="-3.05017" lat="54.64151" type="other" gazref="unlock:4563283" name="Saddleback" conf="2">Saddleback</enamex>. returning met a brisk and cold N: Eastern blast, that ruffled all the surface of the lake and made it rise in little waves that broke at the foot of the wood.</s> <s id="s78">After dinner walked up the <enamex sw="w16182" long="-2.749628438755928" lat="54.66475192978902" type="ppl" gazref="unlock:11038" name="Penrith" conf="2.6">Penrith</enamex> - road 2 miles or more&amp; turning into a corn-field to the right, called Castle Rigg, saw a Druid Circle of large stones 108 feet in diameter, the biggest not 8 feet high, but most of them still erect: they are 50 in number.</s> <s id="s79">the valley of <enamex sw="w16428" long="-1.683939854346278" lat="54.49795383225262" type="ppl" gazref="unlock:35385" name="Aldbrough St John" conf="1.490104493">St John</enamex> appeared in sight,&amp; the summits of Catchidecam( called by Camden, Casticand)&amp; <enamex sw="w16517" long="-3.012269722421011" lat="54.5304112692593" type="mtn" gazref="unlock:11169753" name="Helvellyn" conf="2.4">Helvellyn</enamex>, said to be as high as <enamex sw="w16551" long="-3.139386682889271" lat="54.65511833106305" type="mtn" gazref="unlock:11284754" name="Skiddaw" conf="2.4">Skiddaw</enamex>,&amp; to rise from a much higher base.</s> <s id="s80">a shower came on,&amp; I returned.</s></p>
<p><s id="s81">Oct: 6.</s> <s id="s82">Wd E: <enamex sw="w16642" long="-2.411843342259774" lat="54.38262720582438" type="water" gazref="unlock:8771932" name="Clouds Gill" conf="2.237515714">Clouds</enamex>&amp; sun.</s> <s id="s83">went in a chaise along the east-side of Bassingth: Water to <enamex sw="w16717" long="-1.036331591024914" lat="53.77574221161854" type="other" gazref="unlock:11237521" name="Ouse Swing Bridge" conf="0.8523450095">Ouse Bridge</enamex>( pronounce <enamex sw="w16740" long="-3.2438" lat="54.6785" type="manual update" gazref="Norgate_ID_NY199322" name="Ews Bridge" conf="99992">Ews</enamex> Bridge) the road in some part made&amp; very good, the rest slippery&amp; dangerous cart-road, or narrow rugged lanes but no precipices: it runs directly along the foot of <enamex sw="w16911" long="-3.139386682889271" lat="54.65511833106305" type="mtn" gazref="unlock:11284754" name="Skiddaw" conf="2.4">Skiddaw</enamex>. opposite to Widhope Brows( clothed to the top with wood) a very beautiful view opens down the Lake, which is narrower&amp; longer than that of <enamex sw="w17062" long="-3.137880601359804" lat="54.60120234465001" type="ppl" gazref="unlock:11185565" name="Keswick" conf="2.6">Keswick</enamex>, less broken into bays&amp; without islands.</s> <s id="s84">at the foot of it a few paces from the brink gently sloping upward stands Armathwate in a thick grove of Scotch firs, commanding a noble view directly up the lake. at a small distance behind the house is a large extent of wood,&amp; still behind this a ridge of cultivated hills, on which( according to the <enamex sw="w17419" long="-3.137880601359804" lat="54.60120234465001" type="ppl" gazref="unlock:11185565" name="Keswick" conf="2.6">Keswick</enamex> - proverb) the Sun always shines. the inhabitants here on the contrary call the vale of <enamex sw="w17515" long="-3.137630072408776" lat="54.59221629737263" type="rgn" gazref="unlock:11128985" name="Derwent Isle" conf="2.4">Derwent</enamex> Water the Devil's Chamber Pot,&amp; pronounce the name of <enamex sw="w17579" long="-3.1487" lat="54.6521" type="manual update" gazref="Geoname_ID_2637715" name="Skiddaw" conf="99992">Skiddaw Fell</enamex>( which terminates here) with a sort of terror&amp; aversion.</s> <s id="s85">Armathwate House is a modern fabrick, not large,&amp; built of dark-red stone, belonging to Mr Spedding, whose Gr: father was Steward to old Sir James <enamex sw="w17798" long="-2.714587092202354" lat="54.60426562927525" type="ppl" gazref="unlock:13699" name="Lowther" conf="2.6">Lowther</enamex>,&amp; bought this estate of the Himers. so you must look for Mr Michell in some other country.</s> <s id="s86">the sky was overcast&amp; the wind cool, so after dining at a publick house, which stands here near the bridge( that crosses the <enamex sw="w18027" long="-3.137630072408776" lat="54.59221629737263" type="rgn" gazref="unlock:11128985" name="Derwent Isle" conf="2.4">Derwent</enamex> just where it issues from the lake)&amp; sauntering a little by the water-side I came home again.</s> <s id="s87">the turnpike is finished from <enamex sw="w18161" long="-3.356649935752379" lat="54.66186838800157" type="ppl" gazref="unlock:11111547" name="Cockermouth" conf="2.516265373">Cockermouth</enamex> hither( 5 miles)&amp; is carrying on to <enamex sw="w18210" long="-2.749628438755928" lat="54.66475192978902" type="ppl" gazref="unlock:11038" name="Penrith" conf="2.6">Penrith</enamex>. several little showers to-day.</s> <s id="s88">A Man came in, who said there was snow on <enamex sw="w18293" long="-2.488892044911392" lat="54.70442893932375" type="mtn" gazref="unlock:11122882" name="Cross Fell" conf="2.334199475">Cross Fell</enamex> this morning.</s></p>
<p><s id="s89">Oct: 7.</s> <s id="s90">Market Day here. Wind N: E: <enamex sw="w18353" long="-2.411843342259774" lat="54.38262720582438" type="water" gazref="unlock:8771932" name="Clouds Gill" conf="2.237515714">Clouds</enamex>&amp; Sunshine.</s> <s id="s91">little showers at intervals all day.</s> <s id="s92">yet walked in the morning to <enamex sw="w18438" long="-0.9883475275881595" lat="53.24494530095355" type="rgn" gazref="unlock:11123428" name="Crow Park" conf="1.135043325">Crow Park</enamex>,&amp; in the evening up <enamex sw="w18470" long="-2.749628438755928" lat="54.66475192978902" type="ppl" gazref="unlock:11038" name="Penrith" conf="2.6">Penrith</enamex> - road.</s> <s id="s93">the clouds came rolling up the mountains all round very[ unpromising]; yet the moon shone at intervals.</s> <s id="s94">it was too damp to go towards the lake. tomorrow mean to bid farewell to <enamex sw="w18663" long="-3.137880601359804" lat="54.60120234465001" type="ppl" gazref="unlock:11185565" name="Keswick" conf="2.6">Keswick</enamex>.</s></p>
<p><s id="s95">Botany might be studied here to great advantage at another season because of the great variety of soils&amp; elevations all lieing within a small compass. I observed nothing but several curious Lichens,&amp; plenty of gale or Dutch myrtle perfuming the borders of the lake. this year the Wadd mine had been opened( which is done once in 5 years) it is taken out in lumps sometimes as big as a man's fist,&amp; will undergo no preparation by fire, not being fusible.</s> <s id="s96">when it is pure soft, black,&amp; close-grained, it is worth sometimes 30 shillings a pound.</s> <s id="s97">there are no Charr ever taken in these lakes, but plenty in Butter Mere-water, which lies a little way N: of <enamex sw="w19332" long="-3.15327" lat="54.52342" type="manual_update"  gazref="ZZSH00036" name="Borrowdale" conf="99991">Borrodale</enamex>, about Martlemas, which are potted here.</s> <s id="s98">they sow chiefly oats&amp; bigg here, which are now cutting,&amp; still on the ground.</s> <s id="s99">the rains have done much hurt; yet observe, the soil is so thin&amp; light, that no day has passed in which I could not walk out with ease,&amp; you know, I am no lover of dirt.</s> <s id="s100">Fell Mutton is now in season for about six weeks; it grows on the mountains,&amp; nearly resembles venison: excellent Pike&amp; Perch( here called Bass trout is out of season.</s> <s id="s101">partridge in great plenty.</s></p>
<p><s id="s102">Receipt to dress Perch( for Mrs <enamex sw="w19866" long="-2.5166667" lat="53.2" type="other" gazref="unlock:4558592" name="Wharton" conf="0.8164867434">Wharton</enamex>)</s></p>
<p><s id="s103">Wash, but neither scale, nor gut them.</s> <s id="s104">broil till enough; then pull out the fins,&amp; open them along the back, take out the bone&amp; all the inwards without breaking them.</s> <s id="s105">put in a large lump of butter&amp; salt, clap the sides together, till it melts,&amp; serve very hot.</s> <s id="s106">it it excellent.</s> <s id="s107">the skin must not be eaten.</s></p>
<p><s id="s108">Oct: 8.</s> <s id="s109">Left <enamex sw="w20199" long="-3.137880601359804" lat="54.60120234465001" type="ppl" gazref="unlock:11185565" name="Keswick" conf="2.6">Keswick</enamex>&amp; took the <enamex sw="w20218" long="-2.959272920560253" lat="54.43199742280473" type="ppl" gazref="unlock:11255" name="Ambleside" conf="2.6">Ambleside</enamex> - road in a gloomy morning.</s> <s id="s110">Wind E:&amp; afterwards N: E:.</s> <s id="s111">about 2m: from the <enamex sw="w20301" long="-0.2050741913149671" lat="51.52718949103711" type="ppl" gazref="unlock:11185214" name="Kensal Town" conf="1.572291846">Town</enamex> mounted an eminence called Castle Rigg,&amp; the sun breaking out discovered the most enchanting view I have yet seen of the whole valley behind me, the two lakes, the river, the mountains all in their glory! had almost a mind to have gone back again.</s> <s id="s112">the road in some few parts is not compleated, but good country-road through sound, but narrow&amp; stony lanes, very safe in broad day-light.</s> <s id="s113">this is the case about <enamex sw="w20720" long="-3.090965560467632" lat="54.58365751898852" type="other" gazref="unlock:11101928" name="Causeway Foot" conf="2">Causeway Foot</enamex>&amp; among <enamex sw="w20742" long="-2.75812635927506" lat="54.53096741906655" type="water" gazref="unlock:8789525" name="Naddle Beck" conf="2.4">Naddle</enamex> Fells to Lanewaite. the vale you go in has little breadth, the mountains are vast&amp; rocky, the fields little&amp; poor,&amp; the inhabitants are now making hay,&amp; see not the sun by two hours in a day so long as at <enamex sw="w20959" long="-3.137880601359804" lat="54.60120234465001" type="ppl" gazref="unlock:11185565" name="Keswick" conf="2.6">Keswick</enamex>. came to the foot of <enamex sw="w20989" long="-3.012269722421011" lat="54.5304112692593" type="mtn" gazref="unlock:11169753" name="Helvellyn" conf="2.4">Helvellyn</enamex> along which runs an excellent road, looking down from a little height on Lees Water( called also Thirl Meer, or <enamex sw="w21113" name="Wiborn">Wiborn</enamex> Water)&amp; soon descending on its margin.</s> <s id="s114">the lake from its depth looks black( though really clear as glass&amp; from the gloom of the vast crags, that scowl over it: it is narrow&amp; about 3 miles long, resembling a river in its course.</s> <s id="s115">little shining torrents hurry down the rocks to join it, with not a bush to overshadow them, or cover their march.</s> <s id="s116">all is rock&amp; loose stones up to the very brow, which lies so near your way, that not half the height of <enamex sw="w21572" long="-3.012269722421011" lat="54.5304112692593" type="mtn" gazref="unlock:11169753" name="Helvellyn" conf="2.4">Helvellyn</enamex> can be seen. .</s></p>
<p> <s id="s117">Past by the little <enamex sw="w21618" long="0.7561069790152002" lat="51.92228719321466" type="ppl" gazref="unlock:11103774" name="Chappel" conf="1.255006552">Chappel</enamex> of <enamex sw="w21629" name="Wiborn">Wiborn</enamex>, out of which the Sunday Congregation were then issuing.</s></p>
<p><s id="s118">Past a beck near <enamex sw="w21712" long="-3.042257566142511" lat="54.49420285694539" type="other" gazref="unlock:11134276" name="Dunmail Raise" conf="2">Dunmail Raise</enamex>,&amp; entered <enamex  sw="w21738" name="Large admin unit">Westmoreland</enamex> a second time.</s> <s id="s119">now begin to see <enamex sw="w21783" long="-3.041800543566656" lat="54.47622985854962" type="mtn" gazref="unlock:11169680" name="Helm Crag" conf="2.4">Helm Crag</enamex> distinguished from its rugged neigbours not so much by its height, as by the strange broken outline of its top, like some gigantic building demolished,&amp; the stones that composed it, flung cross each other in wild confusion.</s> <s id="s120">just beyond it opens one of the sweetest landscapes, that art ever attempted to imitate.</s> <s id="s121">( the bosom of the mountains spreading here into a broad bason) discovers in the midst <enamex sw="w22193" long="-3.0216" lat="54.45" type="manual update" gazref="Geoname_ID_6956554" name="Grasmere Water" conf="99992">Grasmere Water</enamex>. its margin is hollowed into small bays with bold eminences some of rock, some of soft turf, that half conceal, and vary the figure of the little lake they command, from the shore a low promonotory pushes itself far into the water,&amp; on it stands a white village with the parish-church rising in the midst of it, hanging enclosures, corn-fields,&amp; meadows green as an emerald with their trees&amp; hedges&amp; cattle fill up the whole space from the edge of the water&amp; just opposite to you is a large farm-house at the bottom of a steep smooth <enamex  sw="w22748" name="Too ambigious to allocate">lawn</enamex> embosomed in old woods, which climb half way up the mountain's side,&amp; discover above them a broken line of crags, that crown the scene.</s> <s id="s122">not a single red tile, no flaring Gentleman's house, or garden-walls, break in upon the repose of this little unsuspected paradise, but all is peace, rusticity,&amp; happy poverty in its neatest most becoming attire.</s></p>
<p><s id="s123">The road winds over <enamex sw="w23124" long="-3.0117" lat="54.4506" type="manual_update"  gazref="Norgate_ID_NY345066" name="Grasmere Hill" conf="99991">Grasmere Hill</enamex>, whose rocks soon conceal the water from your sight, yet it is continued along behind them,&amp; contracting itself to a river communicates with <enamex sw="w23281" long="-2.999" lat="54.4472" type="manual update" gazref="Geoname_ID_7288050" name="Rydal Water" conf="99992">Ridale Water</enamex>, another small lake, but of <enamex sw="w23323" long="-2.421557122390574" lat="53.29060765310844" type="civil" gazref="unlock:13406245" name="Tabley Inferior CP" conf="1.191894909">inferior</enamex> size&amp; beauty.</s> <s id="s124">it seems shallow too, for large patches of reeds appear pretty far within it.</s> <s id="s125">into this vale the road descends.</s> <s id="s126">on the opposite banks large&amp; ancient woods mount up the hills,&amp; just to the left of our ways stands <enamex sw="w23561" long="-2.98" lat="54.4483" type="manual update" gazref="Norgate_ID_NY36550632" name="Rydal Hall" conf="99992">Rydale Hall</enamex>, the family seat of Sir Michael <enamex  sw="w23606" name="Not a placename">Fleming</enamex>, but now a farm-house, a large olf-fashioned fabrick surrounded with wood&amp; not much too good for its present destination.</s> <s id="s127">Sir Michael is now on his travels,&amp; all this timber far&amp; wide belongs to him.</s> <s id="s128">I tremble for it, when he returns.</s> <s id="s129">near the house rises a huge crag called <enamex sw="w23893" long="-2.9805" lat="54.4947" type="manual update" gazref="unlock:11275809" name="Rydal Head" conf="99992">Rydale Head</enamex>, which is said to command a full view of <enamex sw="w23947" long="-2.9079" lat="54.376" type="manual update" gazref="unlock:10204" name="Windermere" conf="99992">Wynander</enamex> Mere[ lake],&amp; I doubt it not, for within a mile that great Lake is visible even from the road.</s> <s id="s130">as to going up the crag one might as well go up <enamex sw="w24101" long="-3.139386682889271" lat="54.65511833106305" type="mtn" gazref="unlock:11284754" name="Skiddaw" conf="2.4">Skiddaw</enamex>.</s></p>
<p><s id="s131">Came to <enamex sw="w24119" long="-2.959272920560253" lat="54.43199742280473" type="ppl" gazref="unlock:11255" name="Ambleside" conf="2.6">Ambleside</enamex>, 18m: from <enamex sw="w24141" long="-3.137880601359804" lat="54.60120234465001" type="ppl" gazref="unlock:11185565" name="Keswick" conf="2.6">Keswick</enamex> meaning to lie there, but on looking into the best bed-chamber dark&amp; damp as a cellar grew delicate, gave up <enamex sw="w24259" long="-2.9344" lat="54.373" type="manual update" gazref="Geoname_ID_2633852" name="Lake Windermere" conf="99992">Winandermere</enamex> in despair&amp; resolved I would go to <enamex sw="w24308" long="-2.74151656837981" lat="54.32658914641318" type="ppl" gazref="unlock:10749" name="Kendal" conf="3.093870132">Kendal</enamex> directly, 14 m: farther.</s> <s id="s132">the road in general fine turnpike, but some parts( about 3 m: in all) not made, yet without danger.</s></p>
<p><s id="s133">Unexpectedly was well-rewarded for my determination.</s> <s id="s134">the afternoon was fine,&amp; the road for full 5 m: runs along the side of <enamex sw="w24565" long="-2.93438" lat="54.37296" type="manual update" gazref="Norgate_ID_SD402977" name="Winderemere (Lake)" conf="99992">Winder Mere</enamex>[ eastern shore] with delicious views across it&amp; almost from one end to the other.</s> <s id="s135">it is ten miles in length,&amp; at most a mile over, resembling the course of some vast&amp; magnificent river, but no flat marshy grounds, no osier-beds, or patches of scrubby plantation on its banks.</s> <s id="s136">at the head of two vallies open among the mountains, one that by which we came down, the other Langsledale, in which Wreenose&amp; Hard <enamex  sw="w24990" name="Too ambigious to allocate">Knot</enamex>, two great mountains, rise above the rest.</s> <s id="s137">from thence the fells visibly sink&amp; soften along its sides, sometimes they run into it( but with a gentle declivity) in their own dark&amp; natural complexion, oftener they are green&amp; cultivated with farms interspersed&amp; round eminences on the border covered with trees: towards the South it seemed to break into larger bays with several islands&amp; a wider extent of cultivation.</s> <s id="s138">the way rises continually till at a place called <enamex sw="w25466" long="-2.900940338253088" lat="54.3874775940458" type="mtn" gazref="unlock:11237161" name="Orrest Head" conf="2.4">Orrest Head</enamex> it turns to s: E: losing sight of the water.</s></p>
<p><s id="s139">Passed by <enamex sw="w25532" long="-2.854557397269375" lat="54.37882630566219" type="ppl" gazref="unlock:11182618" name="Ings" conf="2.6">Ings</enamex> <enamex sw="w25537" long="0.7561069790152002" lat="51.92228719321466" type="ppl" gazref="unlock:11103774" name="Chappel" conf="1.255006552">Chappel</enamex>,&amp; <enamex sw="w25549" long="-2.816860511551495" lat="54.37625536139553" type="ppl" gazref="unlock:23732" name="Staveley" conf="2.6">Staveley</enamex>, but I can say no farther, for the dusk of evening coming on I entered <enamex sw="w25630" long="-2.74151656837981" lat="54.32658914641318" type="ppl" gazref="unlock:10749" name="Kendal" conf="3.093870132">Kendal</enamex> almost in the dark,&amp; could distinguish only a shadow of <enamex sw="w25694" long="-2.890464102233929" lat="53.18298073394839" type="fac" gazref="unlock:11101187" name="Castle, The" conf="1.045029877">the Castle</enamex> on a hill,&amp; tenter-grounds spread far&amp; wide round the <enamex sw="w25761" long="-0.2050741913149671" lat="51.52718949103711" type="ppl" gazref="unlock:11185214" name="Kensal Town" conf="1.572291846">Town</enamex>, which I mistook for houses.</s> <s id="s140">My inn promised sadly having two wooden galleries( like <enamex  sw="w25851" name="Large admin unit">Scotland</enamex>) in front of it.</s> <s id="s141">It was indeed an old ill-contrived house, but kept by civil sensible people, so I stayed two nights with them&amp; fared&amp; slept very comfortably.</s></p>
<p><s id="s142">Oct: 9.</s> <s id="s143">Wind N: W: clouds&amp; sun.</s> <s id="s144">air mild as summer.</s> <s id="s145">all corn off the ground, sky-larks singing aloud( by the way I saw not one at <enamex sw="w26152" long="-3.137880601359804" lat="54.60120234465001" type="ppl" gazref="unlock:11185565" name="Keswick" conf="2.6">Keswick</enamex>, perhaps because the place abounds in birds of prey).</s> <s id="s146">went up <enamex sw="w26223" long="-0.9988" lat="54.01745" type="other" gazref="unlock:5825935" name="Stockton on the Forest Castle Hill" conf="0.8694157908">the Castle Hill</enamex>. the <enamex sw="w26245" long="-0.2050741913149671" lat="51.52718949103711" type="ppl" gazref="unlock:11185214" name="Kensal Town" conf="1.572291846">Town</enamex> consists chiefly of three nearly parallel streets almost a mile long.</s> <s id="s147">except these all the other houses seem as if they had been dancing a country-dance&amp; were out: there they stand back to back, corner to corner, some up hill, some down without intent or meaning.</s> <s id="s148">along by their side runs a fine brisk stream, over which are 3 stone-bridges.</s> <s id="s149">the buildings( a few comfortable houses excepted) are mean, of stone&amp; covered with a bad rough-cast.</s> <s id="s150">near the end of the <enamex sw="w26716" long="-0.2050741913149671" lat="51.52718949103711" type="ppl" gazref="unlock:11185214" name="Kensal Town" conf="1.572291846">Town</enamex> stands a handsome house of Col: Wilson's,&amp; adjoining it the Church, a very large Gothick fabrick with a square Tower.</s> <s id="s151">it has no particular ornaments but double isles,&amp; at the east-end 4 chappels, or choirs.</s> <s id="s152">one of the Pars, another of the <enamex sw="w26965" long="-75.3396279" lat="41.1034234" type="other" gazref="unlock:7954812" name="Stricklands Wissasset Golf Course" conf="0.6299787019">Stricklands</enamex>, the 3rd is the proper choir of the church,&amp; the 4th of the Bellingcams, a family now extinct.</s></p>
<p><s id="s153">There is an alter-tomb of one of them dated 1577 with a flat brass, arms&amp; quarterings.</s> <s id="s154">&amp; in the window their arms alone, <enamex sw="w27197" long="-90.9245639" lat="36.1253468" type="other" gazref="unlock:6884878" name="Walnut Ridge Regional Airport" conf="0.5219561776">Arg</enamex>: a hunting-horn, sab: strung <enamex sw="w27230" long="42.2" lat="41.05" type="other" gazref="unlock:2644781" name="Güleş" conf="0">Gules</enamex>.</s> <s id="s155">in the <enamex sw="w27244" long="-2.68333" lat="54.6" type="other" gazref="unlock:4572400" name="Great Strickland" conf="2">Strickland</enamex>'s chappel several modern monuments,&amp; another old altar-tomb, not belonging to the family: on the side of it, a Fess dancetty between 10 Billets( Deincourt?) in the Parr - chappel is a third altar-tomb in the corner, no fig: or inscription, but on the side cut in stone an escutcheon of <enamex sw="w27541" long="-0.04423659774372453" lat="53.75576685701636" type="ppl" gazref="unlock:43741" name="Roos" conf="1.379460911">Roos</enamex> of <enamex sw="w27549" long="-2.74151656837981" lat="54.32658914641318" type="ppl" gazref="unlock:10749" name="Kendal" conf="3.093870132">Kendal</enamex>( 3 Water Budgets) quartering Parr( 2 bars in bordure engrailed).</s> <s id="s156">secondly an eschutcheon, <enamex sw="w27646" long="-72.182373277" lat="47.300055667" type="other" gazref="unlock:5283574" name="Lac Vairé" conf="0.4055396139">Vaire</enamex>, a Fess( for <enamex  sw="w27665" name="Not a placename">Marmion</enamex>).</s> <s id="s157">thirdly. an escutcheon.</s> <s id="s158">three Chevronels braced&amp; a Chief( which I take for <enamex sw="w27752" long="-76.5724678" lat="39.4642732" type="other" gazref="unlock:7104686" name="Fitzhugh Run" conf="0.6761469386">Fitzhugh</enamex>) at the foot is an escutcheon surrounded with the Garter, bearing <enamex sw="w27827" long="-0.04423659774372453" lat="53.75576685701636" type="ppl" gazref="unlock:43741" name="Roos" conf="1.379460911">Roos</enamex>&amp; Parr quarterly, quartering the other two beforementioned.</s> <s id="s159">I have no books to look in, therefore can not say, whether this is the Lord Parr of Kendal( Queen Catharine' s Father) or her Brother, the Marquis of Northampton. it is a Cenotaph for the latter, who was buried at <enamex sw="w28108" long="-1.582140134589936" lat="52.28650722319568" type="ppl" gazref="unlock:11313882" name="Warwick" conf="1.742086425">Warwick</enamex> in 1571.</s></p>
<p><s id="s160">The remains of <enamex sw="w28140" long="-2.890464102233929" lat="53.18298073394839" type="fac" gazref="unlock:11101187" name="Castle, The" conf="1.045029877">the Castle</enamex> are seated on a fine hill on the side of the river opposite to the <enamex sw="w28218" long="-0.2050741913149671" lat="51.52718949103711" type="ppl" gazref="unlock:11185214" name="Kensal Town" conf="1.572291846">Town</enamex>.</s> <s id="s161">almost the whole enclosure of walls remains with 4 towers, 2 square&amp; 2 or 3 round, but their upper part&amp; embattlements are demolished.</s> <s id="s162">it is of rough stone&amp; cement, without any ornament or arms, round enclosing a court of like form&amp; surrounded by a mote, nor ever could have been larger than it is, for there are no traces of outworks.</s> <s id="s163">there is a good view of the town&amp; river with a fertile open valley, thro which it winds.</s></p>
<p><s id="s164">After dinner went along the <enamex sw="w28682" long="-2.7746" lat="54.2267" type="manual update" gazref="Norgate_ID_SD496815" name="Milnthorpe" conf="99992">Milthrop</enamex> - turnpike 4 m: to see the falls( or force) of the <enamex sw="w28741" long="-2.840631506280864" lat="54.45083129470693" type="water" gazref="unlock:11270576" name="River Kent" conf="2.4">River Kent</enamex>. came to <enamex sw="w28762" long="-2.7715" lat="54.284" type="manual update" gazref="Geoname_ID_6287029" name="Sizer Castle" conf="99992">Siserge</enamex>( pronounce <enamex sw="w28781" long="-2.7715" lat="54.284" type="manual_update"  gazref="Geoname_ID_6287029" name="Sizer Castle" conf="99991">Siser</enamex>)&amp; turned down a lane to the left: <enamex sw="w28822" long="-2.7715" lat="54.284" type="manual_update"  gazref="Geoname_ID_6287029" name="Sizer Castle" conf="99991">Siser</enamex>, the seat of the <enamex sw="w28846" long="-75.3396279" lat="41.1034234" type="other" gazref="unlock:7954812" name="Stricklands Wissasset Golf Course" conf="0.6299787019">Stricklands</enamex> an old Catholick family, is an an ancient <enamex sw="w28900" long="-0.1403" lat="51.7883" type="other" gazref="unlock:5829386" name="Down Hall Country House Hotel" conf="0.8487382945">Hall House</enamex>, with a very large tower embattled: the rest of the buildings added to this are of later date, but all is white&amp; seen to advantage on a back ground of old trees: there is a small park also well-wooded.</s> <s id="s165">opposite to this turned to the left&amp; soon came to the river. it works its way in a narrow&amp; deep rocky channel overhung with trees.</s> <s id="s166">the calmness&amp; brightness of the evening, the roar of the waters,&amp; the thumping of huge hammers ar an iron-forge not far distant make it a singular walk, but as to the falls( for there are two) they are not 4 feet high.</s> <s id="s167">I went on down to the forge&amp; saw the Daemons at work by the light of their own fires: the iron is brought in pigs to <enamex sw="w29588" long="-2.7746" lat="54.2267" type="manual update" gazref="Norgate_ID_SD496815" name="Milnthorpe" conf="99992">Milthrop</enamex> by sea from <enamex  sw="w29609" name="Large admin unit">Scotland</enamex>&amp; c.</s> <s id="s168">&amp; is here beat into bars&amp; plates.</s> <s id="s169">two miles farther at <enamex sw="w29678" long="-2.788353495453104" lat="54.27053820434658" type="ppl" gazref="unlock:28630" name="Levens" conf="2.6">Levens</enamex> is the seat of Lord Suffolk, where he sometimes passes the summer.</s> <s id="s170">it was a favourite place of his late Countess: but this I did not see.</s></p>
<p> <s id="s171">Oct: 10.</s> <s id="s172">went by <enamex sw="w29843" long="-0.5532341705220136" lat="53.25843959634453" type="ppl" gazref="unlock:11094187" name="Burton-by-Lincoln" conf="1.353566127">Burton</enamex> to <enamex sw="w29853" long="-2.801902525771824" lat="54.04660667916625" type="ppl" gazref="unlock:11190914" name="Lancaster" conf="3.00145392">Lancaster</enamex> Wind N: W: clouds&amp; sun.</s> <s id="s173">22m: very good country well enclosed&amp; wooded with some common interspersed.</s> <s id="s174">passed at the foot of <enamex sw="w29986" long="-2.6979" lat="54.218" type="manual update" gazref="unlock:11142149" name="Farleton Knot" conf="99992">Farlton</enamex> <enamex  sw="w29994" name="Too ambigious to allocate">Knot</enamex>, a high fell.</s> <s id="s175">4 m: N: of <enamex sw="w30025" long="-2.801902525771824" lat="54.04660667916625" type="ppl" gazref="unlock:11190914" name="Lancaster" conf="3.00145392">Lancaster</enamex> on a rising ground calld' <enamex sw="w30061" long="-2.430426782171715" lat="53.57208890145878" type="ppl" gazref="unlock:11082597" name="Bolton" conf="1.975270839">Bolton</enamex>( pron: <enamex sw="w30075" long="-118.1486787" lat="33.8347385" type="other" gazref="unlock:8070492" name="Bouton Lake" conf="0.6964550784">Bouton</enamex>) - Wait had a full view of Cartmell Sands with here and there a Passenger riding over them( it being low water) the points of <enamex sw="w30208" long="-3.205728845294711" lat="54.27695240936971" type="ppl" gazref="unlock:11089765" name="Broughton in Furness" conf="2.542303771">Furness</enamex> shooting far into the sea,&amp; lofty mountains partly covered with clouds extending North of them.</s> <s id="s176"><enamex sw="w30313" long="-2.801902525771824" lat="54.04660667916625" type="ppl" gazref="unlock:11190914" name="Lancaster" conf="3.00145392">Lancaster</enamex> also appeared very conspicuous&amp; fine, for its most distinguished features <enamex sw="w30398" long="-2.890464102233929" lat="53.18298073394839" type="fac" gazref="unlock:11101187" name="Castle, The" conf="1.045029877">the Castle</enamex>&amp; Church, mounted on a green eminence, were all, that could be seen.</s> <s id="s177">woe is me! when I got thither, it was the second day of their fair.</s> <s id="s178">the Inn( in the principal street was a great old gloomy house full of people, but I found tolerable quarters,&amp; even slept two nights in peace.</s></p>
<p><s id="s179">Ascended <enamex sw="w30701" long="-0.9988" lat="54.01745" type="other" gazref="unlock:5825935" name="Stockton on the Forest Castle Hill" conf="0.8694157908">the Castle Hill</enamex> in a fine afternoon.</s> <s id="s180">it takes up the higher top of the eminence on which it stands,&amp; is irregularly round, encompassed with a deep mote.</s> <s id="s181">in front towards the <enamex sw="w30876" long="-0.2050741913149671" lat="51.52718949103711" type="ppl" gazref="unlock:11185214" name="Kensal Town" conf="1.572291846">Town</enamex> is a magnificent Gothick <enamex sw="w30906" long="-118.4459128" lat="34.0477875" type="other" gazref="unlock:8148719" name="Westwood Gateway Heliport" conf="0.8002811903">Gateway</enamex>, lofty&amp; huge, the overhanging battlements are supported by a triple range of corbels, the intervals pierced through&amp; shewing the day from above.</s> <s id="s182">on its top rise light watchtowers of small height.</s> <s id="s183">it opens below with a grand pointed arch: over this is a wrought tabernacle, doubtless once containing the Founders figure, on one side a shield of <enamex  sw="w31260" name="Large admin unit">France</enamex> semy quartered with <enamex  sw="w31287" name="Large admin unit">England</enamex>, on the other the same with a label ermine for John of Gant D: of <enamex sw="w31363" long="-2.801902525771824" lat="54.04660667916625" type="ppl" gazref="unlock:11190914" name="Lancaster" conf="3.00145392">Lancaster</enamex>. this opens to a court within, which I did not much care to enter, being the <enamex sw="w31451" long="-1.074520716627059" lat="54.10864192757403" type="other" gazref="unlock:11149873" name="Gaol, The" conf="0.8606955423">County Gaol</enamex>&amp; full of Prisoners, both Criminals&amp; Debtors.</s> <s id="s184">from this gateway the walls continue&amp; join it to a vast square tower of great height, the lower part at least of remote antiquity, for it has small round-headed lights with plain short pillars on each side of them, there is a third tower also square&amp; of less dimensions.</s> <s id="s185">this is all the castle, near it&amp; but little lower stands the Church, a large&amp; plain Gothic fabrick, the high square Tower at the <enamex sw="w31914" long="-1.08333" lat="51.35" type="other" gazref="unlock:4566565" name="Mortimer West End" conf="0.7206225455">West End</enamex> has been rebuilt of late years, but nearly in the same style.</s> <s id="s186">there are no ornaments of arms,&amp; c: any where to be seen.</s> <s id="s187">within it is lightsome&amp; spacious, but not one monument of antiquity, or piece of painted glass is left.</s> <s id="s188">from the Church Yard there is an extensive sea-view( for now the tide had almost covered the sands,&amp; filled the river)&amp; besides greatest part of <enamex sw="w32297" long="-3.205728845294711" lat="54.27695240936971" type="ppl" gazref="unlock:11089765" name="Broughton in Furness" conf="2.542303771">Furness</enamex> I could distinguish <enamex sw="w32325" long="-4.692535773887674" lat="54.22593372544603" type="fac" gazref="unlock:11241717" name="Peel Castle" conf="0.77576258">Peel Castle</enamex> on the isle of Fowdrey, which lies off its southern extremity.</s> <s id="s189">the <enamex sw="w32405" long="-0.2050741913149671" lat="51.52718949103711" type="ppl" gazref="unlock:11185214" name="Kensal Town" conf="1.572291846">Town</enamex> is built on the slope&amp; at the feet of <enamex sw="w32449" long="-0.9988" lat="54.01745" type="other" gazref="unlock:5825935" name="Stockton on the Forest Castle Hill" conf="0.8694157908">the Castle Hill</enamex> more than twice the bigness of <enamex sw="w32496" long="6.66667" lat="59.06667" type="other" gazref="unlock:6472373" name="Aukland" conf="0.1870586644">Aukland</enamex> with many neat buildings of white stone, but a little disorderly in their position ad libitum like <enamex sw="w32603" long="-2.74151656837981" lat="54.32658914641318" type="ppl" gazref="unlock:10749" name="Kendal" conf="3.093870132">Kendal</enamex>. many also extend below on the keys by the river-side, where a number of ships were moored, some of them three - mast vessels decked out with their colours in honor of the Fair.</s> <s id="s190">here is a good bridge of 4 arches over the <enamex sw="w32830" long="-2.247678920260712" lat="54.58503734047778" type="water" gazref="unlock:8792056" name="Lune Head Beck" conf="2.4">Lune</enamex>, which runs( when the tide is out) in two streams divided by a bed of gravel, which is not covered but in spring-tides.</s> <s id="s191">below the town it widens to near the breadth of the <enamex sw="w33008" long="-0.2985421493649483" lat="51.43580055236816" type="civila" gazref="unlock:14121770" name="Richmond upon Thames" conf="1.692212825">Thames</enamex> at <enamex sw="w33018" long="-0.1193526387214661" lat="51.47267150878906" type="ppla" gazref="unlock:14132302" name="London" conf="2.685745215">London</enamex>,&amp; meets the sea at 5 or 6 m: distance to s: W:</s></p>
<p> <s id="s192">Oct: 11.</s> <s id="s193">Wind s: W: clouds&amp; sun.</s> <s id="s194">warm&amp; a fine dappled sky.</s> <s id="s195">crossed the river&amp; walked over a peninsula 3 miles to the village of Pooton which stands on the beach.</s> <s id="s196">an old Fisherman mending his nets( while I enquired about the danger of passing those sands) told me in his dialect a moving story, how a brother of the trade, a Cockler( as he styled him) driving a little cart with two daughters( women grown) in it,&amp; his Wife on horseback following, set out one day to pass the 7 mile sands, as they had frequently been used to do, for nobody in the village knew them better than the old Man did.</s> <s id="s197">when they were about haf way over, a thick fog rose,&amp; as they advanced, they found the water much deeper than they expected.</s> <s id="s198">the old man was puzzled, he stoped,&amp; said he would go a little way to find some mark he was acquainted with.</s> <s id="s199">they staid a little while for him, but in vain.</s> <s id="s200">they called aloud, but no reply.</s> <s id="s201">at last the young women pressed their mother to think, where they were,&amp; go on.</s> <s id="s202">she would not leave the place, she wandered about forlon&amp; amazed, she would not quit her horse,&amp; get into the cart with them.</s> <s id="s203">they determined after much time wasted to turn back,&amp; give themselves up to the guidance of their horses.</s> <s id="s204">the old Woman was soon washed off and perished.</s> <s id="s205">the poor Girls clung close to their cart,&amp; the horse sometimes wading&amp; sometimes swimming brought them back to land alive, but senseless with terror&amp; distress&amp; unable for many days to give an account of themselves.</s> <s id="s206">the bodies of their parents were found soon after; that of the Father a vert few paces distant from the spot, where he had left them.</s></p>
<p><s id="s207">In the afternoon wandered about the town&amp; by the key till it grew dark.</s> <s id="s208">a little rain fell.</s></p>
</text>
</document>