<?xml version="1.0" encoding="UTF-8"?><document>

<text id="1983_b"><p><s id="s1">Wednesday 18th June.</s> <s id="s2">Left Settle, rode to <enamex sw="w54" long="-2.467094341184497" lat="54.15623682155087" type="ppl" gazref="unlock:11182563" name="Ingleton" conf="2.486653414">Ingleton</enamex>.</s> <s id="s3">Ascend a long hill.</s> <s id="s4">Ridge of limestone rocks; a curious spring by the road which ebbs and flows... Proceeded to <enamex sw="w175" long="-2.59817" lat="54.20509" type="other" gazref="unlock:5825825" name="Kirby Lonsdale Cockpit Hill" conf="1.99957609">Kirby Lonsdale</enamex>.</s> <s id="s5">Stopt to see a curious bridge over the <enamex sw="w230" long="-2.672622913542797" lat="54.21368667875034" type="water" gazref="unlock:8788892" name="River Lune" conf="2.4">River Lune</enamex>.</s> <s id="s6">It is of great height and the underpart of the arches is ribbed.</s> <s id="s7">As I was examining the bridge two chimney sweepers who had sheltered themselves under it from the rain told me with grave faces that the Devil was the builder of it... proceeded to <enamex sw="w487" long="-2.78247" lat="54.22255" type="other" gazref="unlock:5826064" name="Dallam Tower" conf="2">Dallam Tower</enamex>, seat of Mr Wilson.</s> <s id="s8">Country becomes more wooded and fewer stone walls.</s> <s id="s9"><enamex sw="w571" long="-2.78247" lat="54.22255" type="other" gazref="unlock:5826064" name="Dallam Tower" conf="2">Dallam Tower</enamex> is situated near the village of <enamex sw="w616" long="-2.774704304134491" lat="54.22656024374862" type="ppl" gazref="unlock:11220135" name="Milnthorpe" conf="2.6">Milnthorpe</enamex>.</s> <s id="s10">It is backed by a beautiful grove of oak and other trees which cover a large hill above it.</s> <s id="s11">Behind it an immense tract of sand extends as far as <enamex sw="w773" long="-2.801902525771824" lat="54.04660667916625" type="ppl" gazref="unlock:11190914" name="Lancaster" conf="3.038759131">Lancaster</enamex> and the Spring tides come up the river close to the house.</s> <s id="s12">The county rich and fine.</s> <s id="s13">I have seen few places which have given me the idea of comfort on first sight, and I found these ideas completely realised.</s></p>
<p> <s id="s14">Friday 20th. ... Nothing interesting on the road to <enamex sw="w1044" long="-2.745809060481465" lat="54.32561646560368" type="ppl" gazref="unlock:11185036" name="Kendal" conf="3.067304526">Kendal</enamex>.</s> <s id="s15">A large town.</s> <s id="s16">Stop at the bridge and go up to the castle, built on a circular mount with a deep foss round it.</s> <s id="s17">The outward walls remain and some round towers... The country round <enamex sw="w1230" long="-2.745809060481465" lat="54.32561646560368" type="ppl" gazref="unlock:11185036" name="Kendal" conf="3.067304526">Kendal</enamex> is thinly wooded and is still deformed by stone walls.</s> <s id="s18">The church is a large Gothic building with two side isles containing nothing curious with respect to monuments... From <enamex sw="w1410" long="-2.745809060481465" lat="54.32561646560368" type="ppl" gazref="unlock:11185036" name="Kendal" conf="3.067304526">Kendal</enamex> to <enamex sw="w1420" long="-2.91859" lat="54.36331" type="manual update" gazref="ZZSH00061" name="Bowness" conf="99992">Bowness on Windermere Lake</enamex>, a fine valley, well cultivated, on the right.</s> <s id="s19">Leave it together with the main road and turn off to the left... descend to <enamex sw="w1569" long="-2.915738676011205" lat="54.36040070757029" type="ppl" gazref="unlock:11084353" name="Bowness-On-Windermere" conf="2.6">Bowness</enamex> having a fine view of the lake beneath.</s></p>
<p><s id="s20"><enamex sw="w1617" long="-2.915738676011205" lat="54.36040070757029" type="ppl" gazref="unlock:11084353" name="Bowness-On-Windermere" conf="2.6">Bowness</enamex> inn: White Lion, situated about the middle of the lake; one large parlor, one smaller and good bedrooms.</s> <s id="s21">In the evening took a boat and rowed round the large island, to the ferry, and from thence ascended to a summerhouse built on an eminence and commanding a very advantageous view of the lake on each side.</s></p>
<p> <s id="s22">Saturday 21st. ... West in his guide has pointed out a variety of stations from which the lake may be seen to advantage and marked them down in his map.</s> <s id="s23">They are also marked on Crossthwaite's maps.</s> <s id="s24">These may be[ of] use to the traveller who cannot devote much time to viewing the environs but the man of taste, who makes any residence on the spot, may find points of view equally fine by mounting the different hills in search of them.</s> <s id="s25">The view from the opposite ferry on the eminence where the summerhouse is built and another from a cleft rock on the left of the road leading to <enamex sw="w2517" long="-2.745809060481465" lat="54.32561646560368" type="ppl" gazref="unlock:11185036" name="Kendal" conf="3.067304526">Kendal</enamex> will give very good ideas of the extent of the lake.</s> <s id="s26">I would also recommend a ride on the east side of the lake for about three miles.</s> <s id="s27">Here the lake presents a fine sheet of water and the opposite banks are finely covered with copse wood, and the tranquillity of the scene uninterrupted by those staring white houses with which the eastern banks of the lake, and particularly the upper end of it are crowded... This lower part of the lake is much the tamest in point of mountains; those at the upper end have very grand features and fix a noble finish to this piece of water....</s></p>
<p><s id="s28">There are nine or ten islands in this center part of the lake, some very small only appearing like spots.</s> <s id="s29">They are most of them thickly covered with wood.</s> <s id="s30">I doubt whether they are an ornament to the lake or not, as they appear like spots and in some measure detract from the grandeur of the lake.</s> <s id="s31">The large island consists of near thirty acres.</s> <s id="s32">The first improver of this island was Mr English... it is not easy matter to form a plan for a house and dispose grounds conformable to the nature of the scenery around this island... The original house built by Mr English was exactly the form of a large tea canister, which we often see exposed at the outside of grocer's shop, the chimney's forming the mouth of it.</s> <s id="s33">[ sketch] Mr Curwen, the present proprietor added an Ionic portico to the front of this building facing <enamex sw="w3918" long="-2.915738676011205" lat="54.36040070757029" type="ppl" gazref="unlock:11084353" name="Bowness-On-Windermere" conf="2.6">Bowness</enamex>.</s> <s id="s34">He also planted the island so thickly that its form cannot be seen; I wish it had been done with taste, but weeping willows, Lombardy poplars, trim flower beds etc, etc but ill accord with the fine rude scenery of <enamex sw="w4141" long="-2.93438" lat="54.37296" type="manual_update"  gazref="Norgate_ID_SD402977" name="Winderemere (Lake)" conf="99991">Windermere Lake</enamex>.</s></p>
<p><s id="s35">Dined at <enamex sw="w4167" long="-2.931737280270144" lat="54.38724387708846" type="fac" gazref="unlock:11096668" name="Calgarth Hall" conf="2.2">Calgarth</enamex> where the Bishop of LLandaff( Watson) had built a comfortable house and made considerable improvements in planting, agriculture etc Near his house on a little eminence where there are some fine sycamore trees there is a good view of the lake....</s></p>
<p><s id="s36">To a person wishing to explore the views of the lake i should certainly prefer <enamex sw="w4501" long="-2.915738676011205" lat="54.36040070757029" type="ppl" gazref="unlock:11084353" name="Bowness-On-Windermere" conf="2.6">Bowness</enamex> to any other situation though the house commands no prospect of the lake; nor are there any good walks on its banks.</s> <s id="s37">Lowood Inn is delightful in the last respect, being close to the borders of the lake but here it is so near its termination or rather beginning that its magnitude is not perceived; <enamex sw="w4807" long="-2.915738676011205" lat="54.36040070757029" type="ppl" gazref="unlock:11084353" name="Bowness-On-Windermere" conf="2.6">Bowness</enamex> presents a grand, <enamex sw="w4833" long="-2.739489667754369" lat="54.8289886673021" type="other" gazref="unlock:11207372" name="Low Lowood" conf="2">Lowood</enamex> a quiet scene.</s> <s id="s38">We found good accommodations at the Salutation Inn at <enamex sw="w4909" long="-2.96358681023542" lat="54.4319364520582" type="ppl" gazref="unlock:11061737" name="Ambleside" conf="2.6">Ambleside</enamex>.</s></p>
<p> <s id="s39">Sunday 22nd.</s> <s id="s40">June.</s> <s id="s41"><enamex sw="w4940" long="-2.96358681023542" lat="54.4319364520582" type="ppl" gazref="unlock:11061737" name="Ambleside" conf="2.6">Ambleside</enamex> is prettily situated in a valley surrounded by mountains about a mile distant from the lake.</s> <s id="s42">After breakfast we took a ride which for its extent( about ten miles) presented such a variety of natural beauties as I believe can scarcely be equalled in any ride of the same distance.</s> <s id="s43">From <enamex sw="w5235" long="-2.96358681023542" lat="54.4319364520582" type="ppl" gazref="unlock:11061737" name="Ambleside" conf="2.6">Ambleside</enamex> to <enamex sw="w5248" long="-0.8363495774968626" lat="53.87285290281951" type="fac" gazref="unlock:11275812" name="Rydale Fm" conf="1.035556586">Rydale</enamex>, cross the river, turn up a rough road to the right.</s> <s id="s44"><enamex sw="w5308" long="-2.999" lat="54.4472" type="manual update" gazref="Geoname_ID_7288050" name="Rydal Water" conf="99992">Rydale Water</enamex>, a pretty little lake on which there are two islands; on the right of it rises a lofty mountain from the summit of which our guide told us that he could see eight lakes.</s> <s id="s45">Descend to the border of the lake and ascend again.</s> <s id="s46">On the summit of the hill <enamex sw="w5569" long="-3.0216" lat="54.45" type="manual_update"  gazref="Geoname_ID_6956554" name="Grasmere Water" conf="99991">Grasmere Lake</enamex> breaks upon the sight in the most pleasing and unexpected way.</s> <s id="s47">A conical mountain on the left of the lake forms a fine feature.</s> <s id="s48">The village of <enamex sw="w5726" long="-3.020927713122514" lat="54.46105068867795" type="ppl" gazref="unlock:31171" name="Grasmere" conf="2.6">Grasmere</enamex> appears to advantage, surrounded by a fertile and well-cultivated vale.</s> <s id="s49">Beyond it is another fine valley leading to <enamex sw="w5851" long="-3.137880601359804" lat="54.60120234465001" type="ppl" gazref="unlock:11185565" name="Keswick" conf="2.6">Keswick</enamex>, terminated with a part of <enamex sw="w5886" long="-3.1487" lat="54.6521" type="manual update" gazref="Geoname_ID_2637715" name="Skiddaw" conf="99992">Skiddaw Mountain</enamex>... There is a pretty little green island chiefly pasture, with a small patch of trees and a cottage.</s> <s id="s50">Leaving the view of <enamex sw="w6023" long="-3.020927713122514" lat="54.46105068867795" type="ppl" gazref="unlock:31171" name="Grasmere" conf="2.6">Grasmere</enamex> behind a prospect of a very different sort presents itself: three lakes surrounded with woody hills and more distant mountains; <enamex sw="w6160" long="-3.0572" lat="54.4214" type="manual update" gazref="Norgate_ID_NY315034" name="Little Langdale" conf="99992">Langdale Chapel</enamex>, a picturesque little building; further on some large slate quarries; masses of fern very fine, as are the tints of the rocks-- a striking scene.</s> <s id="s51">A little above them see <enamex sw="w6347" long="-3.1185" lat="54.4576" type="manual update" gazref="unlock:11191353" name="Langdale Pikes" conf="99992">Langdale Pike</enamex>, two noble mountains of the most rugged form.</s> <s id="s52">The scenery there is particularly wild.</s> <s id="s53">This was the extent of my ride....</s></p>
<p><s id="s54">[ 1. <enamex sw="w6486" long="-2.93438" lat="54.37296" type="manual_update"  gazref="Norgate_ID_SD402977" name="Winderemere (Lake)" conf="99991">Windermere Lake</enamex> has pike, perch, trout and char; the trout rise best at the May fly; the fishing not very good. 2. <enamex sw="w6601" long="-0.8363495774968626" lat="53.87285290281951" type="fac" gazref="unlock:11275812" name="Rydale Fm" conf="1.035556586">Rydale</enamex> Water. Pike, perch and a few trout. 3. <enamex sw="w6647" long="-3.020927713122514" lat="54.46105068867795" type="ppl" gazref="unlock:31171" name="Grasmere" conf="2.6">Grasmere</enamex> Water. The same. 4. Elter Water. Small trout of good colour.].</s></p>
<p><s id="s55">In October when the fish spawn the char frequent the Brathy, the trout the <enamex sw="w6794" name="Rydale river">Rydale river</enamex>, and in the latter they are caught of the enormous weight of 20lb.</s> <s id="s56">The way of catching these large trout is this: they always come out of the lakes to spawn in the smaller rivers where they are easily seen, and a man takes his spear and kills him.</s> <s id="s57">It is often done by night with a candle or lantern.</s></p>
<p><s id="s58">Sunday evening.</s> <s id="s59">Drink tea at <enamex sw="w7136" long="-2.98" lat="54.4483" type="manual update" gazref="Norgate_ID_NY36550632" name="Rydal Hall" conf="99992">Rydale Hall</enamex> with Lady Diana <enamex  sw="w7164" name="Not a placename">Fleming</enamex>; nothing particular in the house, two good rooms and a charming view from the front windows.... A winding path through a grove of the only large oaks I have yet seen in <enamex  sw="w7340" name="Large admin unit">Westmoreland</enamex>.</s> <s id="s60">A rustic bridge over a rapid mountain torrent.</s> <s id="s61">Ascend the hill by a path cut through a natural copse wood.</s> <s id="s62">First station from which you view the upper cascade: it forms from this point of view two falls, through a narrow chasm amongst the rocks.</s> <s id="s63">The sides are finely wooded, all in the state of nature; the hand of art has here never been employed.... The path conducts him[ the traveller] to a rustic building, on opening the doors of which the most beautiful little picture imaginable bursts suddenly upon his sight.</s> <s id="s64">It is not the magnitude of this cascade but its character and accompaniments which render it so interesting and so deservedly admired.</s> <s id="s65">Figure to yourself a semi-circle, the sides of rock covered with a variety of mosses, ferns and other wild plants.</s> <s id="s66">In the center a fall of water dividing itself into two channels throws itself into a clear and transparent bason below, which forms the foreground of the picture.</s> <s id="s67">In the background and immediately above the cascade is a rustic stone bridge( Gothic) of one arch( over which the passengers and cattle passing occasionally add an additional good effect to the scenery), the whole overhung with a rich canopy of natural wood so thick as to admit very partially the rays of the light and sun....</s></p>
<p> <s id="s68">Monday 23 June.</s> <s id="s69">Very fine.</s> <s id="s70">After breakfast visited a waterfall at a short distance from <enamex sw="w8704" long="-2.96358681023542" lat="54.4319364520582" type="ppl" gazref="unlock:11061737" name="Ambleside" conf="2.6">Ambleside</enamex>.... Proceeded on my way to <enamex sw="w8740" long="-2.9316" lat="54.5337" type="manual update" gazref="Geoname_ID_2640567" name="Patterdale" conf="99992">Paterdale</enamex>[ four horses required to pull up a chaise, if laden, uphill...] a very long and tedious ascent, not a tree or bush to be seen for some miles after quitting the rich and beautiful environs of <enamex sw="w8941" long="-2.96358681023542" lat="54.4319364520582" type="ppl" gazref="unlock:11061737" name="Ambleside" conf="2.6">Ambleside</enamex>.</s> <s id="s71">As tedious a descent to <enamex sw="w8976" long="-53.957833671" lat="47.13600117" type="other" gazref="unlock:5146904" name="Broader Pond" conf="0.3213981249">Broader</enamex>[ Brother's] Water, a small lake, where cultivation again appears....[ The character of this morning's ride is wild mountain scenery. An immense flock of sheep attended by a numerous pack of dogs and herd of shepherds, who had just driven the mountains in order to collect the sheep to be washed and shorn, added to the effect of the pastoral scenery].</s></p>
<p><s id="s72">The addition of a parlour and two bedrooms has made the little inn at <enamex sw="w9407" long="-2.9316" lat="54.5337" type="manual update" gazref="Geoname_ID_2640567" name="Patterdale" conf="99992">Paterdale</enamex> very comfortable.</s></p>
<p><s id="s73">The first appearance of <enamex sw="w9459" long="-2.885404073107643" lat="54.57527677327518" type="water" gazref="unlock:8796991" name="Ullswater" conf="2.4">Ullswater</enamex> has nothing in the least striking when seen from this point of view.</s> <s id="s74">In the evening we took a boat on the lake and rowed with fishing rods towards the middle of it, to a rocky island.</s> <s id="s75">There on looking back we were most agreeably surprised, or rather astonished at the beauty of the scenery behind us.</s> <s id="s76">The rocky island before us as a foreground, the fine woods of oak on the right added to the noble range of mountains in the center amongst which the <enamex sw="w9919" long="-3.01892" lat="54.57614" type="other" gazref="unlock:4572512" name="Great Dod" conf="2">Dod</enamex> is the most prominent feature, form a tout ensemble in point of grandeur and beauty which I have rarely seen.</s></p>
<p> <s id="s77">Tuesday 24 June.</s> <s id="s78">Our guide conducted us to Hays[ <enamex sw="w10084" long="-2.24592050514348" lat="54.3112524877521" type="civil" gazref="unlock:13304626" name="Hawes and High Abbotside Ward" conf="2.289657251">Hawes</enamex>] Water.</s> <s id="s79">Follow the great road to <enamex sw="w10124" long="-2.96358681023542" lat="54.4319364520582" type="ppl" gazref="unlock:11061737" name="Ambleside" conf="2.6">Ambleside</enamex>, turn off to the left.... In the evening I surveyed the environs of <enamex sw="w10201" long="-2.9316" lat="54.5337" type="manual update" gazref="Geoname_ID_2640567" name="Patterdale" conf="99992">Paterdale</enamex>.</s> <s id="s80">No spot can be more sequestered.</s> <s id="s81">The ground and fields around this small, scattered and retired village, are beautifully varied with many picturesque patches of wood and rock....</s></p>
<p> <s id="s82">Wednesday 25th.</s> <s id="s83">A hard rainfall in the night which prevented my pursuing my route to <enamex sw="w10477" long="-2.749628438755928" lat="54.66475192978902" type="ppl" gazref="unlock:11038" name="Penrith" conf="2.6">Penrith</enamex> on horseback.</s> <s id="s84">We were obliged to send for posthorses from <enamex sw="w10543" long="-2.749628438755928" lat="54.66475192978902" type="ppl" gazref="unlock:11038" name="Penrith" conf="2.6">Penrith</enamex>.</s> <s id="s85">The carriage road leads on the N. West side of the lake which is of a very irregular form.</s> <s id="s86">Pass through some beautiful woods where the masses of rock are happily intermixed..... At <enamex sw="w10732" long="-2.749628438755928" lat="54.66475192978902" type="ppl" gazref="unlock:11038" name="Penrith" conf="2.6">Penrith</enamex> we found ourselves in a largish town and handsome inn, and away from all wild and mountain scenery.</s> <s id="s87">As I mean to return to <enamex sw="w10863" long="-2.749628438755928" lat="54.66475192978902" type="ppl" gazref="unlock:11038" name="Penrith" conf="2.6">Penrith</enamex> I will say nothing about it at present.</s></p>
<p> <s id="s88">Thursday 26th.</s> <s id="s89">Day fine.</s> <s id="s90">Rode to <enamex sw="w10945" long="-3.137880601359804" lat="54.60120234465001" type="ppl" gazref="unlock:11185565" name="Keswick" conf="2.6">Keswick</enamex> 18 M. Large inclosures with stone walls and little wood.</s> <s id="s91">Cross a wild moor.</s> <s id="s92">Continual ascent and descent.</s> <s id="s93">On approaching <enamex sw="w11074" long="-3.137880601359804" lat="54.60120234465001" type="ppl" gazref="unlock:11185565" name="Keswick" conf="2.6">Keswick</enamex> is a fine range of mountains to the right and left, a chasm in them to the vale of <enamex sw="w11165" long="-1.683939854346278" lat="54.49795383225262" type="ppl" gazref="unlock:35385" name="Aldbrough St John" conf="1.421222624">St John</enamex> on the left.</s> <s id="s94">A perfect Druidical circle on an eminence in a field to the left of the roadside.</s></p>
<p> <s id="s95">Friday 27th June.</s> <s id="s96">very fine.</s> <s id="s97">Breakfasted at <enamex sw="w11313" long="-3.060646544049678" lat="54.54323368129527" type="civil" gazref="unlock:13403099" name="St. John's Castlerigg and Wythburn CP" conf="2.4">Wythburn</enamex>, a little public house 7 ½ miles from <enamex sw="w11359" long="-3.137880601359804" lat="54.60120234465001" type="ppl" gazref="unlock:11185565" name="Keswick" conf="2.6">Keswick</enamex> on the direct road to <enamex sw="w11389" long="-2.96358681023542" lat="54.4319364520582" type="ppl" gazref="unlock:11061737" name="Ambleside" conf="2.6">Ambleside</enamex>, and a short distance from <enamex sw="w11426" long="-3.0632" lat="54.5346" type="manual update" gazref="Norgate_ID_NY313160" name="Thirlmeer" conf="99992">Thirlmere Water</enamex>.</s> <s id="s98">After breakfast took a guide and ascended a steep mountain opposite the inn to a tarn called Harrap in which we had been informed, there were a great many large trout but on this( as well as on many prior occasions), we were deceived.... From this place we proceeded to another tarn in a westerly direction over a wild moor and steep ascent.</s> <s id="s99">This is called <enamex sw="w11799" long="-76.9874768" lat="40.092871" type="other" gazref="unlock:7921153" name="Blair Hill" conf="0.5561015321">Blair</enamex>[ Blea] tarn and is somewhat similar to Hayswater and I think nearly as large.</s> <s id="s100">The sides rather wet and spongy but here deep and good for fishing.</s> <s id="s101">The day was rather unfavorable to our sport, being too bright and insufficiently windy.</s> <s id="s102">I caught five trout here, about a half a pound each.</s> <s id="s103">Outside blackish, flesh white and not good.... From hence I directed my course back to <enamex sw="w12180" long="-3.058713394258698" lat="54.53486670386065" type="water" gazref="unlock:8796940" name="Thirlmere" conf="2.4">Thirlmere</enamex>.</s> <s id="s104">In my way found a tarn still smaller than Harrap....</s></p>
<p> <s id="s105">Sunday 29th June.</s> <s id="s106">Left <enamex sw="w12268" long="-3.137880601359804" lat="54.60120234465001" type="ppl" gazref="unlock:11185565" name="Keswick" conf="2.6">Keswick</enamex> on an excursion to <enamex sw="w12295" long="-3.275491839681807" lat="54.54589906722578" type="ppl" gazref="unlock:11094751" name="Buttermere" conf="2.6">Buttermere</enamex>.</s> <s id="s107">The road leads on the left banks of the lake through some flourishing young woods, formerly a part of the <enamex sw="w12413" long="-3.1588" lat="54.6018" type="other" gazref="unlock:5828527" name="Derwentwater Hotel" conf="2">Derwentwater</enamex> Estate, now belonging to Greenwich Hospital.</s> <s id="s108">Pass the house now inhabited by Mr Pocklington, less grotesque in its architecture than the other two built by him.</s> <s id="s109">Here there is a great cascade but far <enamex sw="w12625" long="0.9814867009569419" lat="52.32750924213998" type="civil" gazref="unlock:13419176" name="Rickinghall Inferior CP" conf="1.099580206">inferior</enamex> to <enamex sw="w12637" long="-3.13662933748405" lat="54.55627196668239" type="water" gazref="unlock:11204948" name="Lodore Falls" conf="2.4">Lodore</enamex>.</s> <s id="s110">As the beauty of the waterfall entirely depends on the quantity of water with which it is supplied and, as the season has late been very dry I saw it to great disadvantage.</s> <s id="s111">It falls in a deep chasm between two high towering rocks, well wooded, and when full must have fine effect.</s> <s id="s112">A range of high crags on the left and immense fragments which have fallen down and lay scattered in the most confused and picturesque manner.</s> <s id="s113">They are happily described by Gray in his Tour:" The whole way down, and the road on both sides is strewed with piles of fragments, strangely thrown across each other, and of a dreadful bulk etc.</s> <s id="s114">The place reminds me of those passes in the Alps where the guides tell you to move with speed and say nothing lest the agitation of the air should loosen the snows above and bring down a mass that would overwhelm a caravan".</s></p>
<p><s id="s115">At about 4 ½ miles from <enamex sw="w13512" long="-3.137880601359804" lat="54.60120234465001" type="ppl" gazref="unlock:11185565" name="Keswick" conf="2.6">Keswick</enamex> enter <enamex sw="w13526" long="-3.152840038750234" lat="54.52319628836889" type="civil" gazref="unlock:13403088" name="Borrowdale CP" conf="2.4">Borrowdale</enamex> where the little village of Grange with its bridge etc have a very picturesque appearance.</s> <s id="s116">Pass under <enamex sw="w13639" long="-3.090245821198284" lat="54.55669882687418" type="fac" gazref="unlock:11100762" name="Castle Crag (Fort)" conf="2.2">Castle Crag</enamex>, a boldly towering rock rising in the center of the valley, once its proud guardian[ On this formerly stood a castle... completely demolished by slate works which have undermined it].</s> <s id="s117"><enamex sw="w13834" long="-3.151583904821857" lat="54.53815357559134" type="other" gazref="unlock:11084123" name="Bowder Stone" conf="2">Bowder Stone</enamex>, an immense fragment of rock which has fallen from the mountain into the plain close to the roadside, and is balanced on its side in a very curious and picturesque manner.... Ascend by the village of <enamex sw="w14046" long="-0.2298041824471284" lat="53.90343082324122" type="ppl" gazref="unlock:10254" name="Seaton" conf="1.323784257">Seaton</enamex> on the right.</s> <s id="s118">Bad, rough and steep road.</s> <s id="s119">Descent equally bad under a lofty crag called Honister on which slate quarries are worked.</s> <s id="s120">Frightful to behold from the great height and dangerous situation.</s> <s id="s121">I was told that this quarry was the first worked in <enamex  sw="w14304" name="Large admin unit">England</enamex>.</s> <s id="s122">There are others on the opposite hill.</s> <s id="s123">Immense fragments of rock lye scattered on the plain beneath.</s> <s id="s124">Follow the banks of a clear mountain torrent to the Lake of <enamex sw="w14474" long="-3.275491839681807" lat="54.54589906722578" type="ppl" gazref="unlock:11094751" name="Buttermere" conf="2.6">Buttermere</enamex>.</s> <s id="s125">In a cleft of rock on the opposite side of the lake my guide showed me the place where the Golden Eagle used to build their nests, but they have also disappeared.</s> <s id="s126">[ The damage done by the eagles was calculated at a lamb a day at least, besides their other food; no wonder they were destroyed....]</s></p>
<p><s id="s127">We found at <enamex sw="w14794" long="-3.275491839681807" lat="54.54589906722578" type="ppl" gazref="unlock:11094751" name="Buttermere" conf="2.6">Buttermere</enamex> a small inn; what was wanting in show was amply made up to us in the cleanliness and civility of the landlords.</s> <s id="s128">This little inn is kept by two old people who have now one only daughter left, their sons having followed the sea service and there lost their lives.</s> <s id="s129">Tourists have proclaimed aloud the beauty and form of the Fair Maid of <enamex sw="w15138" long="-3.275491839681807" lat="54.54589906722578" type="ppl" gazref="unlock:11094751" name="Buttermere" conf="2.6">Buttermere</enamex>, and with justice, for such a form, and such a face, and such a head of hair are rarely to be found even in more cultivated and civilised spots.</s> <s id="s130">Her face is truly Graecian, her hair of a fine dark brown, of an extraordinary length done up with great taste.</s> <s id="s131">She reminded me of a fine Italian beauty, both as to the form of her features and the method of dressing her hair.</s> <s id="s132">This little inn furnishes one double-bedded, and one single room, and one small parlor.</s> <s id="s133">They have no wine.</s> <s id="s134">We could procure no straw to litter our horses with.</s> <s id="s135">Notwithstanding these inconveniences we spent the night here; other wise we should not have had sufficient time to view the various beauties of this sequestered spot.</s></p>
<p><s id="s136">The village of <enamex sw="w15863" long="-3.275491839681807" lat="54.54589906722578" type="ppl" gazref="unlock:11094751" name="Buttermere" conf="2.6">Buttermere</enamex> is situated exactly between the lake of the same name and that of <enamex sw="w15940" long="-3.311272209554237" lat="54.6112546098605" type="civil" gazref="unlock:13477459" name="Crummock Ward" conf="2.4">Crummock</enamex>.</s> <s id="s137">It does not consist of twenty families; a little vale, well wooded and watered, surrounded by lofty mountains.</s> <s id="s138">All seems here peaceful and tranquil but even here the grotesque forms of architecture have been exercised in a whimsical house lately built at the upper end of <enamex sw="w16222" long="-3.2595" lat="54.5281" type="manual update" gazref="unlock:11094752" name="Buttermere" conf="99992">Buttermere Lake</enamex> by an attorney from <enamex sw="w16258" long="-3.356649935752379" lat="54.66186838800157" type="ppl" gazref="unlock:11111547" name="Cockermouth" conf="2.6">Cockermouth</enamex>, but it is fortunately so placed as not to offend the eye in the general view of the lake and country.</s></p>
<p><s id="s139">In the evening we walked about two miles over stoney and wet moor to see a cascade situated under the lofty Mountain Mellbreak on the left side of <enamex sw="w16520" long="-3.3" lat="54.55" type="manual update" gazref="unlock:4576184" name="Crummock Water" conf="99992">Crumock</enamex> Lake.... It is far <enamex sw="w16546" long="-4.99258216412324" lat="54.99219438715534" type="water" gazref="unlock:8788263" name="Lake Superior" conf="0.9508170191">superior</enamex> to any others that I have yet seen, and one of those pleasing objects which, like <enamex sw="w16637" long="-2.129922807555532" lat="54.07617568896899" type="water" gazref="unlock:11156476" name="Gordale Beck" conf="1.189393138">Gordale</enamex> <enamex sw="w16645" long="-2.053812050986411" lat="54.31892107938371" type="ppl" gazref="unlock:11226948" name="Nappa Scar" conf="1.440565796">Scar</enamex>, take the traveller by surprize and wrap him up in wonder and admiration.... It is however difficult of access; the easiest mode is certainly by a boat from the lower end of <enamex sw="w16823" long="-3.311272209554237" lat="54.6112546098605" type="civil" gazref="unlock:13477459" name="Crummock Ward" conf="2.4">Crummock</enamex> Lake.... About half a mile from <enamex sw="w16863" long="-3.275491839681807" lat="54.54589906722578" type="ppl" gazref="unlock:11094751" name="Buttermere" conf="2.6">Buttermere</enamex> on the left of the road to Crummock on a rocky knoll covered with copse wood is a very advantageous station for viewing the two lakes and their surrounding mountains.... <enamex sw="w17043" long="-3.290097556376177" lat="54.51877820351508" type="mtn" gazref="unlock:11172424" name="High Stile" conf="2.4">High Stile</enamex>, <enamex sw="w17055" long="-3.288965790172139" lat="54.48283546175173" type="mtn" gazref="unlock:11253797" name="Red Pike" conf="2.4">Red Pike</enamex> and Melbreak on one side with <enamex sw="w17094" long="-3.020927713122514" lat="54.46105068867795" type="ppl" gazref="unlock:31171" name="Grasmere" conf="2.6">Grasmere</enamex> on the other produce as fine an amphitheatre of mountains as any in <enamex  sw="w17171" name="Large admin unit">Cumberland</enamex> and together with the general fine tranquillity and solitude of this little vale, the want of numerous habitations with which many of the other lakes are crowded, so render these lakes as interesting as anything I have yet seen.</s></p>
<p> <s id="s140">Monday 30th June.</s> <s id="s141">Left <enamex sw="w17435" long="-3.275491839681807" lat="54.54589906722578" type="ppl" gazref="unlock:11094751" name="Buttermere" conf="2.6">Buttermere</enamex> and proceeded on the right bank of <enamex sw="w17481" long="-3.311272209554237" lat="54.6112546098605" type="civil" gazref="unlock:13477459" name="Crummock Ward" conf="2.4">Crummock</enamex> Lake.</s> <s id="s142">This lake is about four miles long.</s> <s id="s143">The mountains around it are more barren than about <enamex sw="w17583" long="-3.275491839681807" lat="54.54589906722578" type="ppl" gazref="unlock:11094751" name="Buttermere" conf="2.6">Buttermere</enamex>.... I again crossed the Cocker and entered the beautiful Vale of <enamex sw="w17658" long="-3.304525443741675" lat="54.62013154745584" type="ppl" gazref="unlock:15472" name="Lorton" conf="2.6">Lorton</enamex>.</s> <s id="s144">What a sudden change of scenery! Adieu to crags, torrents, lakes and precipices.</s> <s id="s145">An extensive well-wooded and cultivated valley watered by[ the] R. Crocker with several neat farmhouses happily interspersed, now presents itself.... Pass through the Vale of Embledon which after that of <enamex sw="w17952" long="-3.304525443741675" lat="54.62013154745584" type="ppl" gazref="unlock:15472" name="Lorton" conf="2.6">Lorton</enamex> does not deserve notice.</s> <s id="s146">First view of <enamex sw="w17998" long="-3.2167" lat="54.65" type="manual update" gazref="Geoname_ID_2656187" name="Basenthwaite" conf="99992">Bassenthwaite Water</enamex> not striking, more so on descending to its shores.... As a sheet of water I have seen none equal to <enamex sw="w18117" long="-3.193601937631324" lat="54.67926476125776" type="ppl" gazref="unlock:15906" name="Bassenthwaite" conf="2.6">Bassenthwaite</enamex>-- being of a straighter form and less intersected with promontories etc.</s></p>
<p><s id="s147">[ As nearly as I could guess I think this morning's ride must have been about 14 miles, the whole road good. Very little wheat is grown in this country. Instead of barley they cultivate a grain called bigg; it differs from barley in having four rows of spikes instead of two. A fine sort of oat is also sown called the potatoe oat.... They also have a singular method of sowing their turnips in drills or ridges which are howed and earthed up like peas or potatoes....]</s></p>
<p><s id="s148">In the evening I had a most delicious ride back to <enamex sw="w18724" long="-3.137880601359804" lat="54.60120234465001" type="ppl" gazref="unlock:11185565" name="Keswick" conf="2.6">Keswick</enamex> on the western banks of the lake.</s> <s id="s149">On the opposite side you see lofty <enamex sw="w18801" long="-3.123888158550623" lat="54.65526311800171" type="rgn" gazref="unlock:11284755" name="Skiddaw Forest" conf="2.4">Skiddaw</enamex>, illumined with the western sun.</s> <s id="s150">The shores neatly cultivated and ornamented with several good houses etc.</s> <s id="s151">In short the whole presents a most pleasing scene of wild and cultivated nature.</s> <s id="s152">A valley of about 4 miles separates the lakes of <enamex sw="w19046" long="-3.193601937631324" lat="54.67926476125776" type="ppl" gazref="unlock:15906" name="Bassenthwaite" conf="2.6">Bassenthwaite</enamex> and <enamex sw="w19064" long="-3.137630072408776" lat="54.59221629737263" type="rgn" gazref="unlock:11128985" name="Derwent Isle" conf="2.4">Derwent</enamex> Water and in high floods they are completely united, leaving the higher grounds as islands....</s></p>
<p><s id="s153">It now remains for me to give some description of <enamex sw="w19217" long="-3.137880601359804" lat="54.60120234465001" type="ppl" gazref="unlock:11185565" name="Keswick" conf="2.6">Keswick</enamex> and its lake which takes the name <enamex sw="w19259" long="-3.1588" lat="54.6018" type="other" gazref="unlock:5828527" name="Derwentwater Hotel" conf="2">Derwentwater</enamex> from the unhappy family who formerly lived here and whose estates were forfeited to <enamex sw="w19356" long="-2.7725" lat="54.8089" type="other" gazref="unlock:5830453" name="The Crown Wetheral Hotel" conf="2">the Crown</enamex>.</s> <s id="s154">This water is of a rounder shape than <enamex sw="w19405" long="-2.9079" lat="54.376" type="manual_update"  gazref="unlock:10204" name="Windermere" conf="99991">Windermere</enamex> or <enamex sw="w19419" long="-2.885404073107643" lat="54.57527677327518" type="water" gazref="unlock:8796991" name="Ullswater" conf="2.4">Ullswater</enamex> and on that account gives you more the idea of a lake.</s> <s id="s155">It is of such a size that you can command it all with the eye.</s> <s id="s156">Its length is about 3 ½ miles; its banks are more equally beautiful and varied than any I have yet seen.</s> <s id="s157">In <enamex sw="w19654" long="-2.9079" lat="54.376" type="manual_update"  gazref="unlock:10204" name="Windermere" conf="99991">Windermere</enamex>, <enamex sw="w19666" long="-2.885404073107643" lat="54.57527677327518" type="water" gazref="unlock:8796991" name="Ullswater" conf="2.4">Ullswater</enamex>, <enamex sw="w19677" long="-3.193601937631324" lat="54.67926476125776" type="ppl" gazref="unlock:15906" name="Bassenthwaite" conf="2.6">Bassenthwaite</enamex> and Crummock the lower ends of their lakes fall off much in point of beauty; the mountains sink, the views become tame when compared with those that the upper ends present.</s> <s id="s158">But <enamex sw="w19868" long="-3.1588" lat="54.6018" type="other" gazref="unlock:5828527" name="Derwentwater Hotel" conf="2">Derwentwater</enamex> being backed by the noble mountains, <enamex sw="w19918" long="-3.123888158550623" lat="54.65526311800171" type="rgn" gazref="unlock:11284755" name="Skiddaw Forest" conf="2.4">Skiddaw</enamex> and <enamex sw="w19930" long="-3.05017" lat="54.64151" type="other" gazref="unlock:4563283" name="Saddleback" conf="2">Saddleback</enamex>, has not this defect.</s> <s id="s159">A variety of good stations have been mentioned by Mr West in his Guide and by Mr Crossthwaite in his maps.</s> <s id="s160">Indeed they are so many and so varied that on following the windings of the lake you cannot go amiss.... There are several islands in this lake....[ A curious phenomenon makes its appearance at times in this lake: floating islands which without any apparent cause suddenly make their appearance and as suddenly depart. One of these islands measured 180 yard square....]</s></p>
<p><s id="s161">The appearance of this beautiful lake has been much hurt by the variety of uncouth buildings which Mr Pocklington has erected in different parts of it: no less than three houses, two of which are placed in the most conspicuous situations on high ground and being high themselves have still a worse effect.</s> <s id="s162">The one he now inhabits near Loudore being lower and backed with wood is less bad.</s> <s id="s163">There is a great contrast between these and the little retired villa of Lord William Gordon which is built on the ground with one storey only, in a sequestered bay and so much enveloped with wood that you can scarcely discern it.</s> <s id="s164">To him belong all the fine woods on this side of the lake.</s> <s id="s165">It commands a delicious view of the lake without itself being commanded.</s> <s id="s166">In <enamex sw="w21192" long="-3.137379681649069" lat="54.58323023593808" type="other" gazref="unlock:11276541" name="St Herbert's Island" conf="2">St Herberts</enamex> Island a rustic summerhouse has been built and a walk made round it, but the trees are here too think and too many firs.</s> <s id="s167">It is impossible to be tired with the beauties of this lake, and the environs of <enamex sw="w21406" long="-3.137880601359804" lat="54.60120234465001" type="ppl" gazref="unlock:11185565" name="Keswick" conf="2.6">Keswick</enamex> are chearful and afford a great variety of fine rides and walks.</s></p>
<p><s id="s168">In short <enamex sw="w21488" long="-3.137880601359804" lat="54.60120234465001" type="ppl" gazref="unlock:11185565" name="Keswick" conf="2.6">Keswick</enamex> is a place where every tourist to the lakes should fix his headquarters for some days.</s> <s id="s169">The inns are good; there are good horses, intelligent guides, safe boats, and the lake affords ample amusement to those who are fond of fishing in all its branches.</s> <s id="s170">In a wet day the museum kept by Crossthwaite and the guide <enamex  sw="w21807" name="Not a placename">Hutton</enamex> will fill up some of the traveller's time, where he will see collected good specimens of the different mineral and natural productions of this country besides other antiquities and rare curiosities.</s> <s id="s171">In short I know of no place where a few days or even weeks may be spent more pleasantly.</s></p>
<p> <s id="s172">Wednesday 2nd July.</s> <s id="s173">In the evening left <enamex sw="w22143" long="-3.137880601359804" lat="54.60120234465001" type="ppl" gazref="unlock:11185565" name="Keswick" conf="2.6">Keswick</enamex> and returned by the same road I came to <enamex sw="w22191" long="-2.749628438755928" lat="54.66475192978902" type="ppl" gazref="unlock:11038" name="Penrith" conf="2.6">Penrith</enamex>; there are many things at <enamex sw="w22225" long="-2.749628438755928" lat="54.66475192978902" type="ppl" gazref="unlock:11038" name="Penrith" conf="2.6">Penrith</enamex> and in the neighborhood to arrest the attention of the curious traveller, and the excellent accommodations he will meet with at Buchanan's House will make amends for the dullness of the town and its immediate environs.</s></p>
<p> <s id="s174">Thursday 3rd July.</s> <s id="s175">The first object of my curiosity was <enamex sw="w22509" long="-2.720724891391479" lat="54.64934460899606" type="fac" gazref="unlock:11089698" name="Brougham Castle" conf="2.2">Brougham castle</enamex>.... It is a large, massive ruin built generally with the red stone of the country, but some of the walls have been faced with one of a greyer tint.</s> <s id="s176">Its architecture bears the marks of its having been repaired at several different times-- of the strong fort and of the fortified mansion.</s></p>
<p><s id="s177">Return to Emont[ Eamont] Bridge by <enamex sw="w22849" long="-2.7191" lat="54.654" type="manual update" gazref="Norgate_ID_NY537290" name="Brougham Castle" conf="99992">Brougham Hall</enamex>, an old-fashioned house on an eminence commanding a fine view.</s> <s id="s178">A fine avenue of oak trees.</s> <s id="s179">On the left hand of this road, between the bridge and the village, are the remains of two ancient circles.</s> <s id="s180">A great part of the first has been destroyed by digging gravel; the rampart of this is very low.</s> <s id="s181">Nearer the village is another circular intrenchment, vulgarly called Arthur's <enamex sw="w23236" long="-2.177585627411565" lat="54.49856468880679" type="fac" gazref="unlock:11272480" name="Roper Castle or Round Table" conf="2.150932307">Round Table</enamex>.</s> <s id="s182">Here the ditch is deeper and the area or platform is raised higher.</s> <s id="s183">Instead of going back to <enamex sw="w23342" long="-2.749628438755928" lat="54.66475192978902" type="ppl" gazref="unlock:11038" name="Penrith" conf="2.6">Penrith</enamex> through the village turn off to the left, and at a short distance from the common on the right you will see a gentle eminence covered with wood.</s> <s id="s184">Here you find another antiquity much more curious then either of the other two circles.</s> <s id="s185">It goes by the name of Mayborough and is also a circle but much larger than either of the other two and different in its construction.</s> <s id="s186">The spot is naturally an eminence of a round form.</s> <s id="s187">The inside area has been enclosed apparently by an immense quantity of stones collected and heaped up, for there is no appearance of cement or mortar having been used.</s> <s id="s188">Besides, the stones from their circular and even appearance appear to have been brought there from the bed of the river.</s> <s id="s189">In the center stands a large block of unhewn stone.</s></p>
<p><s id="s190">To what purpose these circular areas were appropriated antiquaries have not been able to determine.</s> <s id="s191">They may probably be the works of the Romans as we know they had stations at old <enamex sw="w24291" long="-2.749628438755928" lat="54.66475192978902" type="ppl" gazref="unlock:11038" name="Penrith" conf="2.6">Penrith</enamex> and a supposed one at <enamex sw="w24321" long="-2.720724891391479" lat="54.64934460899606" type="fac" gazref="unlock:11089698" name="Brougham Castle" conf="2.2">Brougham Castle</enamex>; and these may have been used for their games.</s> <s id="s192">By the stones at Mayborough we might also be led to suppose that this monument belonged to the Druids, but I do not remember any instance of their circles having been fenced in.</s> <s id="s193">Perhaps it might have been used as a circus for chariot races and the stones were the metae or goals....</s></p>
<p> <s id="s194">Thursday 4th July.</s> <s id="s195">The objects of this morning's excursion were the Nunnery and Druidical circle at LIttle <enamex sw="w24775" long="-2.671950788521378" lat="54.71951030200982" type="ppl" gazref="unlock:26759" name="Little Salkeld" conf="2.6">Salkeld</enamex>.... The Nunnery is about two miles distant; it belongs to Mr Bamber who married the lady who was the owner of this place.</s> <s id="s196">Its beauty arises from the singularity of its grounds.</s> <s id="s197">The first walk called the Upper leads through a thick and natural wood to the banks of the <enamex sw="w25050" long="-2.77079420795517" lat="54.83778169573034" type="water" gazref="unlock:11270316" name="River Eden" conf="2.4">River Eden</enamex> which here has a rapid course over a rocky bed of stone.</s> <s id="s198">The rocks, fine birch trees, fern etc are quite in character with the river etc., etc.... The walks have been ingeniously turned along this narrow pass by numerous flights of steps, by excavating the rocks etc., etc.</s> <s id="s199">There are many fine masses of rock, the whole wooded and left judiciously in a state of nature.</s> <s id="s200">It derived its name probably from having been formerly the scite of a convent and surely no place was better adapted for solitude and retirement.</s> <s id="s201">[ On asking a young raw Irish gardener how long it had had the name of Nunnery he told me that nuns had been kept there in former times]....</s></p>
<p><s id="s202">I returned to <enamex sw="w25728" long="-2.690698999950506" lat="54.76558880363854" type="ppl" gazref="unlock:12083" name="Kirkoswald" conf="2.6">Kirkoswald</enamex>, refreshed my horses and proceeded to <enamex sw="w25777" long="-2.671950788521378" lat="54.71951030200982" type="ppl" gazref="unlock:26759" name="Little Salkeld" conf="2.6">Little Salkeld</enamex>.</s> <s id="s203">Here on a lofty eminence, commanding an extensive view, are the remains of a very large Druidicial circle, vulgarly called <enamex sw="w25916" long="-2.660043139036953" lat="54.7305813607955" type="fac" gazref="unlock:11205581" name="Long Meg and her Daughters" conf="2.2">Long Meg and her Daughters</enamex>.</s> <s id="s204">According to <enamex  sw="w25957" name="Not a placename">Hutchinson</enamex> its circumference forms a circle of 350 paces and the number of stones 67.</s> <s id="s205">On walking round once only I counted them-- 69.</s> <s id="s206">Many are quite flat.</s> <s id="s207">They are different sizes, all unhewn and in a state of nature.</s> <s id="s208">On taking the point of it with my compass I found Hutchinson incorrect in placing the single stone to the south, whereas it stands nearly west.</s> <s id="s209">Two other stones project also beyond the circle.</s> <s id="s210">I wonder it has so long remained unhurt as half of it is in a piece of cultivated corn land and intersected by a fence wall, the other half on a common.</s> <s id="s211">This is certainly is a very curious piece of antiquity and deserves notice.</s> <s id="s212">Its size appears to me more considerable than <enamex sw="w26644" long="-1.821145915939444" lat="51.18107520944684" type="fac" gazref="unlock:11293182" name="Stonehenge" conf="0.8857684109">Stonehenge</enamex>.</s> <s id="s213">It can be seen without inconvenience as a chaise can go up close to it....</s></p>
<p> <s id="s214">Saturday 5th July.</s> <s id="s215">This morning I rode to <enamex sw="w26774" long="-2.672303262975452" lat="54.53277861452185" type="ppl" gazref="unlock:11281528" name="Shap" conf="2.6">Shap</enamex>, 11 miles... to <enamex sw="w26794" long="-2.719930910627173" lat="54.6044092845645" type="ppl" gazref="unlock:11209204" name="Lowther" conf="2.6">Lowther</enamex>, the seat of Lord Lonsdale.</s> <s id="s216">Grounds laid out in the old-fashioned style, finely wooded.</s> <s id="s217">the old seat was burnt down; one small wing of red stone remains.</s> <s id="s218">Great preparations have been made of timber and other materials to rebuild it, but it is not yet begun.</s> <s id="s219">Lord Lonsdale has shown great public spirit in erecting extensive buildings for manufactories etc, etc.</s> <s id="s220">Has built a whole village on a neat and regular plan, but either for want of population, present encouragement or some other cause these new buildings are mostly uninhabited and bear a most melancholy appearance.</s> <s id="s221">The carpet manufactory has now only one hand employed in it.</s> <s id="s222">It deserves the notice of the traveller from the extreme beauty of the workmanship; the colors vye with the celebrated Gobelin tapestry.</s> <s id="s223">An immense number of those carpets remain packed up in boxes intended for the new house which the new owner will probably never build.</s> <s id="s224">They are all worked by hand and in one piece.</s> <s id="s225">One loom is supposed to be the largest in <enamex  sw="w27798" name="Large admin unit">England</enamex>....</s></p>
<p><s id="s226"><enamex sw="w27810" long="-2.672303262975452" lat="54.53277861452185" type="ppl" gazref="unlock:11281528" name="Shap" conf="2.6">Shap</enamex> is a long village of one street, houses dispersed intermixed with trees... on the left of the great road leading to <enamex sw="w27931" long="-2.73716" lat="54.32385" type="manual_update"  gazref="ZZSH00067" name="Kendal" conf="99991">Kendall</enamex> over the moors is a most curious and singular piece of antiquity.</s> <s id="s227">It consists of a long avenue of large stones, placed at different intervals and extending near two miles.</s> <s id="s228">One end seems to have terminated in this common, as the avenue closes with a row of stones placed in semi-circular form.</s> <s id="s229">This end stands nearly south and from thence the avenue takes a curve inclining to the west.</s> <s id="s230">The line of these stones may be traced to the village of Rasgill where I saw one of them.</s> <s id="s231">Many of those lying in corn and meadow lands have been blown up and removed.</s> <s id="s232">Enough however are left to ascertain the direction they took.</s> <s id="s233">The stone resembles red granite.</s> <s id="s234">They are all unhewn.</s> <s id="s235">I have not as yet heard any account given of this singular piece of antiquity.</s></p>
<p> <s id="s236">Sunday 6 July.</s> <s id="s237">After breakfast visted <enamex sw="w28726" long="-2.804508842654697" lat="54.18142154182505" type="water" gazref="unlock:11167631" name="Hawes Water" conf="2.4">Hawes Water</enamex>, distant six or seven miles from <enamex sw="w28771" long="-2.672303262975452" lat="54.53277861452185" type="ppl" gazref="unlock:11281528" name="Shap" conf="2.6">Shap</enamex>.... The upper part is shut in with bold and lofty mountains as is the case with the generality of lakes I have seen is by far the most picturesque part.</s> <s id="s238">This lake will well bear seeing after the others, although its beauties are less talked of because less known.</s> <s id="s239">The farmhouses are dispersed about in a very picturesque manner sheltered mostly with some fine trees around them.</s> <s id="s240">The two opposite banks of the lake are well contrasted: that on the left has a fine natural wood, that on the right patches of cultivation.</s> <s id="s241">A picturesque waterfall on the right.... Descended into another vale watered by the <enamex sw="w29377" long="-2.751058230788349" lat="54.61320824065079" type="water" gazref="unlock:11270671" name="River Lowther" conf="2.4">Lowther river</enamex>.</s> <s id="s242">Here was situated the Abbey of <enamex sw="w29423" long="-2.672303262975452" lat="54.53277861452185" type="ppl" gazref="unlock:11281528" name="Shap" conf="2.6">Shap</enamex>, the greatest part of which is gone to decay.</s> <s id="s243">One large square, high tower remains with the western window, tall Gothic.</s> <s id="s244">On the side of this tower are windows temp. Henry 8, and no part of it denotes high antiquity.</s> <s id="s245">This abbey is situated on the banks of the <enamex sw="w29688" long="-2.719930910627173" lat="54.6044092845645" type="ppl" gazref="unlock:11209204" name="Lowther" conf="2.6">Lowther</enamex> and from the ruins of its foundations must have been a considerable building....</s></p>
<p> <s id="s246">Monday 7th July.</s> <s id="s247">After breakfast rode to the foot of <enamex sw="w29831" long="-2.885404073107643" lat="54.57527677327518" type="water" gazref="unlock:8796991" name="Ullswater" conf="2.4">Ullswater</enamex>, to <enamex sw="w29845" long="-2.84052575158113" lat="54.63029066990679" type="ppl" gazref="unlock:38469" name="Dacre" conf="2.6">Dacre</enamex>, and back to <enamex sw="w29864" long="-2.749628438755928" lat="54.66475192978902" type="ppl" gazref="unlock:11038" name="Penrith" conf="2.6">Penrith</enamex>.</s> <s id="s248">passed by the old mansion house belonging to Lord Lonsdale called <enamex sw="w29939" long="-72.529532" lat="42.3920339" type="other" gazref="unlock:7693032" name="Stockbridge Hall" conf="0.6623838287">Stockbridge hall</enamex>, remains of a tower and a large bow window.... The castle at <enamex sw="w30016" long="-2.749628438755928" lat="54.66475192978902" type="ppl" gazref="unlock:11038" name="Penrith" conf="2.6">Penrith</enamex> stands on an eminence at a short distance from town.</s> <s id="s249">Is a square building of a stone as red as brick which gives it a very heavy appearance.</s> <s id="s250">Its architecture is equally heavy with its color and by no means an interesting ruin....</s></p>
<p><s id="s251">In the evening proceeded on my journey to <enamex sw="w30296" long="-2.487384668217222" lat="54.57860495430396" type="ppl" gazref="unlock:11062898" name="Appleby-in-Westmorland" conf="2.575274395">Appleby</enamex>; road good, country very dull.... The usual post-stage at <enamex sw="w30361" long="-2.526151869" lat="54.59294109" type="manual update" gazref="ZZSH00144" name="Crackenthorpe" conf="99992">Crackenthorp</enamex>, a single retired inn on the right of the road, two miles short of <enamex sw="w30441" long="-2.487384668217222" lat="54.57860495430396" type="ppl" gazref="unlock:11062898" name="Appleby-in-Westmorland" conf="2.575274395">Appleby</enamex> which, though the county town, does not furnish post horses.</s> <s id="s252">Having nothing to see at <enamex sw="w30535" long="-2.526151869" lat="54.59294109" type="manual update" gazref="ZZSH00144" name="Crackenthorpe" conf="99992">Crackenthorp</enamex> and much at <enamex sw="w30560" long="-2.487384668217222" lat="54.57860495430396" type="ppl" gazref="unlock:11062898" name="Appleby-in-Westmorland" conf="2.575274395">Appleby</enamex> I went there and found very good accommodations at the Kings Head Inn[ the innkeeper means to take out a licence for post horses] where Lord Lonsdale has lately added much to the house.</s> <s id="s253"><enamex sw="w30754" long="-2.487384668217222" lat="54.57860495430396" type="ppl" gazref="unlock:11062898" name="Appleby-in-Westmorland" conf="2.575274395">Appleby</enamex> has a singular and novel appearance: it consists chiefly of one long and wide street.</s> <s id="s254">The church at <enamex sw="w30862" long="0.2111083961682288" lat="52.37445689956457" type="other" gazref="unlock:11311121" name="Valley Bottom or The Pools" conf="0.594283502">the Bottom</enamex> closes the perspective and the castle at the summit.</s> <s id="s255">The ascent is rather steep.</s> <s id="s256">Near the top and also near the bottom are two stone columns.</s> <s id="s257">On the base of the former is the inscription:'' Retain your loyalty-preserve your rights.''</s> <s id="s258">The appearance of <enamex sw="w31125" long="-2.545503018232447" lat="51.14439493145336" type="ppl" gazref="unlock:42065" name="Street On The Fosse" conf="1.27770224">the street</enamex> is much injured by a wretched town hall and some dirty shambles erected in the middle of it.</s> <s id="s259">The castle presents a mixture of ancient and modern architecture; I could observe only one old round tower annexed to it.... Adjoining the inhabited part of the castle is an ancient square building with four low turrets at each end, vulgarly called Caesar's Tower.</s> <s id="s260">It is built on an eminence, partly surrounded by a deep foss.</s> <s id="s261">It bears the marks of great antiquity.... The church is a Gothic building and contains two monuments of the Clifford family.... In a wall opposite to the grammar school are preserved several Roman inscriptions found in the neighborhood, but amongst them are several of a modern date, the invention and handiwork of one Reginald Bambrigg, a quondam schoolmaster here.</s> <s id="s262"><enamex sw="w31920" long="-2.487384668217222" lat="54.57860495430396" type="ppl" gazref="unlock:11062898" name="Appleby-in-Westmorland" conf="2.575274395">Appleby</enamex> is supposed to have been a Roman station.</s> <s id="s263">the banks immediately round the <enamex sw="w32002" long="-2.77079420795517" lat="54.83778169573034" type="water" gazref="unlock:11270316" name="River Eden" conf="2.4">River Eden</enamex> are well wooded[ We drew a net in the river and caught several trout, all white but of a bright color outwardly. One of 7 lb. had been lately caught in this river].</s></p>
<p> <s id="s264">Tuesday 8 July In the evening rode to <enamex sw="w32217" long="-2.317311763232068" lat="54.52390316061246" type="ppl" gazref="unlock:36930" name="Brough" conf="2.6">Brough</enamex>.... Turned off on the right before I came to <enamex sw="w32268" long="-2.317311763232068" lat="54.52390316061246" type="ppl" gazref="unlock:36930" name="Brough" conf="2.6">Brough</enamex> to see the ruins of the castle.... Towards the west a square tower, apparently of higher antiquity than the other part of the building and very similar to that at <enamex sw="w32437" long="-2.487384668217222" lat="54.57860495430396" type="ppl" gazref="unlock:11062898" name="Appleby-in-Westmorland" conf="2.575274395">Appleby</enamex>.</s> <s id="s265">Some parts of it, particularly a window on the southern side bear the marks of <enamex  sw="w32525" name="Not a placename">Norman</enamex> architecture.</s> <s id="s266">There was formerly an inscription over the southern entrance('... repaired by Lady Ann Clifford... 1659').</s></p>
</text>
</document>